--
-- PostgreSQL database dump
--

-- Dumped from database version 16.9 (Ubuntu 16.9-1.pgdg24.04+1)
-- Dumped by pg_dump version 17.5 (Ubuntu 17.5-1.pgdg24.04+1)

SET statement_timeout = 0;
SET lock_timeout = 0;
SET idle_in_transaction_session_timeout = 0;
SET transaction_timeout = 0;
SET client_encoding = 'UTF8';
SET standard_conforming_strings = on;
SELECT pg_catalog.set_config('search_path', '', false);
SET check_function_bodies = false;
SET xmloption = content;
SET client_min_messages = warning;
SET row_security = off;

SET default_tablespace = '';

SET default_table_access_method = heap;

--
-- Name: application; Type: TABLE; Schema: public; Owner: postgres
--

CREATE TABLE public.application (
    id bigint NOT NULL,
    created_at timestamp with time zone NOT NULL,
    updated_at timestamp with time zone NOT NULL,
    application_type character varying(20) NOT NULL,
    products jsonb,
    checked_at timestamp with time zone,
    comment character varying(255),
    is_active boolean NOT NULL,
    is_checked boolean NOT NULL,
    checked_by_id integer,
    employee_id bigint NOT NULL,
    ntochka_id bigint,
    period_id bigint NOT NULL,
    tochka_id bigint,
    detail jsonb
);


ALTER TABLE public.application OWNER TO postgres;

--
-- Name: application_id_seq; Type: SEQUENCE; Schema: public; Owner: postgres
--

ALTER TABLE public.application ALTER COLUMN id ADD GENERATED BY DEFAULT AS IDENTITY (
    SEQUENCE NAME public.application_id_seq
    START WITH 1
    INCREMENT BY 1
    NO MINVALUE
    NO MAXVALUE
    CACHE 1
);


--
-- Name: application_ntochkas; Type: TABLE; Schema: public; Owner: postgres
--

CREATE TABLE public.application_ntochkas (
    id bigint NOT NULL,
    application_id bigint NOT NULL,
    ntochka_id bigint NOT NULL
);


ALTER TABLE public.application_ntochkas OWNER TO postgres;

--
-- Name: application_ntochkas_id_seq; Type: SEQUENCE; Schema: public; Owner: postgres
--

ALTER TABLE public.application_ntochkas ALTER COLUMN id ADD GENERATED BY DEFAULT AS IDENTITY (
    SEQUENCE NAME public.application_ntochkas_id_seq
    START WITH 1
    INCREMENT BY 1
    NO MINVALUE
    NO MAXVALUE
    CACHE 1
);


--
-- Name: application_tochkas; Type: TABLE; Schema: public; Owner: postgres
--

CREATE TABLE public.application_tochkas (
    id bigint NOT NULL,
    application_id bigint NOT NULL,
    tochka_id bigint NOT NULL
);


ALTER TABLE public.application_tochkas OWNER TO postgres;

--
-- Name: application_tochkas_id_seq; Type: SEQUENCE; Schema: public; Owner: postgres
--

ALTER TABLE public.application_tochkas ALTER COLUMN id ADD GENERATED BY DEFAULT AS IDENTITY (
    SEQUENCE NAME public.application_tochkas_id_seq
    START WITH 1
    INCREMENT BY 1
    NO MINVALUE
    NO MAXVALUE
    CACHE 1
);


--
-- Name: auth_group; Type: TABLE; Schema: public; Owner: postgres
--

CREATE TABLE public.auth_group (
    id integer NOT NULL,
    name character varying(150) NOT NULL
);


ALTER TABLE public.auth_group OWNER TO postgres;

--
-- Name: auth_group_id_seq; Type: SEQUENCE; Schema: public; Owner: postgres
--

ALTER TABLE public.auth_group ALTER COLUMN id ADD GENERATED BY DEFAULT AS IDENTITY (
    SEQUENCE NAME public.auth_group_id_seq
    START WITH 1
    INCREMENT BY 1
    NO MINVALUE
    NO MAXVALUE
    CACHE 1
);


--
-- Name: auth_group_permissions; Type: TABLE; Schema: public; Owner: postgres
--

CREATE TABLE public.auth_group_permissions (
    id bigint NOT NULL,
    group_id integer NOT NULL,
    permission_id integer NOT NULL
);


ALTER TABLE public.auth_group_permissions OWNER TO postgres;

--
-- Name: auth_group_permissions_id_seq; Type: SEQUENCE; Schema: public; Owner: postgres
--

ALTER TABLE public.auth_group_permissions ALTER COLUMN id ADD GENERATED BY DEFAULT AS IDENTITY (
    SEQUENCE NAME public.auth_group_permissions_id_seq
    START WITH 1
    INCREMENT BY 1
    NO MINVALUE
    NO MAXVALUE
    CACHE 1
);


--
-- Name: auth_permission; Type: TABLE; Schema: public; Owner: postgres
--

CREATE TABLE public.auth_permission (
    id integer NOT NULL,
    name character varying(255) NOT NULL,
    content_type_id integer NOT NULL,
    codename character varying(100) NOT NULL
);


ALTER TABLE public.auth_permission OWNER TO postgres;

--
-- Name: auth_permission_id_seq; Type: SEQUENCE; Schema: public; Owner: postgres
--

ALTER TABLE public.auth_permission ALTER COLUMN id ADD GENERATED BY DEFAULT AS IDENTITY (
    SEQUENCE NAME public.auth_permission_id_seq
    START WITH 1
    INCREMENT BY 1
    NO MINVALUE
    NO MAXVALUE
    CACHE 1
);


--
-- Name: auth_user; Type: TABLE; Schema: public; Owner: postgres
--

CREATE TABLE public.auth_user (
    id integer NOT NULL,
    password character varying(128) NOT NULL,
    last_login timestamp with time zone,
    is_superuser boolean NOT NULL,
    username character varying(150) NOT NULL,
    first_name character varying(150) NOT NULL,
    last_name character varying(150) NOT NULL,
    email character varying(254) NOT NULL,
    is_staff boolean NOT NULL,
    is_active boolean NOT NULL,
    date_joined timestamp with time zone NOT NULL
);


ALTER TABLE public.auth_user OWNER TO postgres;

--
-- Name: auth_user_groups; Type: TABLE; Schema: public; Owner: postgres
--

CREATE TABLE public.auth_user_groups (
    id bigint NOT NULL,
    user_id integer NOT NULL,
    group_id integer NOT NULL
);


ALTER TABLE public.auth_user_groups OWNER TO postgres;

--
-- Name: auth_user_groups_id_seq; Type: SEQUENCE; Schema: public; Owner: postgres
--

ALTER TABLE public.auth_user_groups ALTER COLUMN id ADD GENERATED BY DEFAULT AS IDENTITY (
    SEQUENCE NAME public.auth_user_groups_id_seq
    START WITH 1
    INCREMENT BY 1
    NO MINVALUE
    NO MAXVALUE
    CACHE 1
);


--
-- Name: auth_user_id_seq; Type: SEQUENCE; Schema: public; Owner: postgres
--

ALTER TABLE public.auth_user ALTER COLUMN id ADD GENERATED BY DEFAULT AS IDENTITY (
    SEQUENCE NAME public.auth_user_id_seq
    START WITH 1
    INCREMENT BY 1
    NO MINVALUE
    NO MAXVALUE
    CACHE 1
);


--
-- Name: auth_user_user_permissions; Type: TABLE; Schema: public; Owner: postgres
--

CREATE TABLE public.auth_user_user_permissions (
    id bigint NOT NULL,
    user_id integer NOT NULL,
    permission_id integer NOT NULL
);


ALTER TABLE public.auth_user_user_permissions OWNER TO postgres;

--
-- Name: auth_user_user_permissions_id_seq; Type: SEQUENCE; Schema: public; Owner: postgres
--

ALTER TABLE public.auth_user_user_permissions ALTER COLUMN id ADD GENERATED BY DEFAULT AS IDENTITY (
    SEQUENCE NAME public.auth_user_user_permissions_id_seq
    START WITH 1
    INCREMENT BY 1
    NO MINVALUE
    NO MAXVALUE
    CACHE 1
);


--
-- Name: birlik; Type: TABLE; Schema: public; Owner: postgres
--

CREATE TABLE public.birlik (
    id bigint NOT NULL,
    created_at timestamp with time zone NOT NULL,
    updated_at timestamp with time zone NOT NULL,
    name character varying(100) NOT NULL,
    code character varying(10) NOT NULL,
    miqdor double precision NOT NULL
);


ALTER TABLE public.birlik OWNER TO postgres;

--
-- Name: common_koboform; Type: TABLE; Schema: public; Owner: postgres
--

CREATE TABLE public.common_koboform (
    id bigint NOT NULL,
    form_id character varying(100) NOT NULL,
    name character varying(255) NOT NULL,
    api_token character varying(255) NOT NULL,
    is_active boolean NOT NULL
);


ALTER TABLE public.common_koboform OWNER TO postgres;

--
-- Name: common_koboform_id_seq; Type: SEQUENCE; Schema: public; Owner: postgres
--

ALTER TABLE public.common_koboform ALTER COLUMN id ADD GENERATED BY DEFAULT AS IDENTITY (
    SEQUENCE NAME public.common_koboform_id_seq
    START WITH 1
    INCREMENT BY 1
    NO MINVALUE
    NO MAXVALUE
    CACHE 1
);


--
-- Name: district; Type: TABLE; Schema: public; Owner: postgres
--

CREATE TABLE public.district (
    id bigint NOT NULL,
    created_at timestamp with time zone NOT NULL,
    updated_at timestamp with time zone NOT NULL,
    name character varying(100) NOT NULL,
    code character varying(10) NOT NULL,
    region_id bigint NOT NULL
);


ALTER TABLE public.district OWNER TO postgres;

--
-- Name: django_admin_log; Type: TABLE; Schema: public; Owner: postgres
--

CREATE TABLE public.django_admin_log (
    id integer NOT NULL,
    action_time timestamp with time zone NOT NULL,
    object_id text,
    object_repr character varying(200) NOT NULL,
    action_flag smallint NOT NULL,
    change_message text NOT NULL,
    content_type_id integer,
    user_id integer NOT NULL,
    CONSTRAINT django_admin_log_action_flag_check CHECK ((action_flag >= 0))
);


ALTER TABLE public.django_admin_log OWNER TO postgres;

--
-- Name: django_admin_log_id_seq; Type: SEQUENCE; Schema: public; Owner: postgres
--

ALTER TABLE public.django_admin_log ALTER COLUMN id ADD GENERATED BY DEFAULT AS IDENTITY (
    SEQUENCE NAME public.django_admin_log_id_seq
    START WITH 1
    INCREMENT BY 1
    NO MINVALUE
    NO MAXVALUE
    CACHE 1
);


--
-- Name: django_content_type; Type: TABLE; Schema: public; Owner: postgres
--

CREATE TABLE public.django_content_type (
    id integer NOT NULL,
    app_label character varying(100) NOT NULL,
    model character varying(100) NOT NULL
);


ALTER TABLE public.django_content_type OWNER TO postgres;

--
-- Name: django_content_type_id_seq; Type: SEQUENCE; Schema: public; Owner: postgres
--

ALTER TABLE public.django_content_type ALTER COLUMN id ADD GENERATED BY DEFAULT AS IDENTITY (
    SEQUENCE NAME public.django_content_type_id_seq
    START WITH 1
    INCREMENT BY 1
    NO MINVALUE
    NO MAXVALUE
    CACHE 1
);


--
-- Name: django_migrations; Type: TABLE; Schema: public; Owner: postgres
--

CREATE TABLE public.django_migrations (
    id bigint NOT NULL,
    app character varying(255) NOT NULL,
    name character varying(255) NOT NULL,
    applied timestamp with time zone NOT NULL
);


ALTER TABLE public.django_migrations OWNER TO postgres;

--
-- Name: django_migrations_id_seq; Type: SEQUENCE; Schema: public; Owner: postgres
--

ALTER TABLE public.django_migrations ALTER COLUMN id ADD GENERATED BY DEFAULT AS IDENTITY (
    SEQUENCE NAME public.django_migrations_id_seq
    START WITH 1
    INCREMENT BY 1
    NO MINVALUE
    NO MAXVALUE
    CACHE 1
);


--
-- Name: django_session; Type: TABLE; Schema: public; Owner: postgres
--

CREATE TABLE public.django_session (
    session_key character varying(40) NOT NULL,
    session_data text NOT NULL,
    expire_date timestamp with time zone NOT NULL
);


ALTER TABLE public.django_session OWNER TO postgres;

--
-- Name: employee; Type: TABLE; Schema: public; Owner: postgres
--

CREATE TABLE public.employee (
    id bigint NOT NULL,
    created_at timestamp with time zone NOT NULL,
    updated_at timestamp with time zone NOT NULL,
    full_name character varying(200) NOT NULL,
    login character varying(100) NOT NULL,
    password character varying(100) NOT NULL,
    status double precision NOT NULL,
    permission1 boolean NOT NULL,
    permission2 boolean NOT NULL,
    permission3 boolean NOT NULL,
    permission4 boolean NOT NULL,
    permission5 boolean NOT NULL,
    permission_plov boolean NOT NULL,
    gps_permission boolean NOT NULL,
    lang character varying(10) NOT NULL,
    district_id bigint NOT NULL,
    phone1 character varying(20),
    phone2 character varying(20),
    uuid uuid NOT NULL,
    pinfl character varying(14)
);


ALTER TABLE public.employee OWNER TO postgres;

--
-- Name: form_birlik_id_seq; Type: SEQUENCE; Schema: public; Owner: postgres
--

ALTER TABLE public.birlik ALTER COLUMN id ADD GENERATED BY DEFAULT AS IDENTITY (
    SEQUENCE NAME public.form_birlik_id_seq
    START WITH 1
    INCREMENT BY 1
    NO MINVALUE
    NO MAXVALUE
    CACHE 1
);


--
-- Name: product; Type: TABLE; Schema: public; Owner: postgres
--

CREATE TABLE public.product (
    id bigint NOT NULL,
    created_at timestamp with time zone NOT NULL,
    updated_at timestamp with time zone NOT NULL,
    name character varying(400) NOT NULL,
    code character varying(10) NOT NULL,
    price double precision NOT NULL,
    unit_id bigint NOT NULL,
    category_id bigint NOT NULL,
    bottom integer NOT NULL,
    top integer NOT NULL,
    is_import boolean NOT NULL,
    uuid uuid NOT NULL,
    is_special boolean NOT NULL,
    hbhd smallint NOT NULL,
    is_index boolean NOT NULL,
    weekly smallint NOT NULL,
    weekly_type smallint NOT NULL,
    CONSTRAINT product_hbhd_check CHECK ((hbhd >= 0)),
    CONSTRAINT product_weekly_check CHECK ((weekly >= 0)),
    CONSTRAINT product_weekly_type_check CHECK ((weekly_type >= 0))
);


ALTER TABLE public.product OWNER TO postgres;

--
-- Name: form_product_id_seq; Type: SEQUENCE; Schema: public; Owner: postgres
--

ALTER TABLE public.product ALTER COLUMN id ADD GENERATED BY DEFAULT AS IDENTITY (
    SEQUENCE NAME public.form_product_id_seq
    START WITH 1
    INCREMENT BY 1
    NO MINVALUE
    NO MAXVALUE
    CACHE 1
);


--
-- Name: product_category; Type: TABLE; Schema: public; Owner: postgres
--

CREATE TABLE public.product_category (
    id bigint NOT NULL,
    created_at timestamp with time zone NOT NULL,
    updated_at timestamp with time zone NOT NULL,
    name character varying(400) NOT NULL,
    number integer NOT NULL,
    code character varying(10) NOT NULL,
    rasfas integer NOT NULL,
    union_id bigint NOT NULL,
    logo character varying(100),
    product_type character varying(10) NOT NULL,
    weekly_type smallint NOT NULL,
    CONSTRAINT product_category_rasfas_234351f6_check CHECK ((rasfas >= 0)),
    CONSTRAINT product_category_weekly_type_check CHECK ((weekly_type >= 0))
);


ALTER TABLE public.product_category OWNER TO postgres;

--
-- Name: form_productcategory_id_seq; Type: SEQUENCE; Schema: public; Owner: postgres
--

ALTER TABLE public.product_category ALTER COLUMN id ADD GENERATED BY DEFAULT AS IDENTITY (
    SEQUENCE NAME public.form_productcategory_id_seq
    START WITH 1
    INCREMENT BY 1
    NO MINVALUE
    NO MAXVALUE
    CACHE 1
);


--
-- Name: rasta_product; Type: TABLE; Schema: public; Owner: postgres
--

CREATE TABLE public.rasta_product (
    id bigint NOT NULL,
    created_at timestamp with time zone NOT NULL,
    updated_at timestamp with time zone NOT NULL,
    last_price double precision NOT NULL,
    product_id bigint NOT NULL,
    is_active boolean NOT NULL,
    is_udalen boolean NOT NULL,
    ntochka_id bigint NOT NULL,
    hudud_id bigint NOT NULL,
    previous_price double precision NOT NULL,
    miqdor double precision NOT NULL,
    is_weekly boolean NOT NULL
);


ALTER TABLE public.rasta_product OWNER TO postgres;

--
-- Name: form_tochkaproduct_id_seq; Type: SEQUENCE; Schema: public; Owner: postgres
--

ALTER TABLE public.rasta_product ALTER COLUMN id ADD GENERATED BY DEFAULT AS IDENTITY (
    SEQUENCE NAME public.form_tochkaproduct_id_seq
    START WITH 1
    INCREMENT BY 1
    NO MINVALUE
    NO MAXVALUE
    CACHE 1
);


--
-- Name: product_history; Type: TABLE; Schema: public; Owner: postgres
--

CREATE TABLE public.product_history (
    id bigint NOT NULL,
    created_at timestamp with time zone NOT NULL,
    updated_at timestamp with time zone NOT NULL,
    price double precision NOT NULL,
    is_checked boolean NOT NULL,
    is_active boolean NOT NULL,
    employee_id bigint NOT NULL,
    period_id bigint NOT NULL,
    unit_miqdor double precision NOT NULL,
    unit_price double precision NOT NULL,
    status character varying(15) NOT NULL,
    is_alternative boolean NOT NULL,
    is_from_application boolean NOT NULL,
    tochka_product_id bigint NOT NULL,
    alternative_for_id bigint,
    hudud_id bigint NOT NULL,
    ntochka_id bigint NOT NULL,
    product_id bigint NOT NULL
);


ALTER TABLE public.product_history OWNER TO postgres;

--
-- Name: form_tochkaproducthistory_id_seq; Type: SEQUENCE; Schema: public; Owner: postgres
--

ALTER TABLE public.product_history ALTER COLUMN id ADD GENERATED BY DEFAULT AS IDENTITY (
    SEQUENCE NAME public.form_tochkaproducthistory_id_seq
    START WITH 1
    INCREMENT BY 1
    NO MINVALUE
    NO MAXVALUE
    CACHE 1
);


--
-- Name: home_district_id_seq; Type: SEQUENCE; Schema: public; Owner: postgres
--

ALTER TABLE public.district ALTER COLUMN id ADD GENERATED BY DEFAULT AS IDENTITY (
    SEQUENCE NAME public.home_district_id_seq
    START WITH 1
    INCREMENT BY 1
    NO MINVALUE
    NO MAXVALUE
    CACHE 1
);


--
-- Name: home_employee_id_seq; Type: SEQUENCE; Schema: public; Owner: postgres
--

ALTER TABLE public.employee ALTER COLUMN id ADD GENERATED BY DEFAULT AS IDENTITY (
    SEQUENCE NAME public.home_employee_id_seq
    START WITH 1
    INCREMENT BY 1
    NO MINVALUE
    NO MAXVALUE
    CACHE 1
);


--
-- Name: rasta; Type: TABLE; Schema: public; Owner: postgres
--

CREATE TABLE public.rasta (
    id bigint NOT NULL,
    created_at timestamp with time zone NOT NULL,
    updated_at timestamp with time zone NOT NULL,
    name character varying(100) NOT NULL,
    is_active boolean NOT NULL,
    hudud_id bigint NOT NULL,
    uuid uuid NOT NULL,
    in_proccess boolean NOT NULL,
    is_weekly boolean NOT NULL,
    code character varying(20) NOT NULL,
    product_type character varying(10) NOT NULL,
    weekly_type smallint NOT NULL,
    CONSTRAINT rasta_weekly_type_check CHECK ((weekly_type >= 0))
);


ALTER TABLE public.rasta OWNER TO postgres;

--
-- Name: home_ntochka_id_seq; Type: SEQUENCE; Schema: public; Owner: postgres
--

ALTER TABLE public.rasta ALTER COLUMN id ADD GENERATED BY DEFAULT AS IDENTITY (
    SEQUENCE NAME public.home_ntochka_id_seq
    START WITH 1
    INCREMENT BY 1
    NO MINVALUE
    NO MAXVALUE
    CACHE 1
);


--
-- Name: period; Type: TABLE; Schema: public; Owner: postgres
--

CREATE TABLE public.period (
    id bigint NOT NULL,
    created_at timestamp with time zone NOT NULL,
    updated_at timestamp with time zone NOT NULL,
    name character varying(100) NOT NULL,
    period_type character varying(50) NOT NULL,
    is_active boolean NOT NULL
);


ALTER TABLE public.period OWNER TO postgres;

--
-- Name: home_period_id_seq; Type: SEQUENCE; Schema: public; Owner: postgres
--

ALTER TABLE public.period ALTER COLUMN id ADD GENERATED BY DEFAULT AS IDENTITY (
    SEQUENCE NAME public.home_period_id_seq
    START WITH 1
    INCREMENT BY 1
    NO MINVALUE
    NO MAXVALUE
    CACHE 1
);


--
-- Name: period_date; Type: TABLE; Schema: public; Owner: postgres
--

CREATE TABLE public.period_date (
    id bigint NOT NULL,
    created_at timestamp with time zone NOT NULL,
    updated_at timestamp with time zone NOT NULL,
    date date NOT NULL,
    period_id bigint NOT NULL
);


ALTER TABLE public.period_date OWNER TO postgres;

--
-- Name: home_perioddate_id_seq; Type: SEQUENCE; Schema: public; Owner: postgres
--

ALTER TABLE public.period_date ALTER COLUMN id ADD GENERATED BY DEFAULT AS IDENTITY (
    SEQUENCE NAME public.home_perioddate_id_seq
    START WITH 1
    INCREMENT BY 1
    NO MINVALUE
    NO MAXVALUE
    CACHE 1
);


--
-- Name: region; Type: TABLE; Schema: public; Owner: postgres
--

CREATE TABLE public.region (
    id bigint NOT NULL,
    created_at timestamp with time zone NOT NULL,
    updated_at timestamp with time zone NOT NULL,
    name character varying(100) NOT NULL,
    code character varying(10) NOT NULL
);


ALTER TABLE public.region OWNER TO postgres;

--
-- Name: home_region_id_seq; Type: SEQUENCE; Schema: public; Owner: postgres
--

ALTER TABLE public.region ALTER COLUMN id ADD GENERATED BY DEFAULT AS IDENTITY (
    SEQUENCE NAME public.home_region_id_seq
    START WITH 1
    INCREMENT BY 1
    NO MINVALUE
    NO MAXVALUE
    CACHE 1
);


--
-- Name: obyekt; Type: TABLE; Schema: public; Owner: postgres
--

CREATE TABLE public.obyekt (
    id bigint NOT NULL,
    created_at timestamp with time zone NOT NULL,
    updated_at timestamp with time zone NOT NULL,
    name character varying(100) NOT NULL,
    inn character varying(20) NOT NULL,
    address character varying(255),
    plan integer NOT NULL,
    lat double precision NOT NULL,
    lon double precision NOT NULL,
    district_id bigint NOT NULL,
    is_active boolean NOT NULL,
    employee_id bigint NOT NULL,
    uuid uuid NOT NULL,
    icon character varying(10) NOT NULL,
    code character varying(20) NOT NULL,
    in_proccess boolean NOT NULL,
    pinfl character varying(14),
    product_type character varying(10) NOT NULL,
    weekly_type smallint NOT NULL,
    CONSTRAINT obyekt_weekly_type_check CHECK ((weekly_type >= 0))
);


ALTER TABLE public.obyekt OWNER TO postgres;

--
-- Name: home_tochka_id_seq; Type: SEQUENCE; Schema: public; Owner: postgres
--

ALTER TABLE public.obyekt ALTER COLUMN id ADD GENERATED BY DEFAULT AS IDENTITY (
    SEQUENCE NAME public.home_tochka_id_seq
    START WITH 1
    INCREMENT BY 1
    NO MINVALUE
    NO MAXVALUE
    CACHE 1
);


--
-- Data for Name: application; Type: TABLE DATA; Schema: public; Owner: postgres
--

COPY public.application (id, created_at, updated_at, application_type, products, checked_at, comment, is_active, is_checked, checked_by_id, employee_id, ntochka_id, period_id, tochka_id, detail) FROM stdin;
33	2025-07-30 14:47:05.925147+00	2025-07-30 14:49:18.186749+00	for_open_rasta	[{"product_id": 140}, {"product_id": 169}, {"product_id": 547}]	2025-07-30 14:49:12+00	Yangi rasta yaratish uchun ariza	t	t	\N	1	142	7	\N	[]
28	2025-07-30 14:43:22.498044+00	2025-07-30 14:43:22.498058+00	for_open_rasta	[{"product_id": 12}, {"product_id": 140}, {"product_id": 169}, {"product_id": 547}]	\N	Yangi rasta yaratish uchun ariza	t	f	\N	1	139	7	\N	[]
29	2025-07-30 14:43:36.050605+00	2025-07-30 14:43:36.050615+00	for_open_rasta	[{"product_id": 12}, {"product_id": 140}, {"product_id": 169}, {"product_id": 547}, {"product_id": 151}]	\N	Yangi rasta yaratish uchun ariza	t	f	\N	1	140	7	\N	[]
30	2025-07-30 14:45:10.243256+00	2025-07-30 14:45:10.243266+00	for_open_rasta	[{"product_id": 140}, {"product_id": 169}, {"product_id": 547}]	\N	Yangi rasta yaratish uchun ariza	t	f	\N	1	141	7	\N	[]
32	2025-07-30 14:46:59.257445+00	2025-07-30 14:49:26.16314+00	for_open_obyekt	[]	2025-07-30 14:49:24+00	Yangi obyekt yaratish uchun ariza	t	t	\N	1	\N	7	33	[]
31	2025-07-30 14:46:49.260842+00	2025-07-30 14:49:33.375285+00	for_close_obyekt	[]	\N	Obyektlarni yopish uchun ariza	t	t	\N	1	\N	7	\N	[]
27	2025-07-30 14:43:07.150168+00	2025-07-30 14:49:45.843252+00	for_close_rasta	[]	\N	Rastalarni yopish uchun ariza	f	f	\N	1	\N	7	\N	[]
\.


--
-- Data for Name: application_ntochkas; Type: TABLE DATA; Schema: public; Owner: postgres
--

COPY public.application_ntochkas (id, application_id, ntochka_id) FROM stdin;
1	27	123
2	27	2
3	27	11
4	27	38
\.


--
-- Data for Name: application_tochkas; Type: TABLE DATA; Schema: public; Owner: postgres
--

COPY public.application_tochkas (id, application_id, tochka_id) FROM stdin;
3	31	10
4	31	11
5	31	15
6	31	17
7	31	20
\.


--
-- Data for Name: auth_group; Type: TABLE DATA; Schema: public; Owner: postgres
--

COPY public.auth_group (id, name) FROM stdin;
\.


--
-- Data for Name: auth_group_permissions; Type: TABLE DATA; Schema: public; Owner: postgres
--

COPY public.auth_group_permissions (id, group_id, permission_id) FROM stdin;
\.


--
-- Data for Name: auth_permission; Type: TABLE DATA; Schema: public; Owner: postgres
--

COPY public.auth_permission (id, name, content_type_id, codename) FROM stdin;
1	Can add log entry	1	add_logentry
2	Can change log entry	1	change_logentry
3	Can delete log entry	1	delete_logentry
4	Can view log entry	1	view_logentry
5	Can add permission	2	add_permission
6	Can change permission	2	change_permission
7	Can delete permission	2	delete_permission
8	Can view permission	2	view_permission
9	Can add group	3	add_group
10	Can change group	3	change_group
11	Can delete group	3	delete_group
12	Can view group	3	view_group
13	Can add user	4	add_user
14	Can change user	4	change_user
15	Can delete user	4	delete_user
16	Can view user	4	view_user
17	Can add content type	5	add_contenttype
18	Can change content type	5	change_contenttype
19	Can delete content type	5	delete_contenttype
20	Can view content type	5	view_contenttype
21	Can add session	6	add_session
22	Can change session	6	change_session
23	Can delete session	6	delete_session
24	Can view session	6	view_session
25	Can add kobo form	7	add_koboform
26	Can change kobo form	7	change_koboform
27	Can delete kobo form	7	delete_koboform
28	Can view kobo form	7	view_koboform
29	Can add Birlik	8	add_birlik
30	Can change Birlik	8	change_birlik
31	Can delete Birlik	8	delete_birlik
32	Can view Birlik	8	view_birlik
33	Can add Mahsulot Kategoriyasi	9	add_productcategory
34	Can change Mahsulot Kategoriyasi	9	change_productcategory
35	Can delete Mahsulot Kategoriyasi	9	delete_productcategory
36	Can view Mahsulot Kategoriyasi	9	view_productcategory
37	Can add Mahsulot	10	add_product
38	Can change Mahsulot	10	change_product
39	Can delete Mahsulot	10	delete_product
40	Can view Mahsulot	10	view_product
41	Can add Rasta mahsulot	11	add_tochkaproduct
42	Can change Rasta mahsulot	11	change_tochkaproduct
43	Can delete Rasta mahsulot	11	delete_tochkaproduct
44	Can view Rasta mahsulot	11	view_tochkaproduct
45	Can add Mahsulot marx tarixi	12	add_tochkaproducthistory
46	Can change Mahsulot marx tarixi	12	change_tochkaproducthistory
47	Can delete Mahsulot marx tarixi	12	delete_tochkaproducthistory
48	Can view Mahsulot marx tarixi	12	view_tochkaproducthistory
49	Can add Ariza	13	add_application
50	Can change Ariza	13	change_application
51	Can delete Ariza	13	delete_application
52	Can view Ariza	13	view_application
53	Can add Tuman	14	add_district
54	Can change Tuman	14	change_district
55	Can delete Tuman	14	delete_district
56	Can view Tuman	14	view_district
57	Can add Davr	15	add_period
58	Can change Davr	15	change_period
59	Can delete Davr	15	delete_period
60	Can view Davr	15	view_period
61	Can add Viloyat	16	add_region
62	Can change Viloyat	16	change_region
63	Can delete Viloyat	16	delete_region
64	Can view Viloyat	16	view_region
65	Can add Xodim	17	add_employee
66	Can change Xodim	17	change_employee
67	Can delete Xodim	17	delete_employee
68	Can view Xodim	17	view_employee
69	Can add Davr sanasi	18	add_perioddate
70	Can change Davr sanasi	18	change_perioddate
71	Can delete Davr sanasi	18	delete_perioddate
72	Can view Davr sanasi	18	view_perioddate
73	Can add Obyekt	19	add_tochka
74	Can change Obyekt	19	change_tochka
75	Can delete Obyekt	19	delete_tochka
76	Can view Obyekt	19	view_tochka
77	Can add Rasta	20	add_ntochka
78	Can change Rasta	20	change_ntochka
79	Can delete Rasta	20	delete_ntochka
80	Can view Rasta	20	view_ntochka
\.


--
-- Data for Name: auth_user; Type: TABLE DATA; Schema: public; Owner: postgres
--

COPY public.auth_user (id, password, last_login, is_superuser, username, first_name, last_name, email, is_staff, is_active, date_joined) FROM stdin;
2	pbkdf2_sha256$720000$diExPPRCJbIhpw7dufWmLE$svkNouQNcj7xiPs1V7s8YEksuwSitaVrRkKHZ+TlQfc=	\N	f	B0shq@ruv				f	t	2025-07-31 05:13:26.784418+00
1	pbkdf2_sha256$720000$HzXCWJp41f05AUJolWwTpc$S5n0UFxwJONFIVsb3i9fYqc1eY+fD+ua8Uu8D4JKTI4=	2025-07-31 05:21:28.528146+00	t	B0shq@ruvchi				t	t	2025-07-23 11:20:41+00
\.


--
-- Data for Name: auth_user_groups; Type: TABLE DATA; Schema: public; Owner: postgres
--

COPY public.auth_user_groups (id, user_id, group_id) FROM stdin;
\.


--
-- Data for Name: auth_user_user_permissions; Type: TABLE DATA; Schema: public; Owner: postgres
--

COPY public.auth_user_user_permissions (id, user_id, permission_id) FROM stdin;
\.


--
-- Data for Name: birlik; Type: TABLE DATA; Schema: public; Owner: postgres
--

COPY public.birlik (id, created_at, updated_at, name, code, miqdor) FROM stdin;
1	2025-07-23 11:19:44.313701+00	2025-07-23 11:19:44.313719+00	gr	1	1
2	2025-07-23 11:19:44.326145+00	2025-07-23 11:19:44.326155+00	dona	2	1
3	2025-07-23 11:19:44.349199+00	2025-07-23 11:19:44.34921+00	ml	3	1
4	2025-07-23 11:19:44.39504+00	2025-07-23 11:19:44.395051+00	pachka	4	1
5	2025-07-23 11:19:44.397297+00	2025-07-23 11:19:44.397306+00	1 porsiya	5	1
6	2025-07-23 11:19:44.415512+00	2025-07-23 11:19:44.415522+00	1 kishi uchun kompleks ovqatlanish	6	1
7	2025-07-23 11:19:44.419332+00	2025-07-23 11:19:44.419341+00	1 kishi uchun kompleks tushlik	7	1
8	2025-07-23 11:19:44.421997+00	2025-07-23 11:19:44.422007+00	quti	8	1
9	2025-07-23 11:19:44.424534+00	2025-07-23 11:19:44.424543+00	metr	9	1
10	2025-07-23 11:19:44.4334+00	2025-07-23 11:19:44.433409+00	komplekt	10	1
11	2025-07-23 11:19:44.44271+00	2025-07-23 11:19:44.442719+00	juft	11	1
12	2025-07-23 11:19:44.476858+00	2025-07-23 11:19:44.476869+00	o'ram	12	1
13	2025-07-23 11:19:44.493696+00	2025-07-23 11:19:44.49371+00	1 metr o'ram	13	1
14	2025-07-23 11:19:44.495871+00	2025-07-23 11:19:44.495881+00	kv.m	14	1
15	2025-07-23 11:19:44.527146+00	2025-07-23 11:19:44.527158+00	tabletka	15	1
16	2025-07-23 11:19:44.536767+00	2025-07-23 11:19:44.536776+00	litr	16	1
17	2025-07-23 11:19:44.539622+00	2025-07-23 11:19:44.539632+00	kub.m	17	1
18	2025-07-23 11:19:44.552442+00	2025-07-23 11:19:44.552451+00	pachka (500 dona)	18	1
19	2025-07-23 11:19:44.556411+00	2025-07-23 11:19:44.55642+00	nabor	19	1
20	2025-07-23 11:19:44.564237+00	2025-07-23 11:19:44.564246+00	flakon	20	1
21	2025-07-23 11:19:44.568625+00	2025-07-23 11:19:44.568634+00	tyubik	21	1
22	2025-07-23 11:19:44.575007+00	2025-07-23 11:19:44.575015+00	xizmat	22	1
23	2025-07-23 11:19:44.579096+00	2025-07-23 11:19:44.579104+00	1 oylik to'lov	23	1
24	2025-07-23 11:19:44.584665+00	2025-07-23 11:19:44.584674+00	bir kishi uchun, bir oyiga	24	1
25	2025-07-23 11:19:44.58695+00	2025-07-23 11:19:44.586959+00	kvt.soat	25	1
26	2025-07-23 11:19:44.58943+00	2025-07-23 11:19:44.589439+00	kub.m.	26	1
27	2025-07-23 11:19:44.594261+00	2025-07-23 11:19:44.594269+00	1 kunlik ijara	27	1
28	2025-07-23 11:19:44.60225+00	2025-07-23 11:19:44.602259+00	soat	28	1
29	2025-07-23 11:19:44.604247+00	2025-07-23 11:19:44.604256+00	to'liq kurs	29	1
30	2025-07-23 11:19:44.606206+00	2025-07-23 11:19:44.606215+00	1 martalik yo'l haqqi	30	1
31	2025-07-23 11:19:44.61035+00	2025-07-23 11:19:44.610361+00	marta	31	1
32	2025-07-23 11:19:44.617063+00	2025-07-23 11:19:44.617072+00	oy uchun	32	1
33	2025-07-23 11:19:44.664381+00	2025-07-23 11:19:44.664409+00	ta'rif rejasi	33	1
34	2025-07-23 11:19:44.698316+00	2025-07-23 11:19:44.698344+00	bilet	34	1
35	2025-07-23 11:19:44.707767+00	2025-07-23 11:19:44.707785+00	1 kun	35	1
36	2025-07-23 11:19:44.710268+00	2025-07-23 11:19:44.710278+00	1 oy uchun	36	1
37	2025-07-23 11:19:44.713449+00	2025-07-23 11:19:44.713459+00	semestr	37	1
38	2025-07-23 11:19:44.716594+00	2025-07-23 11:19:44.716603+00	soat uchun	38	1
\.


--
-- Data for Name: common_koboform; Type: TABLE DATA; Schema: public; Owner: postgres
--

COPY public.common_koboform (id, form_id, name, api_token, is_active) FROM stdin;
\.


--
-- Data for Name: district; Type: TABLE DATA; Schema: public; Owner: postgres
--

COPY public.district (id, created_at, updated_at, name, code, region_id) FROM stdin;
1	2025-07-23 11:18:38.161375+00	2025-07-23 11:18:38.161391+00	Нукус ш.	401	1
2	2025-07-23 11:18:38.164128+00	2025-07-23 11:18:38.164138+00	Чимбой т.	240	1
3	2025-07-23 11:18:38.166347+00	2025-07-23 11:18:38.166357+00	Амударё т.	204	1
4	2025-07-23 11:18:38.168479+00	2025-07-23 11:18:38.16849+00	Беруний т.	207	1
5	2025-07-23 11:18:38.170578+00	2025-07-23 11:18:38.170588+00	Кегейли т.	212	1
6	2025-07-23 11:18:38.190944+00	2025-07-23 11:18:38.19097+00	Тўрткўл т.	233	1
7	2025-07-23 11:18:38.195819+00	2025-07-23 11:18:38.195843+00	Хўжайли т.	236	1
8	2025-07-23 11:18:38.200603+00	2025-07-23 11:18:38.200628+00	Қўнғирот т.	215	1
9	2025-07-23 11:18:38.204425+00	2025-07-23 11:18:38.20444+00	Элликқала т.	250	1
10	2025-07-23 11:18:38.208288+00	2025-07-23 11:18:38.208304+00	Шуманай т.	243	1
11	2025-07-23 11:18:38.212046+00	2025-07-23 11:18:38.212062+00	Тахтакўпир т.	230	1
12	2025-07-23 11:18:38.215173+00	2025-07-23 11:18:38.215184+00	Тахиатош т.	228	1
13	2025-07-23 11:18:38.218181+00	2025-07-23 11:18:38.218192+00	Нукус т.	225	1
14	2025-07-23 11:18:38.221236+00	2025-07-23 11:18:38.221247+00	Мўйноқ т.	222	1
15	2025-07-23 11:18:38.224232+00	2025-07-23 11:18:38.224243+00	Қонликўл т.	218	1
16	2025-07-23 11:18:38.228672+00	2025-07-23 11:18:38.228682+00	Қораўзак т.	211	1
17	2025-07-23 11:18:38.231403+00	2025-07-23 11:18:38.231414+00	Бозатов т.	209	1
18	2025-07-23 11:18:38.236974+00	2025-07-23 11:18:38.236984+00	Боғот т.	204	2
19	2025-07-23 11:18:38.239723+00	2025-07-23 11:18:38.239733+00	Гурлан т.	208	2
20	2025-07-23 11:18:38.243604+00	2025-07-23 11:18:38.243629+00	Қўшкўприк т.	212	2
21	2025-07-23 11:18:38.247335+00	2025-07-23 11:18:38.247359+00	Хазорасп т.	220	2
22	2025-07-23 11:18:38.251024+00	2025-07-23 11:18:38.251047+00	Шовот т.	230	2
23	2025-07-23 11:18:38.254726+00	2025-07-23 11:18:38.25474+00	Янгиариқ т.	233	2
24	2025-07-23 11:18:38.259848+00	2025-07-23 11:18:38.259862+00	Урганч ш.	401	2
25	2025-07-23 11:18:38.263155+00	2025-07-23 11:18:38.263169+00	Хива ш.	406	2
26	2025-07-23 11:18:38.266462+00	2025-07-23 11:18:38.266475+00	Янгибозор т.	236	2
27	2025-07-23 11:18:38.269574+00	2025-07-23 11:18:38.269587+00	Хива т.	226	2
28	2025-07-23 11:18:38.272717+00	2025-07-23 11:18:38.272729+00	Хонка т.	223	2
29	2025-07-23 11:18:38.275654+00	2025-07-23 11:18:38.275665+00	Тупроққала т.	221	2
30	2025-07-23 11:18:38.278525+00	2025-07-23 11:18:38.278537+00	Урганч т.	217	2
31	2025-07-23 11:18:38.284141+00	2025-07-23 11:18:38.284153+00	Олтиариқ т.	203	3
32	2025-07-23 11:18:38.286958+00	2025-07-23 11:18:38.286968+00	Бувайда т.	212	3
33	2025-07-23 11:18:38.291453+00	2025-07-23 11:18:38.291464+00	Бешариқ т.	215	3
34	2025-07-23 11:18:38.294047+00	2025-07-23 11:18:38.294057+00	Қува т.	218	3
35	2025-07-23 11:18:38.296729+00	2025-07-23 11:18:38.29674+00	Ўзбекистон т.	230	3
36	2025-07-23 11:18:38.299437+00	2025-07-23 11:18:38.299448+00	Фарғона т.	233	3
37	2025-07-23 11:18:38.302231+00	2025-07-23 11:18:38.302242+00	Ёзёвон т.	242	3
38	2025-07-23 11:18:38.304944+00	2025-07-23 11:18:38.304955+00	Фарғона ш.	401	3
39	2025-07-23 11:18:38.30753+00	2025-07-23 11:18:38.30754+00	Қўқон ш.	405	3
40	2025-07-23 11:18:38.310056+00	2025-07-23 11:18:38.310066+00	Марғилон ш.	412	3
41	2025-07-23 11:18:38.312628+00	2025-07-23 11:18:38.312638+00	Қувасой ш.	408	3
42	2025-07-23 11:18:38.315164+00	2025-07-23 11:18:38.315174+00	Фурқат т.	238	3
43	2025-07-23 11:18:38.31962+00	2025-07-23 11:18:38.319629+00	Данғара т.	236	3
44	2025-07-23 11:18:38.322114+00	2025-07-23 11:18:38.322123+00	Тошлоқ т.	227	3
45	2025-07-23 11:18:38.324556+00	2025-07-23 11:18:38.324565+00	Сох т.	226	3
46	2025-07-23 11:18:38.32706+00	2025-07-23 11:18:38.32707+00	Риштон т.	224	3
47	2025-07-23 11:18:38.329574+00	2025-07-23 11:18:38.329583+00	Учкўприк т.	221	3
48	2025-07-23 11:18:38.332316+00	2025-07-23 11:18:38.332326+00	Бағдод т.	209	3
49	2025-07-23 11:18:38.335052+00	2025-07-23 11:18:38.335064+00	Қўштепа т.	206	3
50	2025-07-23 11:18:38.339584+00	2025-07-23 11:18:38.339592+00	Янгийўл ш.	424	4
51	2025-07-23 11:18:38.341891+00	2025-07-23 11:18:38.3419+00	Чирчиқ ш.	419	4
52	2025-07-23 11:18:38.345916+00	2025-07-23 11:18:38.345927+00	Бекобод ш.	413	4
53	2025-07-23 11:18:38.348333+00	2025-07-23 11:18:38.348342+00	Ангрен ш.	407	4
54	2025-07-23 11:18:38.350701+00	2025-07-23 11:18:38.35071+00	Олмалиқ ш.	404	4
55	2025-07-23 11:18:38.353114+00	2025-07-23 11:18:38.353124+00	Нурафшон ш.	401	4
56	2025-07-23 11:18:38.355505+00	2025-07-23 11:18:38.355515+00	Чиноз т.	256	4
57	2025-07-23 11:18:38.357825+00	2025-07-23 11:18:38.357834+00	Пискент т.	250	4
58	2025-07-23 11:18:38.360063+00	2025-07-23 11:18:38.360072+00	Паркент т.	249	4
59	2025-07-23 11:18:38.362379+00	2025-07-23 11:18:38.362389+00	Зангиота т.	237	4
60	2025-07-23 11:18:38.365201+00	2025-07-23 11:18:38.365212+00	Бўстонлиқ т.	224	4
61	2025-07-23 11:18:38.368093+00	2025-07-23 11:18:38.368105+00	Бўка тумани	228	4
62	2025-07-23 11:18:38.372286+00	2025-07-23 11:18:38.372295+00	Охангарон ш.	415	4
63	2025-07-23 11:18:38.374641+00	2025-07-23 11:18:38.37465+00	Тошкент т.	265	4
64	2025-07-23 11:18:38.377079+00	2025-07-23 11:18:38.377088+00	Янгийўл т.	259	4
65	2025-07-23 11:18:38.379483+00	2025-07-23 11:18:38.379492+00	Ўртачирчиқ т.	253	4
66	2025-07-23 11:18:38.382321+00	2025-07-23 11:18:38.38233+00	Қибрай т.	248	4
67	2025-07-23 11:18:38.384962+00	2025-07-23 11:18:38.384971+00	Юқоричирчиқ т.	239	4
68	2025-07-23 11:18:38.387455+00	2025-07-23 11:18:38.387467+00	Қуйичирчиқ т.	233	4
69	2025-07-23 11:18:38.389865+00	2025-07-23 11:18:38.389874+00	Bekobod t.	220	4
70	2025-07-23 11:18:38.393085+00	2025-07-23 11:18:38.393094+00	Охангарон т.	212	4
71	2025-07-23 11:18:38.397633+00	2025-07-23 11:18:38.397643+00	Оққўрғон т.	206	4
72	2025-07-23 11:18:38.402568+00	2025-07-23 11:18:38.402579+00	Учтепа т.	262	5
73	2025-07-23 11:18:38.405139+00	2025-07-23 11:18:38.405149+00	Бектемир т.	264	5
74	2025-07-23 11:18:38.40776+00	2025-07-23 11:18:38.407783+00	Юнусобод т.	266	5
75	2025-07-23 11:18:38.409927+00	2025-07-23 11:18:38.409937+00	Мирзо Улуғбек т.	269	5
76	2025-07-23 11:18:38.412097+00	2025-07-23 11:18:38.412106+00	Миробод т.	273	5
77	2025-07-23 11:18:38.414042+00	2025-07-23 11:18:38.414051+00	Шайхонтохур т.	277	5
78	2025-07-23 11:18:38.416+00	2025-07-23 11:18:38.416009+00	Сергели т.	283	5
79	2025-07-23 11:18:38.418034+00	2025-07-23 11:18:38.418043+00	Олмазор т.	280	5
80	2025-07-23 11:18:38.42179+00	2025-07-23 11:18:38.421799+00	Яккасарой т.	287	5
81	2025-07-23 11:18:38.423869+00	2025-07-23 11:18:38.423878+00	Яшнабод т.	290	5
82	2025-07-23 11:18:38.425859+00	2025-07-23 11:18:38.425868+00	Чилонзор т.	294	5
83	2025-07-23 11:18:38.427823+00	2025-07-23 11:18:38.427831+00	1-hudud	111	5
84	2025-07-23 11:18:38.429946+00	2025-07-23 11:18:38.429955+00	2-hudud	112	5
85	2025-07-23 11:18:38.432062+00	2025-07-23 11:18:38.432071+00	3-hudud	113	5
86	2025-07-23 11:18:38.434189+00	2025-07-23 11:18:38.434197+00	4-hudud	114	5
87	2025-07-23 11:18:38.436301+00	2025-07-23 11:18:38.43631+00	5-hudud	115	5
88	2025-07-23 11:18:38.438361+00	2025-07-23 11:18:38.438369+00	Yangi hayot t.	292	5
89	2025-07-23 11:18:38.444556+00	2025-07-23 11:18:38.444565+00	Янгиер ш.	413	6
90	2025-07-23 11:18:38.447248+00	2025-07-23 11:18:38.447256+00	Гулистон ш.	401	6
91	2025-07-23 11:18:38.449741+00	2025-07-23 11:18:38.44975+00	Ховос т.	235	6
92	2025-07-23 11:18:38.452402+00	2025-07-23 11:18:38.452411+00	Сирдарё т.	231	6
93	2025-07-23 11:18:38.455059+00	2025-07-23 11:18:38.455068+00	Сардоба т.	226	6
94	2025-07-23 11:18:38.457794+00	2025-07-23 11:18:38.457803+00	Гулистон т.	220	6
95	2025-07-23 11:18:38.460329+00	2025-07-23 11:18:38.460338+00	Баёвут т.	212	6
96	2025-07-23 11:18:38.463008+00	2025-07-23 11:18:38.463017+00	Ширин ш.	410	6
97	2025-07-23 11:18:38.46536+00	2025-07-23 11:18:38.465369+00	Мирзаобод т.	228	6
98	2025-07-23 11:18:38.467684+00	2025-07-23 11:18:38.467694+00	Сайхунобод т.	216	6
99	2025-07-23 11:18:38.471663+00	2025-07-23 11:18:38.471672+00	Оқолтин т.	206	6
100	2025-07-23 11:18:38.476032+00	2025-07-23 11:18:38.476041+00	Каттақўрғон ш.	406	7
101	2025-07-23 11:18:38.478291+00	2025-07-23 11:18:38.4783+00	Самарқанд ш.	401	7
102	2025-07-23 11:18:38.480496+00	2025-07-23 11:18:38.480505+00	Ургут т.	236	7
103	2025-07-23 11:18:38.482836+00	2025-07-23 11:18:38.482845+00	Нуробод т.	235	7
104	2025-07-23 11:18:38.485224+00	2025-07-23 11:18:38.485233+00	Пастдарғом т.	227	7
105	2025-07-23 11:18:38.48753+00	2025-07-23 11:18:38.487539+00	Паяриқ т.	224	7
106	2025-07-23 11:18:38.489863+00	2025-07-23 11:18:38.489872+00	Нарпай т.	218	7
107	2025-07-23 11:18:38.493923+00	2025-07-23 11:18:38.493932+00	Иштихон т.	212	7
108	2025-07-23 11:18:38.496146+00	2025-07-23 11:18:38.496155+00	Булунғур т.	206	7
109	2025-07-23 11:18:38.498377+00	2025-07-23 11:18:38.498385+00	Тайлоқ т.	238	7
110	2025-07-23 11:18:38.500654+00	2025-07-23 11:18:38.500663+00	Самарқанд т.	233	7
111	2025-07-23 11:18:38.503031+00	2025-07-23 11:18:38.50304+00	Пахтачи т.	230	7
112	2025-07-23 11:18:38.505317+00	2025-07-23 11:18:38.505326+00	Қўшработ т.	216	7
113	2025-07-23 11:18:38.507688+00	2025-07-23 11:18:38.507696+00	Каттақўрғон т.	215	7
114	2025-07-23 11:18:38.510086+00	2025-07-23 11:18:38.510095+00	Жомбой т.	209	7
115	2025-07-23 11:18:38.512576+00	2025-07-23 11:18:38.512585+00	Оқдарё т.	203	7
116	2025-07-23 11:18:38.518946+00	2025-07-23 11:18:38.518955+00	Термиз ш.	401	8
117	2025-07-23 11:18:38.521286+00	2025-07-23 11:18:38.521296+00	Шўрчи т.	226	8
118	2025-07-23 11:18:38.523708+00	2025-07-23 11:18:38.523718+00	Шерабод т.	223	8
119	2025-07-23 11:18:38.526085+00	2025-07-23 11:18:38.526094+00	Сариосиё т.	217	8
120	2025-07-23 11:18:38.528497+00	2025-07-23 11:18:38.528507+00	Қумқўрғон т.	214	8
121	2025-07-23 11:18:38.531048+00	2025-07-23 11:18:38.531057+00	Джарқўрғон т.	212	8
122	2025-07-23 11:18:38.533342+00	2025-07-23 11:18:38.533351+00	Денов т.	210	8
123	2025-07-23 11:18:38.535591+00	2025-07-23 11:18:38.5356+00	Бойсун т.	204	8
124	2025-07-23 11:18:38.537891+00	2025-07-23 11:18:38.537901+00	Ангор т.	202	8
125	2025-07-23 11:18:38.540256+00	2025-07-23 11:18:38.540265+00	Узун т.	221	8
126	2025-07-23 11:18:38.544377+00	2025-07-23 11:18:38.544386+00	Термиз т.	220	8
127	2025-07-23 11:18:38.547585+00	2025-07-23 11:18:38.547594+00	Қизириқ т.	215	8
128	2025-07-23 11:18:38.550441+00	2025-07-23 11:18:38.55045+00	Музрабод т.	207	8
129	2025-07-23 11:18:38.554501+00	2025-07-23 11:18:38.554524+00	Бандихон т.	203	8
130	2025-07-23 11:18:38.55876+00	2025-07-23 11:18:38.558783+00	Олтинсой т.	201	8
131	2025-07-23 11:18:38.566081+00	2025-07-23 11:18:38.566099+00	Наманган ш.	401	9
132	2025-07-23 11:18:38.569675+00	2025-07-23 11:18:38.569692+00	Чуст т.	237	9
133	2025-07-23 11:18:38.573099+00	2025-07-23 11:18:38.573112+00	Учқўрғон т.	234	9
134	2025-07-23 11:18:38.577811+00	2025-07-23 11:18:38.577824+00	Уйчи т.	229	9
135	2025-07-23 11:18:38.580785+00	2025-07-23 11:18:38.580798+00	Тўрақўрғон т.	224	9
136	2025-07-23 11:18:38.58383+00	2025-07-23 11:18:38.583842+00	Поп т.	219	9
137	2025-07-23 11:18:38.58664+00	2025-07-23 11:18:38.586651+00	Норин т.	216	9
138	2025-07-23 11:18:38.589405+00	2025-07-23 11:18:38.589416+00	Косонсой т.	207	9
139	2025-07-23 11:18:38.592323+00	2025-07-23 11:18:38.592334+00	Янгиқўрғон т.	242	9
140	2025-07-23 11:18:38.59494+00	2025-07-23 11:18:38.59495+00	Чортоқ т.	236	9
141	2025-07-23 11:18:38.597623+00	2025-07-23 11:18:38.597633+00	Наманган т.	212	9
142	2025-07-23 11:18:38.600293+00	2025-07-23 11:18:38.600303+00	Мингбулоқ т.	204	9
143	2025-07-23 11:18:38.606937+00	2025-07-23 11:18:38.606947+00	Зарафшон ш.	408	10
144	2025-07-23 11:18:38.609644+00	2025-07-23 11:18:38.609654+00	Навоий ш.	401	10
145	2025-07-23 11:18:38.612479+00	2025-07-23 11:18:38.612489+00	Хатирчи т.	251	10
146	2025-07-23 11:18:38.614837+00	2025-07-23 11:18:38.614848+00	Учқудуқ т.	248	10
147	2025-07-23 11:18:38.617122+00	2025-07-23 11:18:38.617132+00	Нурота т.	238	10
148	2025-07-23 11:18:38.619468+00	2025-07-23 11:18:38.619478+00	Қизилтепа т.	216	10
149	2025-07-23 11:18:38.621806+00	2025-07-23 11:18:38.621816+00	Томди т.	244	10
150	2025-07-23 11:18:38.623953+00	2025-07-23 11:18:38.623961+00	Кармана т.	234	10
151	2025-07-23 11:18:38.625829+00	2025-07-23 11:18:38.625838+00	Навбахор т.	230	10
152	2025-07-23 11:18:38.627833+00	2025-07-23 11:18:38.627841+00	Конимех т.	211	10
153	2025-07-23 11:18:38.63141+00	2025-07-23 11:18:38.631419+00	Gazgon t.	412	10
154	2025-07-23 11:18:38.63511+00	2025-07-23 11:18:38.635118+00	Шахрисабз т.	405	11
155	2025-07-23 11:18:38.637137+00	2025-07-23 11:18:38.637147+00	Қарши ш.	401	11
156	2025-07-23 11:18:38.639051+00	2025-07-23 11:18:38.639059+00	Яккабоғ т.	250	11
157	2025-07-23 11:18:38.640954+00	2025-07-23 11:18:38.640968+00	Чироқчи т.	242	11
158	2025-07-23 11:18:38.643024+00	2025-07-23 11:18:38.643033+00	Китоб т.	232	11
159	2025-07-23 11:18:38.646005+00	2025-07-23 11:18:38.646014+00	Нишон т.	235	11
160	2025-07-23 11:18:38.648596+00	2025-07-23 11:18:38.648604+00	Косон т.	229	11
161	2025-07-23 11:18:38.651109+00	2025-07-23 11:18:38.651118+00	Қамаши т.	220	11
162	2025-07-23 11:18:38.655251+00	2025-07-23 11:18:38.655261+00	Шахрисабз т.	245	11
163	2025-07-23 11:18:38.657801+00	2025-07-23 11:18:38.657812+00	Касби т.	237	11
164	2025-07-23 11:18:38.660582+00	2025-07-23 11:18:38.660591+00	Муборак т.	234	11
165	2025-07-23 11:18:38.663069+00	2025-07-23 11:18:38.663078+00	Миришкор т.	233	11
166	2025-07-23 11:18:38.665411+00	2025-07-23 11:18:38.66542+00	Қарши т.	224	11
167	2025-07-23 11:18:38.667731+00	2025-07-23 11:18:38.667742+00	Дехқонобод т.	212	11
168	2025-07-23 11:18:38.670084+00	2025-07-23 11:18:38.670093+00	Ғузор т.	207	11
169	2025-07-23 11:18:38.672349+00	2025-07-23 11:18:38.672358+00	Кукдала т.	240	11
170	2025-07-23 11:18:38.678616+00	2025-07-23 11:18:38.678625+00	Бахмал т.	204	12
171	2025-07-23 11:18:38.681017+00	2025-07-23 11:18:38.681026+00	Ғаллаорол т.	209	12
172	2025-07-23 11:18:38.683294+00	2025-07-23 11:18:38.683303+00	Дўстлик т.	215	12
173	2025-07-23 11:18:38.685742+00	2025-07-23 11:18:38.685753+00	Зомин т.	218	12
174	2025-07-23 11:18:38.688174+00	2025-07-23 11:18:38.688183+00	Зарбдор т.	220	12
175	2025-07-23 11:18:38.690753+00	2025-07-23 11:18:38.690763+00	Пахтакор т.	228	12
176	2025-07-23 11:18:38.693228+00	2025-07-23 11:18:38.693237+00	Фориш т.	235	12
177	2025-07-23 11:18:38.695561+00	2025-07-23 11:18:38.69557+00	Жиззах т.	401	12
178	2025-07-23 11:18:38.69786+00	2025-07-23 11:18:38.697868+00	Янгиобод т.	237	12
179	2025-07-23 11:18:38.70011+00	2025-07-23 11:18:38.700118+00	Зафаробод т.	225	12
180	2025-07-23 11:18:38.703895+00	2025-07-23 11:18:38.703918+00	Мирзачўл т.	223	12
181	2025-07-23 11:18:38.706407+00	2025-07-23 11:18:38.706417+00	Шароф Рашидов т.	212	12
182	2025-07-23 11:18:38.708934+00	2025-07-23 11:18:38.708943+00	Арнасой т.	201	12
183	2025-07-23 11:18:38.7136+00	2025-07-23 11:18:38.71361+00	Бухоро т.	207	13
184	2025-07-23 11:18:38.715867+00	2025-07-23 11:18:38.715876+00	Вобкент т.	212	13
185	2025-07-23 11:18:38.71815+00	2025-07-23 11:18:38.718159+00	Ғиждувон т.	215	13
186	2025-07-23 11:18:38.720536+00	2025-07-23 11:18:38.720545+00	Қоракўл т.	230	13
187	2025-07-23 11:18:38.722881+00	2025-07-23 11:18:38.72289+00	Ромитан т.	242	13
188	2025-07-23 11:18:38.725155+00	2025-07-23 11:18:38.725164+00	Жондор т.	246	13
189	2025-07-23 11:18:38.73035+00	2025-07-23 11:18:38.730358+00	Шофиркон т.	258	13
190	2025-07-23 11:18:38.732671+00	2025-07-23 11:18:38.732679+00	Бухоро ш.	401	13
191	2025-07-23 11:18:38.734823+00	2025-07-23 11:18:38.734832+00	Когон ш.	403	13
192	2025-07-23 11:18:38.737772+00	2025-07-23 11:18:38.737782+00	Пешкў т.	240	13
193	2025-07-23 11:18:38.740453+00	2025-07-23 11:18:38.740466+00	Қоровулбозор т.	232	13
194	2025-07-23 11:18:38.744401+00	2025-07-23 11:18:38.744425+00	Когон т.	219	13
195	2025-07-23 11:18:38.749217+00	2025-07-23 11:18:38.749241+00	Олот т.	204	13
196	2025-07-23 11:18:38.757859+00	2025-07-23 11:18:38.757883+00	Андижон ш.	401	14
197	2025-07-23 11:18:38.76409+00	2025-07-23 11:18:38.764122+00	Пахтаобод т.	232	14
198	2025-07-23 11:18:38.767974+00	2025-07-23 11:18:38.767991+00	Шаҳрихон т.	230	14
199	2025-07-23 11:18:38.771523+00	2025-07-23 11:18:38.77154+00	Асака т.	224	14
200	2025-07-23 11:18:38.775124+00	2025-07-23 11:18:38.775142+00	Қўрғонтепа т.	220	14
201	2025-07-23 11:18:38.778191+00	2025-07-23 11:18:38.778203+00	Избоскан т.	214	14
202	2025-07-23 11:18:38.781164+00	2025-07-23 11:18:38.781177+00	Жалақудуқ т.	211	14
203	2025-07-23 11:18:38.784282+00	2025-07-23 11:18:38.784297+00	Булоқбоши т.	210	14
204	2025-07-23 11:18:38.787235+00	2025-07-23 11:18:38.787247+00	Балиқчи т.	206	14
205	2025-07-23 11:18:38.789992+00	2025-07-23 11:18:38.790002+00	Олтинкўл т.	202	14
206	2025-07-23 11:18:38.792711+00	2025-07-23 11:18:38.792726+00	Хонобод ш.	408	14
207	2025-07-23 11:18:38.797339+00	2025-07-23 11:18:38.79735+00	Хўжаобод т.	236	14
208	2025-07-23 11:18:38.800105+00	2025-07-23 11:18:38.800116+00	Мархамат т.	227	14
209	2025-07-23 11:18:38.803009+00	2025-07-23 11:18:38.803019+00	Улуғнор т.	217	14
210	2025-07-23 11:18:38.805714+00	2025-07-23 11:18:38.805724+00	Бўз т.	209	14
211	2025-07-23 11:18:38.808331+00	2025-07-23 11:18:38.80834+00	Андижон т.	203	14
\.


--
-- Data for Name: django_admin_log; Type: TABLE DATA; Schema: public; Owner: postgres
--

COPY public.django_admin_log (id, action_time, object_id, object_repr, action_flag, change_message, content_type_id, user_id) FROM stdin;
1	2025-07-23 11:25:11.134381+00	1	Sobitov Abbos Bahodir o'gli	2	[{"changed": {"fields": ["Login"]}}]	17	1
2	2025-07-23 11:26:23.121892+00	1	2025 iyun 3 hafta	1	[{"added": {}}, {"added": {"name": "Davr sanasi", "object": "2025 iyun 3 hafta - 2025-07-23"}}, {"added": {"name": "Davr sanasi", "object": "2025 iyun 3 hafta - 2025-07-24"}}, {"added": {"name": "Davr sanasi", "object": "2025 iyun 3 hafta - 2025-07-25"}}]	15	1
3	2025-07-23 12:00:41.947783+00	1	Uzun boshoqli guruch	2	[{"changed": {"fields": ["Logo"]}}]	9	1
4	2025-07-23 12:00:59.717017+00	2	Yumaloq boshoqli guruch	2	[{"changed": {"fields": ["Logo"]}}]	9	1
5	2025-07-23 12:01:09.317883+00	3	Guruch oqshogi	2	[{"changed": {"fields": ["Logo"]}}]	9	1
6	2025-07-23 12:01:40.532422+00	113	Kartoshka	2	[{"changed": {"fields": ["Logo"]}}]	9	1
7	2025-07-23 13:36:46.102868+00	186	Allergolog maslahat	2	[{"changed": {"fields": ["Maxsus"]}}]	10	1
8	2025-07-23 13:37:07.403547+00	186	Allergolog maslahat	2	[{"changed": {"fields": ["Maxsus"]}}]	10	1
9	2025-07-23 13:41:59.275253+00	1	Application created at 2025-07-23 13:28:55.392494+00:00	2	[{"changed": {"fields": ["Faol"]}}]	13	1
10	2025-07-23 13:42:26.901544+00	1	Application created at 2025-07-23 13:28:55.392494+00:00	2	[{"changed": {"fields": ["Faol", "Tekshirilgan"]}}]	13	1
11	2025-07-23 13:42:49.675533+00	1	Application created at 2025-07-23 13:28:55.392494+00:00	2	[{"changed": {"fields": ["Faol", "Tekshirilgan"]}}]	13	1
12	2025-07-23 13:43:12.154681+00	1	Application created at 2025-07-23 13:28:55.392494+00:00	2	[{"changed": {"fields": ["Tekshirilgan"]}}]	13	1
13	2025-07-25 14:44:38.921458+00	123	Mirobod dehqon bozori MCHJ Nukus kuchasi - 151 rasta	2	[{"changed": {"fields": ["Rasta kodi"]}}]	20	1
14	2025-07-25 14:46:06.000554+00	127	Jgfuyfcutc - Iyfyjfjyfutd	3		20	1
15	2025-07-25 14:46:06.005174+00	126	Jgfuyfcutc - Jgfyjfutc	3		20	1
16	2025-07-26 09:28:15.787629+00	4	2025 iyun 3 hafta - 2025-07-26	1	[{"added": {}}]	18	1
17	2025-07-28 14:47:29.10211+00	13	1411 - 8300.0	3		12	1
18	2025-07-28 14:47:29.107116+00	12	1411 - 12000.0	3		12	1
19	2025-07-28 14:47:29.108954+00	11	1411 - 8000.0	3		12	1
20	2025-07-28 14:47:29.110702+00	10	1411 - 1250.0	3		12	1
21	2025-07-28 14:47:29.112493+00	9	1411 - 10200.0	3		12	1
22	2025-07-28 14:47:29.114217+00	8	1411 - 8300.0	3		12	1
23	2025-07-28 14:47:29.115963+00	7	1411 - 10700.0	3		12	1
24	2025-07-28 14:47:29.11756+00	6	1411 - 5000.0	3		12	1
25	2025-07-28 14:47:29.120849+00	5	1411 - 5000.0	3		12	1
26	2025-07-28 14:47:29.122623+00	4	1411 - 0.0	3		12	1
27	2025-07-28 14:47:29.124401+00	3	1411 - 5000.0	3		12	1
28	2025-07-28 14:47:29.12639+00	2	1411 - 5000.0	3		12	1
29	2025-07-28 14:47:29.128274+00	1	1411 - 12000.0	3		12	1
30	2025-07-28 14:52:05.550421+00	1	1	2	[{"added": {"name": "Davr sanasi", "object": "5"}}]	15	1
31	2025-07-29 04:20:56.875661+00	1	1	2	[{"added": {"name": "Davr sanasi", "object": "6"}}, {"added": {"name": "Davr sanasi", "object": "7"}}]	15	1
32	2025-07-30 13:14:50.449898+00	1	1	2	[]	15	1
33	2025-07-30 13:19:40.060387+00	26	Application created at 2025-07-29 13:59:51.165446+00:00	3		13	1
34	2025-07-30 13:19:40.065766+00	25	Application created at 2025-07-29 13:58:10.947397+00:00	3		13	1
35	2025-07-30 13:19:40.067801+00	24	Application created at 2025-07-29 13:56:31.640579+00:00	3		13	1
36	2025-07-30 13:19:40.06972+00	23	Application created at 2025-07-28 15:19:21.307116+00:00	3		13	1
37	2025-07-30 13:19:40.071604+00	22	Application created at 2025-07-28 15:18:47.642704+00:00	3		13	1
38	2025-07-30 13:19:40.073528+00	21	Application created at 2025-07-28 14:53:42.870835+00:00	3		13	1
39	2025-07-30 13:19:40.075515+00	20	Application created at 2025-07-28 14:53:35.568105+00:00	3		13	1
40	2025-07-30 13:19:40.077411+00	19	Application created at 2025-07-28 14:53:12.937792+00:00	3		13	1
41	2025-07-30 13:19:40.080544+00	18	Application created at 2025-07-26 09:54:26.308427+00:00	3		13	1
42	2025-07-30 13:19:40.082401+00	17	Application created at 2025-07-26 09:43:48.236934+00:00	3		13	1
43	2025-07-30 13:19:40.084233+00	16	Application created at 2025-07-26 09:42:37.191241+00:00	3		13	1
44	2025-07-30 13:19:40.086206+00	15	Application created at 2025-07-25 15:22:31.289251+00:00	3		13	1
45	2025-07-30 13:19:40.088226+00	14	Application created at 2025-07-25 15:21:30.243469+00:00	3		13	1
46	2025-07-30 13:19:40.090291+00	13	Application created at 2025-07-25 15:20:26.252432+00:00	3		13	1
47	2025-07-30 13:19:40.09242+00	12	Application created at 2025-07-25 15:14:57.003148+00:00	3		13	1
48	2025-07-30 13:19:40.094755+00	11	Application created at 2025-07-25 15:13:26.432667+00:00	3		13	1
49	2025-07-30 13:19:40.098573+00	10	Application created at 2025-07-25 15:08:17.652651+00:00	3		13	1
50	2025-07-30 13:19:40.100639+00	9	Application created at 2025-07-25 15:08:05.853782+00:00	3		13	1
51	2025-07-30 13:19:40.102617+00	8	Application created at 2025-07-25 14:59:37.110407+00:00	3		13	1
52	2025-07-30 13:19:40.104886+00	7	Application created at 2025-07-25 14:59:23.446533+00:00	3		13	1
53	2025-07-30 13:19:40.106843+00	6	Application created at 2025-07-25 14:46:40.184539+00:00	3		13	1
54	2025-07-30 13:19:40.109029+00	5	Application created at 2025-07-25 14:46:32.266555+00:00	3		13	1
55	2025-07-30 13:19:40.111039+00	2	Application created at 2025-07-25 14:43:16.218089+00:00	3		13	1
56	2025-07-30 13:19:40.113081+00	1	Application created at 2025-07-23 13:28:55.392494+00:00	3		13	1
57	2025-07-30 13:20:08.159695+00	26	26	3		19	1
58	2025-07-30 13:20:08.162965+00	25	25	3		19	1
59	2025-07-30 13:20:08.166431+00	23	23	3		19	1
60	2025-07-30 13:20:08.168419+00	24	24	3		19	1
61	2025-07-30 13:20:28.547297+00	32	32	3		19	1
62	2025-07-30 13:20:28.550707+00	31	31	3		19	1
63	2025-07-30 13:20:28.552846+00	30	30	3		19	1
64	2025-07-30 13:20:28.554855+00	29	29	3		19	1
65	2025-07-30 13:20:28.568604+00	28	28	3		19	1
66	2025-07-30 13:20:28.571208+00	27	27	3		19	1
67	2025-07-30 13:22:03.132143+00	22	22	2	[{"changed": {"fields": ["Haftalik turi", "Mahsulot turi"]}}]	19	1
68	2025-07-30 13:22:20.907103+00	1	1	2	[{"changed": {"fields": ["Haftalik turi", "Mahsulot turi"]}}]	19	1
69	2025-07-30 13:22:39.337973+00	18	1395 - 0.0	1	[{"added": {}}]	12	1
70	2025-07-30 13:25:51.376485+00	16	407 - 15000.0	2	[{"changed": {"fields": ["Narxi"]}}]	12	1
71	2025-07-30 13:26:03.040997+00	15	1187 - 17000.0	2	[{"changed": {"fields": ["Narxi"]}}]	12	1
72	2025-07-30 13:28:50.658843+00	18	1395 - 60000.0	2	[{"changed": {"fields": ["Narxi"]}}]	12	1
73	2025-07-30 13:31:46.509848+00	1	1	2	[{"changed": {"fields": ["Lat", "Lon"]}}]	19	1
74	2025-07-30 14:49:18.194871+00	33	Application created at 2025-07-30 14:47:05.925147+00:00	2	[{"changed": {"fields": ["Tekshirilgan vaqt", "Tekshirilgan"]}}]	13	1
75	2025-07-30 14:49:26.168889+00	32	Application created at 2025-07-30 14:46:59.257445+00:00	2	[{"changed": {"fields": ["Tekshirilgan vaqt", "Tekshirilgan"]}}]	13	1
76	2025-07-30 14:49:33.381136+00	31	Application created at 2025-07-30 14:46:49.260842+00:00	2	[{"changed": {"fields": ["Tekshirilgan"]}}]	13	1
77	2025-07-30 14:49:45.84842+00	27	Application created at 2025-07-30 14:43:07.150168+00:00	2	[{"changed": {"fields": ["Faol"]}}]	13	1
78	2025-07-31 04:40:25.45272+00	1	admin	2	[{"changed": {"fields": ["password"]}}]	4	1
79	2025-07-31 04:40:58.586823+00	1	B0shq@ruvchi	2	[{"changed": {"fields": ["Username"]}}]	4	1
80	2025-07-31 05:13:27.324524+00	2	B0shq@ruv	1	[{"added": {}}]	4	1
81	2025-07-31 05:13:43.455759+00	1	B0shq@ruvchi	2	[{"changed": {"fields": ["password"]}}]	4	1
82	2025-07-31 05:17:10.77235+00	2	B0shq@ruv	2	[{"changed": {"fields": ["password"]}}]	4	1
\.


--
-- Data for Name: django_content_type; Type: TABLE DATA; Schema: public; Owner: postgres
--

COPY public.django_content_type (id, app_label, model) FROM stdin;
1	admin	logentry
2	auth	permission
3	auth	group
4	auth	user
5	contenttypes	contenttype
6	sessions	session
7	common	koboform
8	form	birlik
9	form	productcategory
10	form	product
11	form	tochkaproduct
12	form	tochkaproducthistory
13	form	application
14	home	district
15	home	period
16	home	region
17	home	employee
18	home	perioddate
19	home	tochka
20	home	ntochka
\.


--
-- Data for Name: django_migrations; Type: TABLE DATA; Schema: public; Owner: postgres
--

COPY public.django_migrations (id, app, name, applied) FROM stdin;
1	contenttypes	0001_initial	2025-07-23 11:17:54.098039+00
2	auth	0001_initial	2025-07-23 11:17:54.261793+00
3	admin	0001_initial	2025-07-23 11:17:54.302384+00
4	admin	0002_logentry_remove_auto_add	2025-07-23 11:17:54.316252+00
5	admin	0003_logentry_add_action_flag_choices	2025-07-23 11:17:54.324505+00
6	contenttypes	0002_remove_content_type_name	2025-07-23 11:17:54.34015+00
7	auth	0002_alter_permission_name_max_length	2025-07-23 11:17:54.347646+00
8	auth	0003_alter_user_email_max_length	2025-07-23 11:17:54.354525+00
9	auth	0004_alter_user_username_opts	2025-07-23 11:17:54.36061+00
10	auth	0005_alter_user_last_login_null	2025-07-23 11:17:54.369007+00
11	auth	0006_require_contenttypes_0002	2025-07-23 11:17:54.3712+00
12	auth	0007_alter_validators_add_error_messages	2025-07-23 11:17:54.385437+00
13	auth	0008_alter_user_username_max_length	2025-07-23 11:17:54.400083+00
14	auth	0009_alter_user_last_name_max_length	2025-07-23 11:17:54.410119+00
15	auth	0010_alter_group_name_max_length	2025-07-23 11:17:54.420663+00
16	auth	0011_update_proxy_permissions	2025-07-23 11:17:54.428759+00
17	auth	0012_alter_user_first_name_max_length	2025-07-23 11:17:54.435796+00
18	common	0001_initial	2025-07-23 11:17:54.465015+00
19	home	0001_initial	2025-07-23 11:17:54.686774+00
20	home	0002_alter_district_code_alter_district_unique_together	2025-07-23 11:17:54.723625+00
21	home	0003_alter_district_name	2025-07-23 11:17:54.737433+00
22	home	0004_tochka_is_active_delete_periodtochka	2025-07-23 11:17:54.749011+00
23	home	0005_employee_phone1_employee_phone2	2025-07-23 11:17:54.761551+00
24	home	0006_alter_employee_phone1_alter_employee_phone2	2025-07-23 11:17:54.770707+00
25	home	0007_ntochka	2025-07-23 11:17:54.779448+00
26	home	0008_tochka_employee_delete_employeetochka	2025-07-23 11:17:54.806124+00
27	home	0009_ntochka_is_active	2025-07-23 11:17:54.811386+00
28	home	0010_ntochka_hudud	2025-07-23 11:17:54.831554+00
29	home	0011_employee_uuid	2025-07-23 11:17:54.844131+00
30	home	0012_alter_employee_uuid	2025-07-23 11:17:54.856618+00
31	home	0013_alter_employee_uuid	2025-07-23 11:17:54.868441+00
32	home	0014_tochka_uuid_alter_tochka_name	2025-07-23 11:17:54.890367+00
33	home	0015_tochka_icon	2025-07-23 11:17:54.90034+00
34	home	0016_alter_tochka_icon	2025-07-23 11:17:54.907945+00
35	home	0017_alter_tochka_icon	2025-07-23 11:17:54.913457+00
36	home	0018_ntochka_uuid	2025-07-23 11:17:54.924285+00
37	home	0019_alter_ntochka_options_alter_tochka_options_and_more	2025-07-23 11:17:54.942824+00
38	home	0020_alter_ntochka_hudud_alter_ntochka_name_and_more	2025-07-23 11:17:54.960816+00
39	home	0021_alter_district_table_alter_employee_table_and_more	2025-07-23 11:17:55.018333+00
40	home	0022_employee_pinfl	2025-07-23 11:17:55.036426+00
41	home	0023_tochka_code	2025-07-23 11:17:55.055015+00
42	home	0024_ntochka_in_proccess	2025-07-23 11:17:55.063016+00
43	form	0001_initial	2025-07-23 11:17:55.26254+00
44	form	0002_alter_product_unit	2025-07-23 11:17:55.33052+00
45	form	0003_birlik_miqdor_tochkaproducthistory_unit_miqdor_and_more	2025-07-23 11:17:55.368884+00
46	form	0004_remove_product_name_ru_alter_product_name_and_more	2025-07-23 11:17:55.392787+00
47	form	0005_tochkaproduct_is_active_tochkaproduct_is_udalen_and_more	2025-07-23 11:17:55.444972+00
48	form	0006_alter_tochkaproducthistory_period	2025-07-23 11:17:55.465351+00
49	form	0007_alter_tochkaproduct_unique_together	2025-07-23 11:17:55.48165+00
50	form	0008_alter_tochkaproduct_unique_together	2025-07-23 11:17:55.503687+00
51	form	0009_remove_productcategory_bottom_and_more	2025-07-23 11:17:55.544616+00
52	form	0010_alter_tochkaproduct_options_and_more	2025-07-23 11:17:55.59156+00
53	form	0011_product_is_import_productcategory_logo	2025-07-23 11:17:55.606837+00
54	form	0012_alter_tochkaproducthistory_options_and_more	2025-07-23 11:17:55.67228+00
55	form	0013_tochkaproduct_previous_price_and_more	2025-07-23 11:17:55.699415+00
56	form	0014_alter_tochkaproducthistory_ntochka	2025-07-23 11:17:55.711447+00
57	form	0015_alter_product_is_import	2025-07-23 11:17:55.717789+00
58	form	0016_product_uuid	2025-07-23 11:17:55.735841+00
59	form	0017_tochkaproducthistory_status	2025-07-23 11:17:55.751733+00
60	form	0018_alter_product_is_import_alter_tochkaproduct_hudud_and_more	2025-07-23 11:17:55.795317+00
61	form	0019_alter_tochkaproduct_options_and_more	2025-07-23 11:17:55.841612+00
62	form	0020_alter_tochkaproduct_is_udalen	2025-07-23 11:17:55.853088+00
63	form	0021_tochkaproducthistory_alternative_for_and_more	2025-07-23 11:17:55.884885+00
64	form	0022_remove_productcategory_is_weekly_product_is_weekly	2025-07-23 11:17:55.895249+00
65	form	0023_remove_productcategory_name_ru	2025-07-23 11:17:55.902174+00
66	form	0024_product_is_special_and_more	2025-07-23 11:17:56.006717+00
67	form	0025_alter_application_options_alter_application_table	2025-07-23 11:17:56.041072+00
68	form	0026_tochkaproduct_miqdor	2025-07-23 11:17:56.04347+00
69	form	0027_application_ntochkas	2025-07-23 11:17:56.045401+00
70	form	0028_alter_application_ntochka_alter_application_products	2025-07-23 11:17:56.074325+00
71	form	0029_alter_application_ntochkas	2025-07-23 11:17:56.092+00
72	form	0030_product_hbhd_product_is_index	2025-07-23 11:17:56.106769+00
73	form	0031_alter_application_ntochkas	2025-07-23 11:17:56.138047+00
74	form	0032_tochkaproduct_is_weekly	2025-07-23 11:17:56.150677+00
75	form	0033_remove_product_is_weekly_product_weekly	2025-07-23 11:17:56.164196+00
76	form	0034_alter_tochkaproduct_unique_together	2025-07-23 11:17:56.183331+00
77	home	0025_ntochka_is_weekly_tochka_is_weekly	2025-07-23 11:17:56.248488+00
78	home	0026_ntochka_code	2025-07-23 11:17:56.272952+00
79	sessions	0001_initial	2025-07-23 11:17:56.298568+00
80	form	0035_alter_productcategory_rasfas	2025-07-23 12:38:38.173636+00
81	home	0027_tochka_in_proccess	2025-07-25 14:39:35.509944+00
82	form	0036_application_tochka_application_tochkas_and_more	2025-07-25 14:39:35.681173+00
83	form	0037_alter_application_tochka	2025-07-25 14:39:35.725208+00
84	form	0038_application_detail	2025-07-25 14:39:35.746148+00
85	form	0039_application_application_employe_18453e_idx_and_more	2025-07-25 14:39:35.809343+00
86	home	0028_alter_ntochka_code	2025-07-25 14:39:35.832756+00
87	home	0029_tochka_pinfl	2025-07-28 14:42:52.654179+00
89	form	0040_tochkaproducthistory_tochka_product	2025-07-28 14:47:05.503564+00
90	form	0041_alter_tochkaproducthistory_unique_together	2025-07-28 14:47:33.537505+00
91	form	0042_remove_tochkaproducthistory_alternative_for	2025-07-28 14:47:37.169294+00
92	form	0043_alter_tochkaproducthistory_options_and_more	2025-07-28 14:47:37.282258+00
93	form	0044_tochkaproducthistory_hudud_and_more	2025-07-28 14:47:37.378236+00
94	form	0045_product_weekly_type_productcategory_product_type_and_more	2025-07-30 13:07:34.146132+00
95	home	0030_remove_tochka_is_weekly_ntochka_product_type_and_more	2025-07-30 13:07:34.215185+00
\.


--
-- Data for Name: django_session; Type: TABLE DATA; Schema: public; Owner: postgres
--

COPY public.django_session (session_key, session_data, expire_date) FROM stdin;
po70tb5z9p4enxgnjah7twowvdihl1gh	.eJxVjEEOwiAQRe_C2hAGRwou3XsGwjCDVA1NSrsy3l2bdKHb_977LxXTutS4dpnjyOqsQB1-N0r5IW0DfE_tNuk8tWUeSW-K3mnX14nledndv4Oaev3WFiSIH8qRrLcDFwLOWDKzoFhB55yxLBbTKYMLHjIxU0IwyAGNQ_X-AADTOFs:1ugPjI:cIwG7_hklykqzZ1JnWXOLTQZwl94pZBVy2RktNUM2C4	2025-08-11 15:25:32.457142+00
3xyo0tak5csg30w6tgpibcsdehcydol3	.eJxVjEEOwiAQRe_C2hAGRwou3XsGwjCDVA1NSrsy3l2bdKHb_977LxXTutS4dpnjyOqsQB1-N0r5IW0DfE_tNuk8tWUeSW-K3mnX14nledndv4Oaev3WFiSIH8qRrLcDFwLOWDKzoFhB55yxLBbTKYMLHjIxU0IwyAGNQ_X-AADTOFs:1uh8DY:gg0JnA4zBEXa1tcNyqUw7SmswzMpngW_DP_uA405BFw	2025-08-13 14:55:44.669236+00
ii09754co4t5d28pdm7ba4c8gv467bq6	.eJxVjMEOwiAQRP-FsyGwLQgevfsNZBe2UjWQlPZk_Hdp0oNmTjNvZt4i4LbmsDVewpzERWhx-s0I45PLDtIDy73KWMu6zCT3ijxok7ea-HU9un8HGVvuawdEJrJlVAio7TjZAbzmqEE5M0byOJhJO2BtGKgr8pnRKwtDN1Z8vubUN7E:1uhLfC:mDwdELueDQEDJ7dydQWZ4PSG8VLt4xxSPo3lGpjZI7o	2025-08-14 05:17:10.786158+00
81wjzp24sd44e53sq2n1l71qywgpwlg0	.eJxVjMEOwiAQRP-FsyGwLQgevfsNZBe2UjWQlPZk_Hdp0oNmTjNvZt4i4LbmsDVewpzERWhx-s0I45PLDtIDy73KWMu6zCT3ijxok7ea-HU9un8HGVvuawdEJrJlVAio7TjZAbzmqEE5M0byOJhJO2BtGKgr8pnRKwtDN1Z8vubUN7E:1uhLfe:JkM0UTrWGLY4tGQMkM7mC-bq_n-YzX3vVoTskX71XGc	2025-08-14 05:17:38.647223+00
5neh8dfnsmbzzbmattd9omlyohjf0jkg	.eJxVjMEOwiAQRP-FsyGwLQgevfsNZBe2UjWQlPZk_Hdp0oNmTjNvZt4i4LbmsDVewpzERWhx-s0I45PLDtIDy73KWMu6zCT3ijxok7ea-HU9un8HGVvuawdEJrJlVAio7TjZAbzmqEE5M0byOJhJO2BtGKgr8pnRKwtDN1Z8vubUN7E:1uhLhp:5yREITQ8gRlYC-ftujE53wyEJMWdN-5fSY50m7Df_Rc	2025-08-14 05:19:53.88903+00
\.


--
-- Data for Name: employee; Type: TABLE DATA; Schema: public; Owner: postgres
--

COPY public.employee (id, created_at, updated_at, full_name, login, password, status, permission1, permission2, permission3, permission4, permission5, permission_plov, gps_permission, lang, district_id, phone1, phone2, uuid, pinfl) FROM stdin;
1	2025-07-23 11:18:53.539077+00	2025-07-23 11:25:11.131493+00	Sobitov Abbos Bahodir o'gli	1726273	123123123	1	t	t	t	f	f	f	t	uz	76	998942197545	\N	628eba07-d4d1-4280-947b-a7ec2ea82e23	32404986770026
\.


--
-- Data for Name: obyekt; Type: TABLE DATA; Schema: public; Owner: postgres
--

COPY public.obyekt (id, created_at, updated_at, name, inn, address, plan, lat, lon, district_id, is_active, employee_id, uuid, icon, code, in_proccess, pinfl, product_type, weekly_type) FROM stdin;
2	2025-07-23 11:20:05.395933+00	2025-07-23 11:20:05.395949+00	Anglesey food MChJ korzinka	32404986770026	\N	0	41.30206	69.2865	76	t	1	fc88b666-edbc-4898-943e-6bec7eef1959	nutrition	2	f	\N	1	1
3	2025-07-23 11:20:05.400569+00	2025-07-23 11:20:05.400583+00	Yoshlik savdosi MCHJ (Oshxonadagi taomlar) Avliyo ota kuchasi 65 uy	32404986770026	\N	0	41.29182172	69.27614899	76	t	1	022a80bb-4505-45ce-9860-e9af9ac0b194	nutrition	3	f	\N	1	1
4	2025-07-23 11:20:05.404866+00	2025-07-23 11:20:05.404877+00	YaTT Akromov Dilshod Shavkat ugli Mirobod tumani Avliyo ota kuchasi 65 uy	32404986770026	\N	0	41.29148761	69.27656176	76	t	1	d57b7d57-f993-461d-8ace-8511ff4123d0	nutrition	4	f	\N	1	1
5	2025-07-23 11:20:05.409431+00	2025-07-23 11:20:05.409442+00	Avtoritet Texnik Disel Servis MChJ Kichik xalqa yuli	32404986770026	\N	0	41.29608	69.29345	76	t	1	1a750c88-7639-4b7f-b206-d04864bd2857	nutrition	5	f	\N	1	1
6	2025-07-23 11:20:05.41402+00	2025-07-23 11:20:05.41403+00	Poytaxt Oil 2 Sonli AYOQSH Turkiston kuchasi	32404986770026	\N	0	41.30672	69.27893	76	t	1	fbfbb790-0866-4db2-9281-8e95b837050d	nutrition	6	f	\N	1	1
7	2025-07-23 11:20:05.420837+00	2025-07-23 11:20:05.420847+00	Xonada kiritiladigan obyektlar	32404986770026	\N	0	41.30672	69.27893	76	t	1	181427f5-b1ae-4812-bc80-21e73ebe9df9	nutrition	7	f	\N	1	1
8	2025-07-23 11:20:05.425742+00	2025-07-23 11:20:05.425751+00	Sartaroshxona Ilyos Mirobod dehqon bozori hududi	32404986770026	\N	0	41.29148645	69.27524576	76	t	1	d172c258-c71f-4f16-9054-984d10779cb9	nutrition	8	f	\N	1	1
9	2025-07-23 11:20:05.431012+00	2025-07-23 11:20:05.431023+00	Taksida yul haqi	32404986770026	\N	0	41.30672	69.27893	76	t	1	ae138a62-6b6f-47e0-9387-56ea0980c9cd	nutrition	9	f	\N	1	1
10	2025-07-23 11:20:05.43567+00	2025-07-23 11:20:05.43568+00	Arzon apteka Avliyo ota kuchasi 13-uy	32404986770026	\N	0	41.29182	69.27375	76	t	1	d23b8e18-e044-49da-a721-efdd4c299994	nutrition	10	f	\N	1	1
11	2025-07-23 11:20:05.446579+00	2025-07-23 11:20:05.446591+00	CROCUS WASH MOYKA	32404986770026	\N	0	41.30672	69.27893	76	t	1	1c964938-d017-45ca-bde8-d5e9bfa23d68	nutrition	11	f	\N	1	1
12	2025-07-23 11:20:05.453578+00	2025-07-23 11:20:05.45359+00	Safia bakery	32404986770026	\N	0	41.30672	69.27893	76	t	1	546a460c-97b5-4d58-8f66-aa09bfa608c4	nutrition	12	f	\N	1	1
13	2025-07-23 11:20:05.458726+00	2025-07-23 11:20:05.458738+00	Ortiqov Hoshim 978048012	32404986770026	\N	0	41.30672	69.27893	76	t	1	385f8304-e3a5-442e-8bc9-c6dd4da6b634	nutrition	13	f	\N	1	1
14	2025-07-23 11:20:05.463831+00	2025-07-23 11:20:05.463841+00	Mustang Benzin shahobchasi	32404986770026	\N	0	41.30672	69.27893	76	t	1	2225b493-7e96-473e-b5e8-f721a254d7a7	nutrition	14	f	\N	1	1
15	2025-07-23 11:20:05.468409+00	2025-07-23 11:20:05.468419+00	Davronov Abdulaziz 990033090	32404986770026	\N	0	41.30672	69.27893	76	t	1	b99c1883-2b70-430b-a647-ea7839e4763f	nutrition	15	f	\N	1	1
16	2025-07-23 11:20:05.473799+00	2025-07-23 11:20:05.473825+00	SEG Tasco (benzin zapravka)	32404986770026	\N	0	41.30672	69.27893	76	t	1	1d67f675-8f43-4d62-b906-1e29dceba0a8	nutrition	16	f	\N	1	1
17	2025-07-23 11:20:05.482051+00	2025-07-23 11:20:05.482078+00	Kompyuter servis Farrux 99-882-17-18	32404986770026	\N	0	41.30672	69.27893	76	t	1	db502267-5887-4c4f-a15c-5f0653c582ae	nutrition	17	f	\N	1	1
18	2025-07-23 11:20:05.489975+00	2025-07-23 11:20:05.48999+00	Turistik sayohat	32404986770026	\N	0	41.30672	69.27893	76	t	1	78e6cb8d-898d-4b36-b71c-fbfe4319008c	nutrition	18	f	\N	1	1
19	2025-07-23 11:20:05.495699+00	2025-07-23 11:20:05.495711+00	Uy xojalik toqimachiligi	32404986770026	\N	0	41.30672	69.27893	76	t	1	a3d81b8d-9640-43c6-bae8-26372cc0b351	nutrition	19	f	\N	1	1
20	2025-07-23 11:20:05.501513+00	2025-07-23 11:20:05.501528+00	LOOOK fast food	32404986770026	\N	0	41.30672	69.27893	76	t	1	528fb11c-d871-4584-8675-7463062ebf34	nutrition	20	f	\N	1	1
21	2025-07-23 11:20:05.506363+00	2025-07-23 11:20:05.506373+00	Octan Petrol MCHJ	32404986770026	\N	0	41.30672	69.27893	76	t	1	bcf5bee1-9b4b-4eac-84b2-d2b21e203899	nutrition	21	f	\N	1	1
22	2025-07-23 11:20:05.51105+00	2025-07-30 13:22:03.129951+00	DARVOZA SAVDO MCHJ MAKRO SUPERMARKETI Fargona yuli 4 uy	32404986770026	\N	0	41.28669	69.271236	76	t	1	13c76cc6-85c7-4f19-95ea-eb458f8e5c4f	nutrition	22	f	\N	1,2	3
1	2025-07-23 11:20:05.387248+00	2025-07-30 13:31:46.508097+00	Mirobod dehqon bozori MCHJ Nukus kuchasi	32404986770026	\N	0	41.3249538	69.3186192	76	t	1	84e7a48e-bf38-431c-bc4f-cbfd1243c4e0	nutrition	1	f	\N	1,2,3	3
33	2025-07-30 14:46:59.243231+00	2025-07-30 14:46:59.250218+00	Dgbeattbettbe	454845818	Mustaqillik shoh ko'chasi, 65, Мирзо Улуғбек тумани, Тоshkent, Toshkent	0	41.3249281	69.318522	76	t	1	b79b166f-51c2-4b8e-95cc-5edbef9270ae	nutrition	172627333	t		1	1
\.


--
-- Data for Name: period; Type: TABLE DATA; Schema: public; Owner: postgres
--

COPY public.period (id, created_at, updated_at, name, period_type, is_active) FROM stdin;
1	2025-07-23 11:26:23.116706+00	2025-07-30 13:14:50.448361+00	2025 iyun 3 hafta	weekly	t
\.


--
-- Data for Name: period_date; Type: TABLE DATA; Schema: public; Owner: postgres
--

COPY public.period_date (id, created_at, updated_at, date, period_id) FROM stdin;
1	2025-07-23 11:26:23.118449+00	2025-07-23 11:26:23.118462+00	2025-07-23	1
2	2025-07-23 11:26:23.119824+00	2025-07-23 11:26:23.119834+00	2025-07-24	1
3	2025-07-23 11:26:23.120808+00	2025-07-23 11:26:23.120817+00	2025-07-25	1
4	2025-07-26 09:28:15.784976+00	2025-07-26 09:28:15.784992+00	2025-07-26	1
5	2025-07-28 14:52:05.54855+00	2025-07-28 14:52:05.548566+00	2025-07-28	1
6	2025-07-29 04:20:56.873395+00	2025-07-29 04:20:56.873406+00	2025-07-29	1
7	2025-07-29 04:20:56.874689+00	2025-07-29 04:20:56.874698+00	2025-07-30	1
\.


--
-- Data for Name: product; Type: TABLE DATA; Schema: public; Owner: postgres
--

COPY public.product (id, created_at, updated_at, name, code, price, unit_id, category_id, bottom, top, is_import, uuid, is_special, hbhd, is_index, weekly, weekly_type) FROM stdin;
1	2025-07-23 11:20:08.112871+00	2025-07-23 11:20:08.112886+00	Lazer Xorazm	1	21000	1	1	16800	25200	t	0e41d295-db47-4d4b-a01c-c9fd6d5205af	t	3	t	3	1
2	2025-07-23 11:20:08.119187+00	2025-07-23 11:20:08.119198+00	Nukus Xorazm	2	13000	1	2	10400	15600	t	da923105-3edf-4798-bd8d-607ee86f326b	t	3	t	3	1
3	2025-07-23 11:20:08.146699+00	2025-07-23 11:20:08.146725+00	Alanga Xorazm	3	17000	1	2	13600	20400	t	dc37d038-bed4-4f18-af5e-33c3ed5a8102	t	3	t	3	1
4	2025-07-23 11:20:08.154251+00	2025-07-23 11:20:08.154265+00	Avangard Xorazm	4	14000	1	2	11200	16800	t	d3f539e5-0f38-43c6-8600-125a74c45f9f	t	3	t	3	1
5	2025-07-23 11:20:08.159863+00	2025-07-23 11:20:08.159878+00	Ovsyanka yormasi	5	9000	1	6	7200	10800	t	b4e90a0f-a465-4ecc-b16e-ab4d610aca16	f	3	f	2	1
6	2025-07-23 11:20:08.165018+00	2025-07-23 11:20:08.165028+00	Perilofka	6	6000	1	7	4800	7200	t	e63572e3-f8e6-4d0f-a87a-985d9022c946	f	3	f	2	1
7	2025-07-23 11:20:08.169855+00	2025-07-23 11:20:08.169866+00	Mutabar  Uzbekiston	7	10000	1	9	8000	12000	t	52e3978d-a3b8-40fd-9bae-a0bd07ed8cee	t	3	t	3	1
8	2025-07-23 11:20:08.176773+00	2025-07-23 11:20:08.176799+00	Oltin don  Uzbekiston	8	9000	1	9	7200	10800	t	94ab2a6c-b435-4e54-bb06-9119fb6cfa56	t	3	t	3	1
9	2025-07-23 11:20:08.185645+00	2025-07-23 11:20:08.185662+00	Birinchi navli un Turon	9	7000	1	10	5600	8400	t	7b7436bb-58e9-475f-b35b-2d55e14a001b	t	3	t	3	1
10	2025-07-23 11:20:08.192245+00	2025-07-23 11:20:08.192261+00	Birinchi navli un Motabar	10	7000	1	10	5600	8400	t	46999c27-c745-49e4-aea8-ae0055ad6d91	t	3	t	3	1
11	2025-07-23 11:20:08.197367+00	2025-07-23 11:20:08.197382+00	xleb oq formoviy Master Bakery	11	12727.272727272726	1	11	10181	15272	t	91bde343-a94b-4cc2-9e06-75479bfa0567	f	3	f	2	1
12	2025-07-23 11:20:08.202644+00	2025-07-23 11:20:08.202656+00	1-navli bugdoy unidan qolibli non	12	5000	1	12	4000	6000	t	476faaee-9878-408e-99a8-cc28da5e3b8a	t	3	t	3	1
13	2025-07-23 11:20:08.207065+00	2025-07-23 11:20:08.207074+00	Qaymoqli non	13	14285.714285714286	1	13	11428	17142	t	e83bc8ab-51a2-4d3d-913f-1e0dd3c45dc8	t	3	t	3	1
14	2025-07-23 11:20:08.211157+00	2025-07-23 11:20:08.211167+00	Sutli non	14	15000	1	13	12000	18000	t	9d8334d9-d71b-46eb-a414-2ee54c0c443b	t	3	t	3	1
15	2025-07-23 11:20:08.217222+00	2025-07-23 11:20:08.217231+00	Kulcha non oddiy	15	16071.428571428572	1	13	12857	19285	t	8aaf14d6-9e24-454a-8fcd-fbc110cbaf12	t	3	t	3	1
16	2025-07-23 11:20:08.221321+00	2025-07-23 11:20:08.22133+00	Mol gushti son	16	120000	1	34	96000	144000	t	ce271ad4-42b3-4b1a-9afc-6f9a9babf452	t	3	t	3	1
17	2025-07-23 11:20:08.225453+00	2025-07-23 11:20:08.225462+00	Mol gushti tosh	17	105000	1	34	84000	126000	t	97622d86-f3dd-4d50-bced-159c3b8bdc8e	t	3	t	3	1
18	2025-07-23 11:20:08.229632+00	2025-07-23 11:20:08.229641+00	Mol gushti qul	18	115000	1	34	92000	138000	t	348c58bc-50f5-428d-af1e-21305de7b403	t	3	t	3	1
19	2025-07-23 11:20:08.233811+00	2025-07-23 11:20:08.23382+00	Mol gushti biqin	19	120000	1	34	96000	144000	t	a1ea24b6-77bf-43ae-b4af-a576ddcd1a98	t	3	t	3	1
20	2025-07-23 11:20:08.237639+00	2025-07-23 11:20:08.237647+00	Mol gushti lahm	20	125000	1	35	100000	150000	t	5ac065b7-9f5b-462b-a5d5-717e896d59d3	t	3	t	3	1
21	2025-07-23 11:20:08.243407+00	2025-07-23 11:20:08.243416+00	Quy gushti qovurga	21	130000	1	36	104000	156000	t	87d759fc-6df2-4212-b7c9-529c64b79e7e	t	3	t	3	1
22	2025-07-23 11:20:08.247383+00	2025-07-23 11:20:08.247392+00	Quy gushti biqin	22	130000	1	36	104000	156000	t	4394da92-6bc2-4291-a8ac-9fc2fa7ded9f	t	3	t	3	1
23	2025-07-23 11:20:08.2514+00	2025-07-23 11:20:08.251409+00	Quy gushti qul	23	130000	1	36	104000	156000	t	765aa01c-7245-4645-a4c4-f26dcc606e11	t	3	t	3	1
24	2025-07-23 11:20:08.255451+00	2025-07-23 11:20:08.25546+00	Quy gushti son	24	130000	1	36	104000	156000	t	59b64f56-3f8c-4eb1-8ef8-4878cbbd0d1f	t	3	t	3	1
25	2025-07-23 11:20:08.259259+00	2025-07-23 11:20:08.259269+00	Rulka chuchqa gushti	25	88000	1	37	70400	105600	t	6459ffdc-a7b7-4ad4-9398-d5ed3b204780	f	3	f	2	1
26	2025-07-23 11:20:08.265292+00	2025-07-23 11:20:08.2653+00	Tovuq gushti	26	32000	1	38	25600	38400	t	adf204a0-c17b-40a2-9c95-d10eed9ecaa8	t	3	t	3	1
27	2025-07-23 11:20:08.26921+00	2025-07-23 11:20:08.269219+00	Tovuq gushti broler	27	36000	1	38	28800	43200	t	ed29968e-a8c1-46c2-9ecd-67b629e5135d	t	3	t	3	1
28	2025-07-23 11:20:08.27306+00	2025-07-23 11:20:08.27307+00	Tovuq sonlari broler Mahalliy	28	36000	1	39	28800	43200	t	bfee2d65-4228-4085-8f6b-8022f28e0d98	t	3	t	3	1
29	2025-07-23 11:20:08.276932+00	2025-07-23 11:20:08.276943+00	Qiyma mol gushtidan yogli	29	100000	1	40	80000	120000	t	c2b55c18-dd08-44e0-9310-8f23522fbc2d	f	3	f	2	1
30	2025-07-23 11:20:08.280574+00	2025-07-23 11:20:08.280583+00	Qiyma mol gushtidan	30	120000	1	40	96000	144000	t	addab785-dc25-4118-9aec-4b10d141b4de	f	3	f	2	1
31	2025-07-23 11:20:08.284206+00	2025-07-23 11:20:08.284215+00	Mol jigari	31	80000	1	41	64000	96000	t	3a5402ee-d441-49f5-8bfa-787438208fe0	f	3	f	2	1
32	2025-07-23 11:20:08.289448+00	2025-07-23 11:20:08.289457+00	Mol oyoqlari mayda	32	40000	2	42	32000	48000	t	0101d475-ca39-4042-a54b-aba9e653318c	f	3	f	2	1
33	2025-07-23 11:20:08.293135+00	2025-07-23 11:20:08.293144+00	Mol oyoqlari yirik	33	50000	2	42	40000	60000	t	20883f34-531c-4370-9edf-3d6f9361fcbd	f	3	f	2	1
34	2025-07-23 11:20:08.297419+00	2025-07-23 11:20:08.297428+00	Mol til	34	120000	1	43	96000	144000	t	71f7d8e1-fdf2-4614-99ae-818eedf50136	f	3	f	2	1
35	2025-07-23 11:20:08.302205+00	2025-07-23 11:20:08.302214+00	Brinza mahalliy	35	60000	1	62	48000	72000	t	4211e441-4b3f-4d5b-8013-76637417eda1	f	3	f	2	1
36	2025-07-23 11:20:08.306947+00	2025-07-23 11:20:08.306957+00	Tvorog mahalliy	36	40000	1	63	32000	48000	t	383809df-2fa0-46f7-9858-0119ce5f3a15	f	3	f	2	1
37	2025-07-23 11:20:08.311018+00	2025-07-23 11:20:08.311027+00	Smetana mahalliy	37	63000	1	66	50400	75600	t	6e522a17-269e-481f-a12a-8f56e4fbca30	f	3	f	2	1
38	2025-07-23 11:20:08.316991+00	2025-07-23 11:20:08.317+00	Suzma yogsiz	38	25000	1	69	20000	30000	t	427bbe17-3b7f-40f1-86cd-a76c332c413e	t	3	t	3	1
39	2025-07-23 11:20:08.321142+00	2025-07-23 11:20:08.321151+00	Suzma yogli	39	20000	1	69	16000	24000	t	a9ce0d22-3425-401e-8c9c-bcc1b1215c45	t	3	t	3	1
40	2025-07-23 11:20:08.325119+00	2025-07-23 11:20:08.325128+00	Qurt shvitli	40	87000	1	70	69600	104400	t	be257167-1f0a-4e6f-806c-28e75d5b09a4	f	3	f	2	1
41	2025-07-23 11:20:08.331007+00	2025-07-23 11:20:08.331027+00	Yogli qurt	41	100000	1	70	80000	120000	t	5a08ad7e-d257-4338-9180-fcc8e662a180	f	3	f	2	1
42	2025-07-23 11:20:08.337724+00	2025-07-23 11:20:08.337735+00	Qattiq qurt	42	90000	1	70	72000	108000	t	ce8e06dd-757a-40bc-8d04-c65944bdbf50	f	3	f	2	1
43	2025-07-23 11:20:08.344975+00	2025-07-23 11:20:08.344987+00	Paxta yogi	43	21000	3	72	16800	25200	t	2300be71-bd14-4a4d-b69d-ddf417684461	t	3	t	3	1
44	2025-07-23 11:20:08.351243+00	2025-07-23 11:20:08.351265+00	Zateya Rossiya	44	26000	3	73	20800	31200	t	02942985-77df-4e95-9bed-9b674a8ab6ef	t	3	t	3	1
45	2025-07-23 11:20:08.357827+00	2025-07-23 11:20:08.357844+00	Oleyna  Rossiya	45	24000	3	73	19200	28800	t	78c38e63-363a-4abc-86ed-6fce81f18740	t	3	t	3	1
46	2025-07-23 11:20:08.362743+00	2025-07-23 11:20:08.362756+00	Bon Debutmaslo sliv  825%	46	96000	1	74	76800	115200	t	460a04a4-add0-414f-951e-bba8e3cea412	f	3	f	2	1
47	2025-07-23 11:20:08.36773+00	2025-07-23 11:20:08.367739+00	Derevenskiy 82 %	47	75000	1	74	60000	90000	t	656dd35a-55cf-4dd3-a099-d2d3f825fb53	f	3	f	2	1
48	2025-07-23 11:20:08.371855+00	2025-07-23 11:20:08.371864+00	Mol charvisi	48	30000	1	76	24000	36000	t	a183fc84-9c40-47f6-afa5-3b2ac38602cf	f	3	f	2	1
49	2025-07-23 11:20:08.383119+00	2025-07-23 11:20:08.38313+00	Banan katta	49	19000	1	78	15200	22800	t	cec6d13c-4cb8-459b-9e89-fc6513aee574	f	3	f	2	1
50	2025-07-23 11:20:08.387461+00	2025-07-23 11:20:08.387472+00	Limon mahalliy	50	60000	1	79	48000	72000	t	09db8919-3fc7-48a8-a86d-bf3061f3e4ba	t	3	t	3	1
51	2025-07-23 11:20:08.391653+00	2025-07-23 11:20:08.391667+00	Mandarin Medovka	51	30000	1	80	24000	36000	t	eb6eab26-d71d-4a7f-8547-b5761cc88ece	f	3	f	2	1
52	2025-07-23 11:20:08.396317+00	2025-07-23 11:20:08.396328+00	Mandarin Pakistan	52	30000	1	80	24000	36000	t	f39056a6-ad43-481f-acaa-837c53f5fb03	f	3	f	2	1
53	2025-07-23 11:20:08.400562+00	2025-07-23 11:20:08.400571+00	Kichik donali	53	35000	1	81	28000	42000	t	7c71c222-454b-4f6a-bf16-7e335e38f889	f	3	f	2	1
54	2025-07-23 11:20:08.404379+00	2025-07-23 11:20:08.404389+00	Golden	54	16000	1	82	12800	19200	t	3ecbbdc7-540a-4e12-bad4-34c21a13b406	t	3	t	3	1
55	2025-07-23 11:20:08.409879+00	2025-07-23 11:20:08.409888+00	Besh Yulduz	55	15000	1	82	12000	18000	t	e999979c-09a6-44c2-a61e-7aad7b567370	t	3	t	3	1
56	2025-07-23 11:20:08.413675+00	2025-07-23 11:20:08.413684+00	Olma Semerenka	56	10000	1	82	8000	12000	t	eda37338-76f6-402b-b37e-2b5a0e25a36e	t	3	t	3	1
57	2025-07-23 11:20:08.417434+00	2025-07-23 11:20:08.417443+00	Nok Mahalliy	57	20000	1	83	16000	24000	t	fcb66feb-f321-4547-92fa-17c64fda1246	f	3	f	2	1
58	2025-07-23 11:20:08.421089+00	2025-07-23 11:20:08.421098+00	Nok Eron	58	20000	1	83	16000	24000	t	b925c9e5-c871-4954-9cea-d9345540bcc7	f	3	f	2	1
390	2025-07-23 11:20:09.901344+00	2025-07-23 11:20:09.901353+00	KFC	390	90000	5	138	72000	108000	t	bf493aa7-be83-448b-9039-c7568a015038	f	3	f	2	1
59	2025-07-23 11:20:08.42461+00	2025-07-23 11:20:08.424619+00	Qizil shaftoli	59	15000	1	84	12000	18000	t	ff62f015-93f5-4db1-99d7-33106e653e73	f	3	f	2	1
60	2025-07-23 11:20:08.428437+00	2025-07-23 11:20:08.428446+00	Tukli shaftoli	60	20000	1	84	16000	24000	t	80ebb472-7941-4ef7-bb94-958c4811947a	f	3	f	2	1
61	2025-07-23 11:20:08.433523+00	2025-07-23 11:20:08.433532+00	Husayni	61	18000	1	85	14400	21600	t	d00303b9-abbb-4f39-a991-b3dcc19fcde8	f	3	f	2	1
62	2025-07-23 11:20:08.43696+00	2025-07-23 11:20:08.436968+00	Toyfi	62	15000	1	85	12000	18000	t	41ee3d45-870b-4b93-a589-80de9bf40389	f	3	f	2	1
63	2025-07-23 11:20:08.440409+00	2025-07-23 11:20:08.440418+00	Qora uzum vinniy	63	15000	1	85	12000	18000	t	2bd8cb44-419c-4eb0-8d39-58cceb548d11	f	3	f	2	1
64	2025-07-23 11:20:08.444062+00	2025-07-23 11:20:08.444071+00	Oq toypi	64	22000	1	85	17600	26400	t	83e53ceb-e684-46b8-a8ae-1a6874312f46	f	3	f	2	1
65	2025-07-23 11:20:08.447997+00	2025-07-23 11:20:08.448006+00	Mahalliy tarvuz Katta	65	2500	1	86	2000	3000	t	422c684c-7388-45c8-ba83-3a484f503daf	f	3	f	2	1
66	2025-07-23 11:20:08.453257+00	2025-07-23 11:20:08.453266+00	Mahalliy tarvuz Kichik	66	2500	1	86	2000	3000	t	1bd50184-be8d-4dfe-8f27-7b012fcd615b	f	3	f	2	1
67	2025-07-23 11:20:08.456817+00	2025-07-23 11:20:08.456826+00	Qovun kampir chopon	67	4000	1	87	3200	4800	t	52beff74-ab88-4e9e-a88a-5a56ead9a271	f	3	f	2	1
68	2025-07-23 11:20:08.460513+00	2025-07-23 11:20:08.460521+00	Qovun torlik	68	4000	1	87	3200	4800	t	5a3f6fa6-d42b-48b9-b67e-f5f06628b2c3	f	3	f	2	1
69	2025-07-23 11:20:08.464497+00	2025-07-23 11:20:08.464506+00	Qovun torlik obinovvot	69	4000	1	87	3200	4800	t	2748a916-6522-4fb4-8492-13ec46e14f1a	f	3	f	2	1
70	2025-07-23 11:20:08.468671+00	2025-07-23 11:20:08.46868+00	Shirin anor	70	20000	1	88	16000	24000	t	f9f17f97-7110-4c99-946c-0c16bbf1b946	f	3	f	2	1
71	2025-07-23 11:20:08.472359+00	2025-07-23 11:20:08.472368+00	Qayin Anor	71	20000	1	88	16000	24000	t	e82d1b16-60d3-489c-a534-b5195ecc6293	f	3	f	2	1
72	2025-07-23 11:20:08.477977+00	2025-07-23 11:20:08.477987+00	Anor nordon	72	25000	1	88	20000	30000	t	93a0f20f-169a-460a-8dc6-14f4d775ed10	f	3	f	2	1
73	2025-07-23 11:20:08.481569+00	2025-07-23 11:20:08.481578+00	Katta donali Anor	73	20000	1	88	16000	24000	t	6aedf8cf-d69e-41b7-b7de-edf372abebd1	f	3	f	2	1
74	2025-07-23 11:20:08.485293+00	2025-07-23 11:20:08.485302+00	Mayiz saralangan	74	70000	1	89	56000	84000	t	2a1255e2-e074-4bb8-9433-9ee08895f63b	f	3	f	2	1
75	2025-07-23 11:20:08.489118+00	2025-07-23 11:20:08.489127+00	Mayiz soyaki	75	63000	1	89	50400	75600	t	a8483f48-3258-4c03-a92e-a270f02396b0	f	3	f	2	1
76	2025-07-23 11:20:08.492773+00	2025-07-23 11:20:08.492783+00	Mayiz 1 sort	76	60000	1	89	48000	72000	t	387db28c-6b40-4a74-bc72-b5790b79c896	f	3	f	2	1
77	2025-07-23 11:20:08.496353+00	2025-07-23 11:20:08.496362+00	Orikdan Turshak	77	80000	1	90	64000	96000	t	33cca755-e0a0-447c-9cdb-131d6465948a	f	3	f	2	1
78	2025-07-23 11:20:08.501743+00	2025-07-23 11:20:08.501752+00	Quritilgan namatak	78	35000	1	91	28000	42000	t	c5e7ccfb-36cd-4292-9167-f65ab31ea72c	f	3	f	2	1
79	2025-07-23 11:20:08.505502+00	2025-07-23 11:20:08.505512+00	Yupqa yongoq chaqilmagan	79	35000	1	92	28000	42000	t	e9ed0038-a6ed-4063-a470-48d43132d3bd	f	3	f	2	1
80	2025-07-23 11:20:08.509372+00	2025-07-23 11:20:08.509381+00	Oq magiz chaqilgan	80	100000	1	92	80000	120000	t	e74a6da6-706b-4bdf-8f44-193ef237a997	f	3	f	2	1
81	2025-07-23 11:20:08.513057+00	2025-07-23 11:20:08.513067+00	Yongoqlar chaqilmagan	81	35000	1	92	28000	42000	t	10e842d2-04a9-4021-b250-cfda43e3fc1a	f	3	f	2	1
82	2025-07-23 11:20:08.516712+00	2025-07-23 11:20:08.516722+00	Akpari eron pista	82	180000	1	93	144000	216000	t	0923f0c5-5564-4c37-86ba-7436929ab6b0	f	3	f	2	1
83	2025-07-23 11:20:08.520311+00	2025-07-23 11:20:08.52032+00	Bodom yupqa pochoq	83	120000	1	94	96000	144000	t	03475b7b-193c-433a-aa52-a964f88fd457	f	3	f	2	1
84	2025-07-23 11:20:08.525872+00	2025-07-23 11:20:08.525881+00	Bodomlar qattiq puchoq	84	80000	1	94	64000	96000	t	9ac24894-c00c-4031-86ea-a60ee8028f7e	f	3	f	2	1
85	2025-07-23 11:20:08.529491+00	2025-07-23 11:20:08.5295+00	Yeryongoq chaqilgan	85	30000	1	95	24000	36000	t	280d8843-aa01-45b7-a8ae-c9c887101238	f	3	f	2	1
86	2025-07-23 11:20:08.53316+00	2025-07-23 11:20:08.533169+00	Puchoqli Yeryongoqlar	86	31000	1	95	24800	37200	t	2eeacf06-ab03-4cd2-94ef-152d6db8ccdd	f	3	f	2	1
87	2025-07-23 11:20:08.536929+00	2025-07-23 11:20:08.536938+00	Yeryongoq	87	30000	1	95	24000	36000	t	6de8f81d-daed-4f72-9906-e311878ecbea	f	3	f	2	1
88	2025-07-23 11:20:08.540617+00	2025-07-23 11:20:08.540627+00	Qovurilgan kungaboqar pistalari mahalliy	88	40000	1	97	32000	48000	t	96937803-5903-42c6-973b-e09e887673c5	f	3	f	2	1
89	2025-07-23 11:20:08.54623+00	2025-07-23 11:20:08.546239+00	Karam	89	4000	1	99	3200	4800	t	d4a0a130-85d3-4e41-82f6-32443cad37ca	t	3	t	3	1
90	2025-07-23 11:20:08.549883+00	2025-07-23 11:20:08.549892+00	Bodring maydasi	90	7000	1	101	5600	8400	t	1987c159-f7d0-48a5-ba0a-73cbce43fee1	t	3	t	3	1
91	2025-07-23 11:20:08.553735+00	2025-07-23 11:20:08.553743+00	Bodring yirigi	91	3000	1	101	2400	3600	t	8537a27e-44c0-44fd-8619-97bbb877fe86	t	3	t	3	1
92	2025-07-23 11:20:08.55751+00	2025-07-23 11:20:08.557519+00	Pomidor pushti	92	10000	1	102	8000	12000	t	2720688b-4aa8-45a9-be64-2ff0bf0b3fea	t	3	t	3	1
93	2025-07-23 11:20:08.561274+00	2025-07-23 11:20:08.561284+00	Pomidor yablochniy	93	13000	1	102	10400	15600	t	8ec5ea77-0c9a-4b3e-af62-3f322060a0f8	t	3	t	3	1
94	2025-07-23 11:20:08.564897+00	2025-07-23 11:20:08.564915+00	Baqlajon	94	10000	1	103	8000	12000	t	49f9cd2d-a7da-4d98-ad22-7315d8eee6b4	f	3	f	2	1
95	2025-07-23 11:20:08.570241+00	2025-07-23 11:20:08.570251+00	Bulgor qalampiri yashil	95	10000	1	104	8000	12000	t	4cb59753-d7e9-49c0-ad5b-ebf09a68b879	f	3	f	2	1
96	2025-07-23 11:20:08.573889+00	2025-07-23 11:20:08.573898+00	Bulgor qalampiri qizil	96	30000	1	104	24000	36000	t	627410c9-0a57-4fad-8974-e91488ca8fe4	f	3	f	2	1
97	2025-07-23 11:20:08.577568+00	2025-07-23 11:20:08.577577+00	Qizil lavlagi	97	7000	1	106	5600	8400	t	9841ec90-eae5-41c4-af2a-4ad156d3634a	f	3	f	2	1
98	2025-07-23 11:20:08.581296+00	2025-07-23 11:20:08.581305+00	Qizil sabzi	98	8000	1	107	6400	9600	t	149b3ac6-dadc-4ede-bf5b-1ebae38a235f	t	3	t	3	1
99	2025-07-23 11:20:08.584922+00	2025-07-23 11:20:08.584931+00	Sabzi sariq	99	9000	1	107	7200	10800	t	1bfd4207-648b-4062-8269-5bcabf2f7a6c	t	3	t	3	1
100	2025-07-23 11:20:08.588495+00	2025-07-23 11:20:08.588504+00	Qizil sholgom	100	6000	1	108	4800	7200	t	2f3a5297-b555-4b00-8a86-9289a9d1ba0a	f	3	f	2	1
101	2025-07-23 11:20:08.594923+00	2025-07-23 11:20:08.594932+00	Sarik Sholgom	101	6000	1	108	4800	7200	t	21bf057a-016e-4127-80e0-66066fa87188	f	3	f	2	1
102	2025-07-23 11:20:08.598606+00	2025-07-23 11:20:08.598615+00	Yirik Sarimsoq	102	26000	1	109	20800	31200	t	2e98b847-4295-4976-8706-48f11e1fe48c	f	3	f	2	1
103	2025-07-23 11:20:08.602497+00	2025-07-23 11:20:08.602506+00	Mayda Sarimsoq	103	30000	1	109	24000	36000	t	9f4f46b0-2a67-426a-982f-d0f2ad99c0a8	f	3	f	2	1
104	2025-07-23 11:20:08.606343+00	2025-07-23 11:20:08.606353+00	Katta piyoz	104	3000	1	110	2400	3600	t	d81f4ab1-1078-46a3-8d0c-44714e210097	t	3	t	3	1
105	2025-07-23 11:20:08.610102+00	2025-07-23 11:20:08.610111+00	Mayda piyoz	105	2000	1	110	1600	2400	t	7c3ae5c7-5cfd-4f81-b049-9baa7a0babf1	t	3	t	3	1
106	2025-07-23 11:20:08.615529+00	2025-07-23 11:20:08.615538+00	Mayda turp	106	5000	1	111	4000	6000	t	458a0a29-4d99-4915-8a1e-47a1b7814f9e	f	3	f	2	1
107	2025-07-23 11:20:08.619231+00	2025-07-23 11:20:08.61924+00	Oltiariq turp	107	6000	1	111	4800	7200	t	496892ab-826a-4873-b2dc-91d4156098e3	f	3	f	2	1
108	2025-07-23 11:20:08.623065+00	2025-07-23 11:20:08.623075+00	Kartoshka	108	6000	1	113	4800	7200	t	23872d4c-b66c-4a8d-b312-01e047a6d560	t	3	t	3	1
109	2025-07-23 11:20:08.627045+00	2025-07-23 11:20:08.627054+00	Kartoshka mayda	109	7000	1	113	5600	8400	t	7d52fc3e-c2b6-4aab-bf0b-5ef0597c7855	t	3	t	3	1
110	2025-07-23 11:20:08.630871+00	2025-07-23 11:20:08.630879+00	Qizil loviya	110	25000	1	114	20000	30000	t	90ac736c-5ada-4c1e-bda8-9d8f095498ad	t	3	t	3	1
111	2025-07-23 11:20:08.634586+00	2025-07-23 11:20:08.634606+00	Oq loviya	111	25000	1	114	20000	30000	t	c5cca53a-3191-4dca-9855-4b08aa70d406	t	3	t	3	1
112	2025-07-23 11:20:08.640106+00	2025-07-23 11:20:08.640115+00	Noxat	112	26000	1	115	20800	31200	t	33f9cf9a-ebbe-4268-ba20-c94742b751f5	t	3	t	3	1
113	2025-07-23 11:20:08.64388+00	2025-07-23 11:20:08.643889+00	Noxat yirigi	113	40000	1	115	32000	48000	t	bc98ec28-b6be-4fea-b0e5-1188ca88b52d	t	3	t	3	1
114	2025-07-23 11:20:08.647771+00	2025-07-23 11:20:08.647782+00	Mosh	114	18000	1	116	14400	21600	t	e2acd79e-e82d-4af8-8cf9-0c2848ac9b9a	t	3	t	3	1
115	2025-07-23 11:20:08.651711+00	2025-07-23 11:20:08.65172+00	Chips Cheers 210gr	115	90476.19047619047	1	121	72380	108571	t	1ca2d36d-42ca-4a82-845a-79147482b3fa	f	3	f	2	1
116	2025-07-23 11:20:08.655452+00	2025-07-23 11:20:08.655461+00	Bonduelle yashil nuxat 200gr	116	24000	1	122	19200	28800	t	bc3a514a-9626-4bb5-935f-5f5fb767f4e3	f	3	f	2	1
117	2025-07-23 11:20:08.659097+00	2025-07-23 11:20:08.659106+00	Shakar Rossiya	117	13000	1	123	10400	15600	t	ed6c1165-b079-423a-9912-9274250f4beb	t	3	t	3	1
118	2025-07-23 11:20:08.664455+00	2025-07-23 11:20:08.664464+00	Shakar (Xorazm)	118	13000	1	123	10400	15600	t	5f2d3c1f-3be9-4e05-b40a-91179436fc4a	t	3	t	3	1
119	2025-07-23 11:20:08.66807+00	2025-07-23 11:20:08.66808+00	Shakar (Angren )	119	13600	1	123	10880	16320	t	bc882634-a7e5-454f-9c1b-2edc25c6230f	t	3	t	3	1
120	2025-07-23 11:20:08.671646+00	2025-07-23 11:20:08.671655+00	Novvot chopli	120	25000	1	125	20000	30000	t	2323041f-bc70-4f49-aca6-9a2a1c162a5a	f	3	f	2	1
121	2025-07-23 11:20:08.675211+00	2025-07-23 11:20:08.675221+00	Oq Novvot	121	22500	1	125	18000	27000	t	ab8c52c8-6af7-4acf-9383-5aee6165a31c	f	3	f	2	1
122	2025-07-23 11:20:08.678721+00	2025-07-23 11:20:08.67873+00	Maxeyev limonli jem	122	82500	3	126	66000	99000	t	f5063ab0-0c83-417b-9b90-d2082e5bcd50	f	3	f	2	1
123	2025-07-23 11:20:08.682125+00	2025-07-23 11:20:08.682134+00	MILLENIUM shkolod yongoqli	123	22000	1	130	17600	26400	t	ddeef606-f4d8-4378-9bde-5f1faefae9b3	f	3	f	2	1
124	2025-07-23 11:20:08.687516+00	2025-07-23 11:20:08.687525+00	Chocotella Duo shokoladli 330gr	124	103030.30303030302	1	132	82424	123636	t	2a0bb64d-ad5a-4033-90a0-c844a011bf9a	f	3	f	2	1
125	2025-07-23 11:20:08.692357+00	2025-07-23 11:20:08.692366+00	Orbit draje yalpiz	125	6000	4	137	4800	7200	t	f74904f9-dd80-4306-83fe-25f0a21321a2	f	3	f	2	1
126	2025-07-23 11:20:08.696295+00	2025-07-23 11:20:08.696304+00	NESTOGEN 2 Nestle	126	200000	1	139	160000	240000	t	1e8b41af-1fe4-499a-91c0-4365ad75596b	f	3	f	2	1
127	2025-07-23 11:20:08.700235+00	2025-07-23 11:20:08.700244+00	Maxeev 67%	127	40000	1	142	32000	48000	t	28d380df-c8f6-4c20-84f8-b4b00e0865b4	f	3	f	2	1
128	2025-07-23 11:20:08.704054+00	2025-07-23 11:20:08.704063+00	Bakerdream hamirturushi	128	5000	1	150	4000	6000	t	b515cd97-8ce6-4af1-9b4b-b7221aef7e0c	f	3	f	2	1
129	2025-07-23 11:20:08.709308+00	2025-07-23 11:20:08.709317+00	Neskafe Gold 190gr	129	378947.36842105264	1	153	303157	454736	t	c0556151-b99e-4bc8-b020-96c60537f4be	f	3	f	2	1
130	2025-07-23 11:20:08.712861+00	2025-07-23 11:20:08.71287+00	Maccafe	130	235000	1	153	188000	282000	t	e61440e0-724c-4497-9c23-320b1089a396	f	3	f	2	1
131	2025-07-23 11:20:08.71654+00	2025-07-23 11:20:08.716549+00	Tudor choy	131	220000	1	155	176000	264000	t	ca116e28-d4c8-4d5c-844f-770a1e67b618	f	3	f	2	1
132	2025-07-23 11:20:08.720236+00	2025-07-23 11:20:08.720245+00	Toza 95 kok choyi	132	50000	1	156	40000	60000	t	a50d3388-f35e-4cbf-a948-0a9a2359b5c7	f	3	f	2	1
133	2025-07-23 11:20:08.723902+00	2025-07-23 11:20:08.723925+00	Toza 110 kok choyi	133	50000	1	156	40000	60000	t	44ac5d82-895d-4939-819e-c32c3c775ab8	f	3	f	2	1
134	2025-07-23 11:20:08.727643+00	2025-07-23 11:20:08.727652+00	Neskvik sut shokoladi kokteyl	134	20000	3	157	16000	24000	t	f5301c22-1ac8-4449-b5d8-f481c74bcd39	f	3	f	2	1
135	2025-07-23 11:20:08.737991+00	2025-07-23 11:20:08.738004+00	Santal suv gazlangan	135	4000	3	158	3200	4800	t	d2eb53ef-3301-46d4-aecd-b017a2f24ee9	f	3	f	2	1
136	2025-07-23 11:20:08.742501+00	2025-07-23 11:20:08.742513+00	Pepsi	136	10000	3	159	8000	12000	t	6c7b1f91-af2f-4365-b6fb-ee46aa241b68	f	3	f	2	1
137	2025-07-23 11:20:08.74704+00	2025-07-23 11:20:08.747051+00	Kvas Boyarskiy	137	4000	3	160	3200	4800	t	994a7ed2-4e40-4dcb-80cc-d4dfa176dfba	f	3	f	2	1
138	2025-07-23 11:20:08.751645+00	2025-07-23 11:20:08.751656+00	Mors Boyarskiy 2litr	138	3500	3	161	2800	4200	t	841b04a5-338c-4cc8-8d05-8dc52b2d2a1c	f	3	f	2	1
139	2025-07-23 11:20:08.756132+00	2025-07-23 11:20:08.756142+00	Flesh 450ml	139	24444.44444444444	3	163	19555	29333	t	c2a867e7-d760-41bf-aa1d-d117e862e80b	f	3	f	2	1
140	2025-07-23 11:20:08.760088+00	2025-07-23 11:20:08.760097+00	1 portsiya osh 05 obinon va choy	140	40000	7	169	32000	48000	t	73a8a3e8-224e-4d6d-aeab-e783969fdcb3	t	3	t	3	1
141	2025-07-23 11:20:08.765771+00	2025-07-23 11:20:08.765781+00	Standart Lavash	141	32000	2	170	25600	38400	t	ab67497a-560c-4358-9a9e-8cd57e81ba68	f	3	f	2	1
142	2025-07-23 11:20:08.769653+00	2025-07-23 11:20:08.769662+00	Kent mode 4	142	17510	8	171	14008	21012	t	aa1c1e0e-be0a-4725-a315-44b494d94289	t	3	t	3	1
143	2025-07-23 11:20:08.773799+00	2025-07-23 11:20:08.773807+00	Pall Mall Blue	143	15610	8	171	12488	18732	t	ac0a0869-be97-4e6b-b71f-eb7a213035be	t	3	t	3	1
144	2025-07-23 11:20:08.777696+00	2025-07-23 11:20:08.777705+00	Kent Mix	144	17810	8	171	14248	21372	t	ba120676-608b-4649-8bc4-91f65fb38607	t	3	t	3	1
145	2025-07-23 11:20:08.781522+00	2025-07-23 11:20:08.781531+00	Nosvoy (Mumin)	145	5000	4	172	4000	6000	t	c65d217e-234f-466e-9c6d-5aad3ef98941	f	3	f	2	1
146	2025-07-23 11:20:08.787221+00	2025-07-23 11:20:08.787231+00	suyultirilgan hojalik sovuni 72%	146	10000	1	342	8000	12000	t	b41f82f6-237a-41fd-a00d-7193ae3270a1	t	3	t	3	1
147	2025-07-23 11:20:08.790996+00	2025-07-23 11:20:08.791005+00	kir yuvish kukuni Persil Color avtomat rangli kiyimlar uchun 3kg	147	28333.33333333333	1	343	22666	33999	t	a08b41db-8052-4c85-abbb-e464560e46e7	f	3	f	2	1
148	2025-07-23 11:20:08.794962+00	2025-07-23 11:20:08.794971+00	tozalash vositasi oshxona plitalari uchun gel Sanita antijir	148	30000	1	344	24000	36000	t	89841720-d9cf-4661-83cd-f5b50d79d5c7	f	3	f	2	1
149	2025-07-23 11:20:08.798967+00	2025-07-23 11:20:08.798976+00	Delfin Latta Niso	149	12000	2	345	9600	14400	t	8f3f7887-4199-46d4-86cd-639879bf1a7e	f	3	f	2	1
150	2025-07-23 11:20:08.802922+00	2025-07-23 11:20:08.802933+00	Gugurt	150	200	4	348	160	240	t	16845a18-d425-4530-9a4e-9031b9fcb305	f	3	f	2	1
151	2025-07-23 11:20:08.806753+00	2025-07-23 11:20:08.806762+00	AI 80	151	8500	16	366	6800	10200	t	4d8b741b-7d83-4270-895b-947b2d8cf1b4	t	3	t	3	1
152	2025-07-23 11:20:08.812334+00	2025-07-23 11:20:08.812343+00	AI 92	152	10500	16	366	8400	12600	t	22610556-dbca-4ad3-a180-bf86a1618968	t	3	t	3	1
153	2025-07-23 11:20:08.816231+00	2025-07-23 11:20:08.81624+00	metan	153	5300	17	368	4240	6360	t	1e33705d-d219-4df3-93af-232acc68a60c	t	3	t	3	1
154	2025-07-23 11:20:08.820146+00	2025-07-23 11:20:08.820155+00	kichik ulchamdagi oq rangli gul tuvak	154	15000	2	384	12000	18000	t	b65a5c52-b90a-491b-a922-cb7d6eee4e3e	f	3	f	2	1
155	2025-07-23 11:20:08.824261+00	2025-07-23 11:20:08.82427+00	atirgul toq qizil rangli	155	30000	2	385	24000	36000	t	8a46d7ac-2832-42d1-819a-a1da6bd6e76e	f	3	f	2	1
156	2025-07-23 11:20:08.828002+00	2025-07-23 11:20:08.828011+00	tish chotkasi Colgate 360gradus 1+1(2dona)	156	18000	2	400	14400	21600	t	35eaf8e7-20f0-4971-8afd-b8f8309d0a10	f	3	f	2	1
157	2025-07-23 11:20:08.831714+00	2025-07-23 11:20:08.831723+00	Colgate Sensitive Pro Relief(75gr)	157	58000	1	401	46400	69600	t	48f17099-080e-4ce9-b1d6-dc02aa16e21c	f	3	f	2	1
158	2025-07-23 11:20:08.837416+00	2025-07-23 11:20:08.837426+00	Garnier Fructis Protiv perxoti 2v1(250ml)	158	35000	1	403	28000	42000	t	72eee1d5-6ff5-4a99-8101-185e54f68192	t	3	t	3	1
159	2025-07-23 11:20:08.841568+00	2025-07-23 11:20:08.841577+00	Garnir Color Naturals 3 ta moyli chidamli krem rang	159	35000	2	404	28000	42000	t	6daf00f6-8438-40ec-a6fe-1ffbfb9642b4	f	3	f	2	1
160	2025-07-23 11:20:08.845618+00	2025-07-23 11:20:08.845627+00	atir sovun Nivea Creme soft (100gr)	160	30000	1	405	24000	36000	t	196d2f14-5088-4d4b-9174-c56b79f435aa	f	3	f	2	1
161	2025-07-23 11:20:08.84955+00	2025-07-23 11:20:08.849559+00	soqol olish uchun gel Nivea uvlajnyayushiy 200ml	161	70000	20	406	56000	84000	t	2f305ee3-4c80-498e-ae8e-71587c7a7bc8	f	3	f	2	1
162	2025-07-23 11:20:08.853312+00	2025-07-23 11:20:08.853322+00	Golden Rose MATTE Lipstick Crayon	162	60000	2	410	48000	72000	t	7dd2b528-f798-4fb5-a503-a65e47c0e957	f	3	f	2	1
163	2025-07-23 11:20:08.858815+00	2025-07-23 11:20:08.858824+00	qul uchun kremAURA oziqlantiruvchi	163	18000	21	412	14400	21600	t	c9401001-3724-4915-9e9a-9b58dcd3f42e	f	3	f	2	1
164	2025-07-23 11:20:08.862607+00	2025-07-23 11:20:08.862617+00	Bolalar soyaboni nuqtachali	164	45000	2	420	36000	54000	t	f6c630ac-92f6-47f4-906e-d02186d194f4	f	3	f	2	1
165	2025-07-23 11:20:08.866546+00	2025-07-23 11:20:08.866557+00	Adyol (sintepon) 1 spalniy	165	175000	22	421	140000	210000	t	ab5d4dcc-6c52-4374-a9d7-007c93ca0c25	f	3	f	2	1
166	2025-07-23 11:20:08.870729+00	2025-07-23 11:20:08.870739+00	Yostiq patli	166	105000	22	421	84000	126000	t	cff5dee5-40f8-4a95-a115-2ef5fed3d00e	f	3	f	2	1
167	2025-07-23 11:20:08.874559+00	2025-07-23 11:20:08.874568+00	rubashka yengi kalta	167	100000	22	421	80000	120000	t	e0aff391-17d3-4a9d-b1f5-5f63e1c88293	f	3	f	2	1
168	2025-07-23 11:20:08.878303+00	2025-07-23 11:20:08.878313+00	Padushka almashtirish	168	80000	22	425	64000	96000	t	b30b3af5-b11c-4883-bea8-95e5846546d2	f	3	f	2	1
169	2025-07-23 11:20:08.884166+00	2025-07-23 11:20:08.884175+00	5 qavatli uy uchun tolov	169	1514	14	432	1211	1816	t	647c6df1-5bcf-4cfc-918e-13aef8d426b5	t	3	t	3	1
170	2025-07-23 11:20:08.888357+00	2025-07-23 11:20:08.888366+00	Bolalar massaji	170	215000	22	445	172000	258000	t	13d7cffc-beaa-44c5-993e-0b4c95fdf0c7	f	3	f	2	1
171	2025-07-23 11:20:08.892587+00	2025-07-23 11:20:08.892596+00	yuz massaji	171	190000	22	445	152000	228000	t	a8110215-46de-4e86-9771-4a914aaeb6ca	f	3	f	2	1
391	2025-07-23 11:20:09.905214+00	2025-07-23 11:20:09.905223+00	Kent Mode 6	391	17510	8	171	14008	21012	t	94bd1e71-6671-4e5b-8bf0-26250c55adde	t	3	t	3	1
172	2025-07-23 11:20:08.896734+00	2025-07-23 11:20:08.896742+00	Umumiy massaj	172	425000	22	445	340000	510000	t	0ccf8a0b-db73-4111-911b-438ec1df4864	f	3	f	2	1
173	2025-07-23 11:20:08.901273+00	2025-07-23 11:20:08.901285+00	Bir tishdan toshni olib tashlash	173	20000	22	446	16000	24000	t	96cdacd5-5b3a-434c-833e-2bd41f566b74	f	3	f	2	1
174	2025-07-23 11:20:08.907724+00	2025-07-23 11:20:08.907737+00	Bir ildizli tishni pulpitini davolash	174	120000	22	446	96000	144000	t	b4eb3519-e4f1-45d9-81c8-3f3581013fb6	f	3	f	2	1
175	2025-07-23 11:20:08.912131+00	2025-07-23 11:20:08.91214+00	Ikki ildizli tishni pulpitini davolash	175	150000	22	446	120000	180000	t	db98a913-a9f1-40ef-a08f-419128c4593c	f	3	f	2	1
176	2025-07-23 11:20:08.916217+00	2025-07-23 11:20:08.916226+00	uch ildizli tishni pulpitini davolash	176	180000	22	446	144000	216000	t	546ba21a-34dd-4c5a-ba75-ea05d9e3367a	f	3	f	2	1
177	2025-07-23 11:20:08.920282+00	2025-07-23 11:20:08.920291+00	Bir ildizli tishni periodontini davolash	177	120000	22	446	96000	144000	t	d68a91d6-a97e-4247-9ec6-65f82ba68157	f	3	f	2	1
178	2025-07-23 11:20:08.924335+00	2025-07-23 11:20:08.924344+00	ikki ildizli tishni periodontini davolash	178	150000	22	446	120000	180000	t	6d84020d-0535-4699-9ed4-911803efef25	f	3	f	2	1
179	2025-07-23 11:20:08.928392+00	2025-07-23 11:20:08.928401+00	uch ildizli tishni periodontini davolash	179	180000	22	446	144000	216000	t	d1d11b19-7f73-4d83-a225-c14edb19e32a	f	3	f	2	1
180	2025-07-23 11:20:08.934611+00	2025-07-23 11:20:08.934622+00	Kardiolog maslahat	180	240000	22	447	192000	288000	t	5a892d35-7808-4288-96c7-ad3603a73d28	f	3	f	2	1
181	2025-07-23 11:20:08.93857+00	2025-07-23 11:20:08.938579+00	Ginekolog maslahat	181	240000	22	447	192000	288000	t	4190dbb1-4bb5-4cb9-8fbd-1f9708d5d15c	f	3	f	2	1
182	2025-07-23 11:20:08.942617+00	2025-07-23 11:20:08.942626+00	Nevropotolog maslahat	182	240000	22	447	192000	288000	t	40ec8912-7720-4874-b02d-75d6b0c9bdd8	f	3	f	2	1
183	2025-07-23 11:20:08.946656+00	2025-07-23 11:20:08.946665+00	Kuz shifokori maslahat	183	285000	22	447	228000	342000	t	c32670ac-f80e-4ef2-85ea-92238b40dff2	f	3	f	2	1
184	2025-07-23 11:20:08.950671+00	2025-07-23 11:20:08.95068+00	Otolaringolog maslahat	184	220000	22	447	176000	264000	t	4ac2549d-3027-427c-ae51-19d09da8c784	f	3	f	2	1
185	2025-07-23 11:20:08.954585+00	2025-07-23 11:20:08.954594+00	Endokrinolog maslahat	185	230000	22	447	184000	276000	t	5356ae9a-ce03-40eb-a4ec-d9d2ab995076	f	3	f	2	1
187	2025-07-23 11:20:08.964459+00	2025-07-23 11:20:08.964471+00	Gemoglabin konsentratsiyasi	187	45000	22	449	36000	54000	t	aff76cff-83b6-4559-9a0b-293e89be4b82	f	3	f	2	1
188	2025-07-23 11:20:08.968567+00	2025-07-23 11:20:08.968576+00	Qon guruhi Rh faktori	188	142000	22	449	113600	170400	t	3b82b77b-db8d-4ebc-8b44-6f8c21b869df	f	3	f	2	1
189	2025-07-23 11:20:08.972378+00	2025-07-23 11:20:08.972388+00	Progesteron	189	92000	22	449	73600	110400	t	4477777a-2259-4811-8a9d-505a53b8331f	f	3	f	2	1
190	2025-07-23 11:20:08.976268+00	2025-07-23 11:20:08.976278+00	Testosteron	190	92000	22	449	73600	110400	t	e958bd06-e5e4-458c-8df7-0fe5ab48c458	f	3	f	2	1
191	2025-07-23 11:20:08.982247+00	2025-07-23 11:20:08.982256+00	Insulin	191	112000	22	449	89600	134400	t	acd33a2f-34dd-4a04-84c3-22de0012a018	f	3	f	2	1
192	2025-07-23 11:20:08.986348+00	2025-07-23 11:20:08.986357+00	Analiz na gribok	192	54000	22	449	43200	64800	t	65512810-98af-4cb2-97a0-857d8538b657	f	3	f	2	1
193	2025-07-23 11:20:08.990712+00	2025-07-23 11:20:08.990721+00	Demodekoz	193	77000	22	449	61600	92400	t	49cff15e-9676-434c-b51b-e563664a11b7	f	3	f	2	1
194	2025-07-23 11:20:08.995293+00	2025-07-23 11:20:08.995302+00	Obshij analiz machi	194	67000	22	449	53600	80400	t	a92acef3-6b52-4d74-a22e-e5be987f6598	f	3	f	2	1
195	2025-07-23 11:20:08.999553+00	2025-07-23 11:20:08.999562+00	Tuberkulez	195	75000	22	449	60000	90000	t	a913beff-2011-468a-882e-3232cd0fdf8b	f	3	f	2	1
196	2025-07-23 11:20:09.002957+00	2025-07-23 11:20:09.002967+00	UTT ot pufagi	196	145000	22	450	116000	174000	t	02a2c28b-74c5-48c4-a101-f5104b200a66	f	3	f	2	1
197	2025-07-23 11:20:09.00809+00	2025-07-23 11:20:09.008099+00	UTT Jigar	197	145000	22	450	116000	174000	t	26dbed25-af1d-431e-aa79-fc2b8ce208f9	f	3	f	2	1
198	2025-07-23 11:20:09.011485+00	2025-07-23 11:20:09.011495+00	UTT qalqonsimon bez	198	195000	22	450	156000	234000	t	5fe4b342-910e-4059-ae39-36f8d4384af2	f	3	f	2	1
199	2025-07-23 11:20:09.015237+00	2025-07-23 11:20:09.015246+00	UTT Oshqozon osti bezi	199	130000	22	450	104000	156000	t	7f1e05ec-afe2-43b5-95ac-97fd18fc6ebe	f	3	f	2	1
200	2025-07-23 11:20:09.018846+00	2025-07-23 11:20:09.018855+00	Bosh miya MSKT Bosh miya	200	362000	22	450	289600	434400	t	c8a0a269-1e00-4a93-997e-d5a0a9617c7e	f	3	f	2	1
201	2025-07-23 11:20:09.022718+00	2025-07-23 11:20:09.022728+00	MSKT PPN	201	276000	22	450	220800	331200	t	5de5366f-8765-43a1-ad0d-a2abcadfea83	f	3	f	2	1
202	2025-07-23 11:20:09.026516+00	2025-07-23 11:20:09.026526+00	Rentgen Quloq	202	120000	22	450	96000	144000	t	7d328bd7-392c-46e7-a496-9036fc7d2522	f	3	f	2	1
203	2025-07-23 11:20:09.032441+00	2025-07-23 11:20:09.032456+00	Toshkent  Xavast naqt pul bolalar uchun	203	7500	30	455	6000	9000	t	07e03c12-09c1-410d-90d1-ac901c5fdb64	f	3	f	2	1
204	2025-07-23 11:20:09.036509+00	2025-07-23 11:20:09.036519+00	Toshkent Sirdaryo naqt pul kattalar uchun	204	12000	30	455	9600	14400	t	43b1f0fd-12c3-4530-9d9d-f6bdafcf17a2	f	3	f	2	1
205	2025-07-23 11:20:09.040556+00	2025-07-23 11:20:09.040565+00	Toshkent Bekobod naqt pul kattalar uchun	205	12000	30	455	9600	14400	t	0c579ebb-2829-42ac-a504-580b61d51867	f	3	f	2	1
206	2025-07-23 11:20:09.044529+00	2025-07-23 11:20:09.044538+00	Toshkent  Xavast naqt pul kattalar uchun	206	12000	30	455	9600	14400	t	22bc0c61-c846-4c0a-b9a6-e8a41d8022a1	f	3	f	2	1
207	2025-07-23 11:20:09.04838+00	2025-07-23 11:20:09.048391+00	No 163 Yonalishli taksida yol haqi	207	3000	30	462	2400	3600	t	89f7a2e5-3e81-4f84-bbe0-94bacd940843	f	3	f	2	1
208	2025-07-23 11:20:09.054092+00	2025-07-23 11:20:09.054102+00	Kabelniy televideniya Premium tarif	208	30000	23	473	24000	36000	t	b159fdf0-e091-486c-ae44-eda722113166	f	3	f	2	1
209	2025-07-23 11:20:09.058011+00	2025-07-23 11:20:09.05802+00	Bolalar uchun teatr Parterre 1 5 qatorlar	209	55000	34	480	44000	66000	t	d0012825-d8e4-4573-b01d-10f1e820ec15	f	3	f	2	1
210	2025-07-23 11:20:09.06192+00	2025-07-23 11:20:09.06193+00	Bolalar uchun teatr Parterre 6 10 qatorlar	210	40000	34	480	32000	48000	t	01a638da-b2db-4822-8903-47cfaaf7625a	f	3	f	2	1
211	2025-07-23 11:20:09.066022+00	2025-07-23 11:20:09.06603+00	Bolalar uchun teatr Amphitheater 1 7 qatorlar	211	33000	34	480	26400	39600	t	7772e376-d22e-4184-be78-e995cca038c2	f	3	f	2	1
212	2025-07-23 11:20:09.070052+00	2025-07-23 11:20:09.07006+00	Bolalar uchun teatr Amphitheater 8 11 qatorlar	212	33000	34	480	26400	39600	t	e841d814-c1d9-4725-aa5e-d190dd4e4c41	f	3	f	2	1
213	2025-07-23 11:20:09.074093+00	2025-07-23 11:20:09.074102+00	Bolalar uchun teatr Balkon 1 yarus 1 4 qatorlar	213	33000	34	480	26400	39600	t	da88b88f-1030-41dd-8e6e-6958025f2a67	f	3	f	2	1
214	2025-07-23 11:20:09.079802+00	2025-07-23 11:20:09.079811+00	Bolalar uchun teatr Balkon 2 yarus 1 4 qatorlar	214	33000	34	480	26400	39600	t	c5e9f129-7c89-4744-84e6-07717020fed3	f	3	f	2	1
215	2025-07-23 11:20:09.083813+00	2025-07-23 11:20:09.083822+00	Kattalar uchun teatr Parterre 1 5 qatorlar	215	150000	34	480	120000	180000	t	42c467f8-a890-4718-8df8-6405ac748c7c	f	3	f	2	1
216	2025-07-23 11:20:09.087925+00	2025-07-23 11:20:09.087938+00	Kattalar uchun teatr Parterre 6 10 qatorlar	216	150000	34	480	120000	180000	t	be017dae-a01f-4c5a-bcb7-f49e49149ee2	f	3	f	2	1
217	2025-07-23 11:20:09.091953+00	2025-07-23 11:20:09.091965+00	Kattalar uchun teatr Amphitheater 1 7 qatorlar	217	100000	34	480	80000	120000	t	1ee85944-1f5e-4823-94e3-14ead5ef759e	f	3	f	2	1
218	2025-07-23 11:20:09.096109+00	2025-07-23 11:20:09.096119+00	Kattalar uchun teatr Amphitheater 8 11 qatorlar	218	100000	34	480	80000	120000	t	57b1b013-3e39-42c9-a3e4-07730645cc70	f	3	f	2	1
219	2025-07-23 11:20:09.102196+00	2025-07-23 11:20:09.102205+00	Kattalar uchun teatr Balkon 1 yarus 1 4 qatorlar	219	70000	34	480	56000	84000	t	7dc159cc-1e5e-42cd-a536-82dd3117a750	f	3	f	2	1
220	2025-07-23 11:20:09.106148+00	2025-07-23 11:20:09.106157+00	Kattalar uchun teatr Balkon 2 yarus 1 4 qatorlar	220	40000	34	480	32000	48000	t	85464478-3c48-4d8f-b403-9a556f5c6ef3	f	3	f	2	1
221	2025-07-23 11:20:09.110262+00	2025-07-23 11:20:09.110271+00	Eksplutatsiya zaliga kirish chiptasi Ozb fuqar. u-n	221	15000	34	482	12000	18000	t	e2ebb1a0-7a2e-4369-b449-a954a8fc68cf	f	3	f	2	1
222	2025-07-23 11:20:09.114742+00	2025-07-23 11:20:09.114751+00	Interaktiv xonaga kirish chiptasi Ozb fuqar. u-n	222	15000	34	482	12000	18000	t	f2d1541f-ad43-405b-b388-ef5ddec43934	f	3	f	2	1
223	2025-07-23 11:20:09.118989+00	2025-07-23 11:20:09.118999+00	taklifnoma chiqarish Standart	223	2500	2	486	2000	3000	t	cdbba904-5e1f-476f-99dc-7b06573c4c30	f	3	f	2	1
224	2025-07-23 11:20:09.123481+00	2025-07-23 11:20:09.123504+00	1 ta bola uchun bir oylik tulov	224	4300000	36	489	3440000	5160000	t	137125a0-6b96-4161-8d20-3a49fc6f102a	f	3	f	2	1
225	2025-07-23 11:20:09.131859+00	2025-07-23 11:20:09.131882+00	remeshogni almashtirish	225	20000	22	505	16000	24000	t	3de38205-759b-42c8-9ab1-c0b87b109b5c	f	3	f	2	1
226	2025-07-23 11:20:09.137291+00	2025-07-23 11:20:09.137307+00	raqamli ustunchalar	226	40000	22	506	32000	48000	t	362f2c55-6887-4e73-891e-cbbceeb23824	f	3	f	2	1
227	2025-07-23 11:20:09.142521+00	2025-07-23 11:20:09.142533+00	Ayollar sochini turmaklash	227	90000	22	501	72000	108000	t	92a2a275-7b73-4ffc-974e-172372ab48d2	f	3	f	2	1
228	2025-07-23 11:20:09.147144+00	2025-07-23 11:20:09.147155+00	Erkaklar sochini kaltalash	228	80000	22	502	64000	96000	t	0b522baf-d1b7-4284-903b-76c8dc8fb732	f	3	f	2	1
229	2025-07-23 11:20:09.151585+00	2025-07-23 11:20:09.151596+00	Manniy yormasi kiloli	229	10000	1	4	8000	12000	t	ec4422b5-bdf6-49be-9bd3-297fdf045d4b	f	3	f	2	1
230	2025-07-23 11:20:09.155791+00	2025-07-23 11:20:09.1558+00	Pryanik	230	25000	1	19	20000	30000	t	61b050b1-33d3-4163-b853-0d92f7d1c56f	f	3	f	2	1
231	2025-07-23 11:20:09.161447+00	2025-07-23 11:20:09.161457+00	Korjik	231	3000	2	23	2400	3600	t	43f5ff68-0987-4843-ac96-7813fc284eed	f	3	f	2	1
232	2025-07-23 11:20:09.165409+00	2025-07-23 11:20:09.165418+00	Chak chak 370gr	232	89189.18918918919	1	24	71351	107027	t	1a529e69-0824-4502-8560-8dbad8ecb2fc	f	3	f	2	1
233	2025-07-23 11:20:09.169447+00	2025-07-23 11:20:09.169458+00	Kompot Ararat shaftoli 1100ml	233	36363.63636363637	3	98	29090	43636	t	c569d9e2-7820-4a14-8a6b-f4829faac398	f	3	f	2	1
234	2025-07-23 11:20:09.173474+00	2025-07-23 11:20:09.173483+00	Tomat "Ittifoq"	234	34050	3	120	27240	40860	t	519f562c-878e-47b9-a0ea-4dc8dee664cd	f	3	f	2	1
235	2025-07-23 11:20:09.180492+00	2025-07-23 11:20:09.180518+00	Tomat "Maskovskiy"	235	25000	3	120	20000	30000	t	5a7ccb00-072e-4fb4-8b1b-1486411f84dc	f	3	f	2	1
236	2025-07-23 11:20:09.188401+00	2025-07-23 11:20:09.188418+00	Hydrolife	236	4000	3	158	3200	4800	t	4bd2a756-0895-4f21-8bbe-f3048b68f0af	f	3	f	2	1
237	2025-07-23 11:20:09.195402+00	2025-07-23 11:20:09.195417+00	Guruch oqshogi	237	6000	1	3	4800	7200	t	86965dec-11c3-4e2c-8ad1-fad60aa3b17f	f	3	f	2	1
238	2025-07-23 11:20:09.20144+00	2025-07-23 11:20:09.201455+00	Osobiy Baget sousli	238	20000	1	15	16000	24000	t	58119774-017e-41a1-9909-98d7b07025d7	f	3	f	2	1
239	2025-07-23 11:20:09.206072+00	2025-07-23 11:20:09.206083+00	Toplyonka pecheniy	239	27000	1	17	21600	32400	t	812d56e1-14b3-4709-bcbe-1bf747591b6e	f	3	f	2	1
240	2025-07-23 11:20:09.210471+00	2025-07-23 11:20:09.210482+00	Pesochnoye pechene	240	30000	1	17	24000	36000	t	a193aa38-6eb8-4a48-b624-73f11888f10d	f	3	f	2	1
241	2025-07-23 11:20:09.214672+00	2025-07-23 11:20:09.214682+00	Tayyor quruq nonushta Nesquick	241	106666.66666666669	1	25	85333	128000	t	fab6b80f-754e-495b-9121-ffed23d87362	f	3	f	2	1
242	2025-07-23 11:20:09.220474+00	2025-07-23 11:20:09.220483+00	HOT LANCH tovuqli ugra	242	4000	1	31	3200	4800	t	c1bf901d-4725-453a-ad49-233ecd589a47	f	3	f	2	1
243	2025-07-23 11:20:09.22442+00	2025-07-23 11:20:09.224429+00	Shirin ekstra	243	84000	1	44	67200	100800	t	70d146f4-277e-48c6-8532-a1365b88e366	t	3	t	3	1
244	2025-07-23 11:20:09.228356+00	2025-07-23 11:20:09.228366+00	Mol goshtli sosiskalar Yegirskiy Sherin	244	90000	1	45	72000	108000	t	c3183a1c-0dad-4372-9d64-6af6bc1bf03a	f	3	f	2	1
245	2025-07-23 11:20:09.232294+00	2025-07-23 11:20:09.232303+00	Dung peshona	245	50000	1	49	40000	60000	t	488bd177-7c0f-4ac3-aec1-e30fed0bcf49	t	3	t	3	1
246	2025-07-23 11:20:09.236066+00	2025-07-23 11:20:09.236075+00	Sviji Sazan	246	60000	1	49	48000	72000	t	5ee8d5f2-61fb-4b16-8d9b-4512bc4794a1	t	3	t	3	1
247	2025-07-23 11:20:09.23967+00	2025-07-23 11:20:09.239679+00	tolistolop baliq	247	50000	1	49	40000	60000	t	cc652a84-3803-4b4e-8ca5-0ed97c0e16e7	t	3	t	3	1
248	2025-07-23 11:20:09.245386+00	2025-07-23 11:20:09.245395+00	Muzlatilgan seld baligi PELAGIA	248	40000	1	50	32000	48000	t	fe8305b1-4651-4b19-a889-dd34f2be3879	t	3	t	3	1
249	2025-07-23 11:20:09.249364+00	2025-07-23 11:20:09.249373+00	Dudlangan Butun Seld baligi	249	55000	1	51	44000	66000	t	d787cb0a-bc87-4e96-85cf-1cf7d5c76d4c	f	3	f	2	1
250	2025-07-23 11:20:09.253831+00	2025-07-23 11:20:09.253841+00	Sardina Tral Flot pomidor qaylalsida	250	21724.13793103448	1	52	17379	26068	t	81932357-5e38-4e2b-a09b-53d35c8e539b	f	3	f	2	1
251	2025-07-23 11:20:09.257649+00	2025-07-23 11:20:09.257661+00	Glavprodukt Baltic moyidagi sprats	251	26551.724137931036	1	53	21241	31862	t	05bc6ce7-c96e-4b05-9c03-5f56b777492c	f	3	f	2	1
252	2025-07-23 11:20:09.261376+00	2025-07-23 11:20:09.261387+00	Sprat Glavprodukt Baltic fried in tomato sauce	252	26250	1	54	21000	31500	t	4e2b9ca3-48d7-4b62-837f-cd41e0fd80a9	f	3	f	2	1
253	2025-07-23 11:20:09.267164+00	2025-07-23 11:20:09.267173+00	Qaymoq mahalliy	253	72000	1	57	57600	86400	t	805d2d05-0fb7-4463-a48f-d61e5ed09d0f	f	3	f	2	1
254	2025-07-23 11:20:09.271041+00	2025-07-23 11:20:09.271052+00	Quruq qaymoq Frima	254	84000	1	59	67200	100800	t	d1ee9c03-c687-4e7b-bed2-1c150cd52598	f	3	f	2	1
255	2025-07-23 11:20:09.278258+00	2025-07-23 11:20:09.278283+00	Sir Hochland slivochniy	255	145000	1	61	116000	174000	t	3647c445-254e-4dc7-bc42-3d32727d7723	f	3	f	2	1
256	2025-07-23 11:20:09.285+00	2025-07-23 11:20:09.285015+00	Sir kolbasniy Xanskiy	256	70000	1	61	56000	84000	t	c1d89f19-b863-4117-a551-3cf840b81074	f	3	f	2	1
257	2025-07-23 11:20:09.290565+00	2025-07-23 11:20:09.290591+00	Brinza Dobroe derevenskoe utro 30% ves	257	55000	1	62	44000	66000	t	f3fc9cba-4b12-4319-922d-e87ef425b8fc	f	3	f	2	1
258	2025-07-23 11:20:09.297893+00	2025-07-23 11:20:09.297959+00	Brinza domashnaya	258	60000	1	62	48000	72000	t	1977a3a3-3c20-4853-b736-110e975b1d6b	f	3	f	2	1
259	2025-07-23 11:20:09.306878+00	2025-07-23 11:20:09.306896+00	Tvorog domashniy	259	40000	1	63	32000	48000	t	656c10c9-ead7-489d-a35e-33e0a5d11ee6	f	3	f	2	1
260	2025-07-23 11:20:09.312739+00	2025-07-23 11:20:09.31276+00	Sirok Vkusnyasha	260	5625	1	64	4500	6750	t	737d0f30-64ac-4861-8268-8d9ad0c9ee74	f	3	f	2	1
261	2025-07-23 11:20:09.317628+00	2025-07-23 11:20:09.317639+00	Kefir Bio Sut 2 5%	261	17777.777777777777	1	67	14222	21333	t	c1161f6f-38c1-4679-af50-a587f9339334	t	3	t	3	1
262	2025-07-23 11:20:09.321975+00	2025-07-23 11:20:09.321987+00	Yogurt Nejniy Campina 0.1%	262	22500	1	68	18000	27000	t	0e901358-44e1-4ea9-95cc-e35bfa5ab366	f	3	f	2	1
263	2025-07-23 11:20:09.326143+00	2025-07-23 11:20:09.326152+00	Tuxum yirik	263	12000	2	71	9600	14400	t	1b368c6b-cdc1-449a-87bb-cd279c3f33b6	t	3	t	3	1
264	2025-07-23 11:20:09.330391+00	2025-07-23 11:20:09.3304+00	Tuxum mayda	264	11000	2	71	8800	13200	t	03fd1846-78e4-4e6e-bcf7-773688b70941	t	3	t	3	1
265	2025-07-23 11:20:09.337559+00	2025-07-23 11:20:09.337578+00	Tuxum orta	265	11000	2	71	8800	13200	t	367a2fe5-cedb-45b1-9238-564548d7ba24	t	3	t	3	1
266	2025-07-23 11:20:09.342773+00	2025-07-23 11:20:09.342788+00	Petrushka	266	25000	1	100	20000	30000	t	c7317215-8695-48cf-8f98-975030808ee9	f	3	f	2	1
267	2025-07-23 11:20:09.347141+00	2025-07-23 11:20:09.347151+00	Ukrop	267	25000	1	100	20000	30000	t	85ee1ca8-a1ec-4bf9-8ea5-55f7a97b7929	f	3	f	2	1
268	2025-07-23 11:20:09.351147+00	2025-07-23 11:20:09.351157+00	Osh qovoq	268	1000	1	105	800	1200	t	5d52e5dd-783d-411f-ad56-a7bd59453c7f	f	3	f	2	1
269	2025-07-23 11:20:09.355074+00	2025-07-23 11:20:09.355082+00	Yapon Qovoq	269	3000	1	105	2400	3600	t	8d7115a3-ca5b-448d-90b9-421bbd3dd7f3	f	3	f	2	1
270	2025-07-23 11:20:09.360524+00	2025-07-23 11:20:09.360533+00	Qoziqorin (Shampenion)	270	65000	3	112	52000	78000	t	f30d1ad9-8f11-46a6-9f25-f38562a0c5b1	f	3	f	2	1
271	2025-07-23 11:20:09.364407+00	2025-07-23 11:20:09.364416+00	Tuzlangan bodiring yirik	271	15000	1	117	12000	18000	t	26b15aed-e789-4301-9817-81c58db82618	f	3	f	2	1
272	2025-07-23 11:20:09.368335+00	2025-07-23 11:20:09.368344+00	Tuzlangan bodiring mayda	272	25000	1	117	20000	30000	t	f4546af1-c2b2-4d08-b40e-7c991688dd2a	f	3	f	2	1
273	2025-07-23 11:20:09.372208+00	2025-07-23 11:20:09.372217+00	Tuzlangan karam	273	20000	1	118	16000	24000	t	3190238e-0277-4ac2-a4f5-e565920ebbf6	f	3	f	2	1
274	2025-07-23 11:20:09.376047+00	2025-07-23 11:20:09.376056+00	Tuzlangan pamidor yirik	274	28700	1	119	22960	34440	t	86ac6436-d1b6-41ee-8862-c1b4b20e02fc	f	3	f	2	1
275	2025-07-23 11:20:09.380021+00	2025-07-23 11:20:09.380032+00	Marinadlangan pomidor	275	28000	1	119	22400	33600	t	606f0c86-d5a1-4e45-a1b5-45d2abfcf23d	f	3	f	2	1
276	2025-07-23 11:20:09.385713+00	2025-07-23 11:20:09.385723+00	Tuzlangan pamidor mayda	276	30000	1	119	24000	36000	t	379e5574-4a97-405b-bcff-3f20351a6d47	f	3	f	2	1
277	2025-07-23 11:20:09.389404+00	2025-07-23 11:20:09.389413+00	Bliss sok Anor	277	16000	3	152	12800	19200	t	44035154-a3c5-4baf-80a3-712645c5de00	f	3	f	2	1
278	2025-07-23 11:20:09.393131+00	2025-07-23 11:20:09.39314+00	Makfa spagetti makaron	278	30000	1	28	24000	36000	t	1b738475-b5fa-43b2-a703-82a5fd856810	t	3	t	3	1
279	2025-07-23 11:20:09.396842+00	2025-07-23 11:20:09.396851+00	1 kishilik standart nomer	279	180000	35	494	144000	216000	t	2b163d46-b152-47b1-a2b2-4360d5a44a16	f	3	f	2	1
280	2025-07-23 11:20:09.40042+00	2025-07-23 11:20:09.400429+00	2 kishilik standart nomer 1 kishi uchun	280	215000	35	494	172000	258000	t	58b901f5-4f16-4ecf-845f-631ce9917d46	f	3	f	2	1
281	2025-07-23 11:20:09.404081+00	2025-07-23 11:20:09.40409+00	Deluxe 2 kishilik	281	1050000	35	494	840000	1260000	t	628cfaa4-ea8e-4030-ad87-6db21b63442d	f	3	f	2	1
282	2025-07-23 11:20:09.409429+00	2025-07-23 11:20:09.40944+00	Quyma temir vannani ornatish	282	350000	22	427	280000	420000	t	07840069-dc94-459d-abde-4ee20e6c3509	f	3	f	2	1
283	2025-07-23 11:20:09.41361+00	2025-07-23 11:20:09.413619+00	Xammomga issiq-sovuq suv mantaj qilish	283	250000	22	427	200000	300000	t	8f651201-1493-4df2-b29d-bde5e529b197	f	3	f	2	1
284	2025-07-23 11:20:09.417125+00	2025-07-23 11:20:09.417134+00	metall eshiklardagi qulflarni almashtirish	284	180000	22	427	144000	216000	t	ef499cd8-5f3b-461e-beed-227fb707ba9f	f	3	f	2	1
285	2025-07-23 11:20:09.421135+00	2025-07-23 11:20:09.421144+00	hammom ostidagi podiumni demontaj qilish (manalit)	285	240000	22	427	192000	288000	t	b611c97c-f6dd-478c-9837-866a4313db6c	f	3	f	2	1
286	2025-07-23 11:20:09.424859+00	2025-07-23 11:20:09.424868+00	isitish bateriyasini togri ornatishi	286	180000	22	427	144000	216000	t	95ccdcc3-1b3d-4a28-b6c0-8769edfc8981	f	3	f	2	1
287	2025-07-23 11:20:09.432151+00	2025-07-23 11:20:09.43217+00	yashirin elektr simlarini ornatish (uyalarni hisobga olgan holda) 1 ta nuqta	287	100000	22	428	80000	120000	t	b5c9f08d-9911-49f9-b78c-20ab1e4e618f	f	3	f	2	1
288	2025-07-23 11:20:09.437933+00	2025-07-23 11:20:09.437946+00	1 ta xonaga razvetka kulchatel patron ornatish	288	50000	22	428	40000	60000	t	ca2d4f9d-f9b3-4769-b816-05b4d9553727	f	3	f	2	1
289	2025-07-23 11:20:09.442697+00	2025-07-23 11:20:09.44271+00	Xonaga qandil  ornatish	289	220000	22	428	176000	264000	t	1a65c965-0a80-4428-ae82-47cd792a4dc4	f	3	f	2	1
290	2025-07-23 11:20:09.447384+00	2025-07-23 11:20:09.447393+00	1 porsiya osh	290	35000	7	169	28000	42000	t	3b58145f-d015-4b72-bb43-c5634d8bcf30	f	3	f	2	1
291	2025-07-23 11:20:09.451363+00	2025-07-23 11:20:09.451372+00	Mol goshti qovurgasi	291	95990	1	34	76792	115188	t	f3769acf-fd83-4a9a-95de-e9047a4e7fde	f	3	f	2	1
292	2025-07-23 11:20:09.455314+00	2025-07-23 11:20:09.455323+00	Mol goshti qovurga biqin	292	103990	1	34	83192	124788	t	16134de3-9068-4816-8234-788f206780c2	f	3	f	2	1
293	2025-07-23 11:20:09.461237+00	2025-07-23 11:20:09.461246+00	Mol goshti boyin	293	105990	1	34	84792	127188	t	8182f294-44c3-4c0f-87cc-462d77051fb2	f	3	f	2	1
294	2025-07-23 11:20:09.464935+00	2025-07-23 11:20:09.464945+00	Mol goshti tosh	294	85990	1	34	68792	103188	t	f25b4c1f-e18d-4567-a254-a2cd606bca3b	f	3	f	2	1
295	2025-07-23 11:20:09.468579+00	2025-07-23 11:20:09.468588+00	Mol goshti tranch	295	147990	1	35	118392	177588	t	4a4848b3-ee61-485e-8e3d-0496670936f5	f	3	f	2	1
296	2025-07-23 11:20:09.472287+00	2025-07-23 11:20:09.472296+00	Mol goshti sokum	296	143990	1	35	115192	172788	t	07b971ed-5e3d-43ae-9206-05a9a5d57773	f	3	f	2	1
297	2025-07-23 11:20:09.478137+00	2025-07-23 11:20:09.478146+00	Mol goshti tranch muzlatilgan	297	88990	1	35	71192	106788	t	2044d3d4-8a13-46c2-ac07-d38ce58c017c	f	3	f	2	1
298	2025-07-23 11:20:09.482017+00	2025-07-23 11:20:09.482026+00	Mol goshti sokum muzlatilgan	298	77990	1	35	62392	93588	t	fcbe927c-662b-4de4-9834-564545259298	f	3	f	2	1
299	2025-07-23 11:20:09.48586+00	2025-07-23 11:20:09.485868+00	Qoy goshti old oyoq elkasi	299	148990	1	36	119192	178788	t	e23c0400-b77c-4819-8313-03433d193636	f	3	f	2	1
300	2025-07-23 11:20:09.489634+00	2025-07-23 11:20:09.489643+00	Qoy goshti bel	300	129990	1	36	103992	155988	t	18f608b8-b1be-4efc-8c9c-adbdbf008241	f	3	f	2	1
301	2025-07-23 11:20:09.493364+00	2025-07-23 11:20:09.493373+00	Qoy goshti qovurga biqin	301	149990	1	36	119992	179988	t	57977cb0-a9c6-4e26-a80b-245d007c2551	f	3	f	2	1
302	2025-07-23 11:20:09.497035+00	2025-07-23 11:20:09.497043+00	Qoy goshti son	302	132990	1	36	106392	159588	t	5b487a1e-aff5-4986-8f82-2d7c634a6ea5	f	3	f	2	1
303	2025-07-23 11:20:09.502363+00	2025-07-23 11:20:09.502372+00	Qoy goshti qol qismi	303	129990	1	36	103992	155988	t	c5a4507d-2dc0-4947-b5db-fb2821d7d930	f	3	f	2	1
304	2025-07-23 11:20:09.506045+00	2025-07-23 11:20:09.506054+00	Tovuq broyleri Safi	304	44990	1	38	35992	53988	t	a8dc9872-7c44-4545-af1c-ef0199cb1938	f	3	f	2	1
305	2025-07-23 11:20:09.509586+00	2025-07-23 11:20:09.509595+00	Tovuq oyogi Safi	305	56990	1	39	45592	68388	t	436a1dc6-e8cb-4ff6-a24b-b02d87f7307d	f	3	f	2	1
306	2025-07-23 11:20:09.513329+00	2025-07-23 11:20:09.513337+00	Tovuq-broyler soni Sahovat	306	49990	1	39	39992	59988	t	54aa41b4-aa85-4237-86d3-e780bd940a5b	f	3	f	2	1
307	2025-07-23 11:20:09.517086+00	2025-07-23 11:20:09.517095+00	Qiyma mol goshtidan	307	82990	1	40	66392	99588	t	db9df869-7efc-4bf2-a97e-7a60a7b54e58	f	3	f	2	1
308	2025-07-23 11:20:09.522242+00	2025-07-23 11:20:09.522251+00	Qiyma mol goshti yogli	308	129990	1	40	103992	155988	t	ee955b25-9478-4c3b-a0e5-c66678e29971	f	3	f	2	1
309	2025-07-23 11:20:09.525803+00	2025-07-23 11:20:09.525812+00	Sudak	309	89990	1	49	71992	107988	t	29a6a620-6436-4b09-9439-d496dff3b47a	f	3	f	2	1
310	2025-07-23 11:20:09.529321+00	2025-07-23 11:20:09.52933+00	Sazan	310	83990	1	49	67192	100788	t	3b1db66c-e4e6-4f25-88bc-eda922ebdc2a	f	3	f	2	1
311	2025-07-23 11:20:09.533145+00	2025-07-23 11:20:09.533155+00	Banan	311	19990	1	78	15992	23988	t	96f5345f-f961-41a6-94f2-0a3eea05975b	f	3	f	2	1
312	2025-07-23 11:20:09.537112+00	2025-07-23 11:20:09.537121+00	Limon turkiya	312	59990	1	79	47992	71988	t	aad90a93-85a5-4ef0-ba58-87e36a37f4c1	f	3	f	2	1
313	2025-07-23 11:20:09.54088+00	2025-07-23 11:20:09.540892+00	Mandarin misr	313	31990	1	80	25592	38388	t	7240753f-bb72-432e-803e-f835afdd04e6	f	3	f	2	1
314	2025-07-23 11:20:09.546745+00	2025-07-23 11:20:09.546754+00	Mandarin pokiston	314	34450	1	80	27560	41340	t	25d77886-a182-481c-b305-6f43e40e6468	f	3	f	2	1
315	2025-07-23 11:20:09.550637+00	2025-07-23 11:20:09.550647+00	Apelsin misr	315	34990	1	81	27992	41988	t	50fbd9bd-d0b5-409c-acff-1493800dad1e	f	3	f	2	1
316	2025-07-23 11:20:09.554654+00	2025-07-23 11:20:09.554664+00	Apelsin turkiya	316	32450	1	81	25960	38940	t	3fc92b35-dac2-4941-842d-3428a74aab49	f	3	f	2	1
317	2025-07-23 11:20:09.558623+00	2025-07-23 11:20:09.558633+00	Olma golden	317	21990	1	82	17592	26388	t	dc0bf007-f6ec-4632-90ed-9d3c7102b940	f	3	f	2	1
318	2025-07-23 11:20:09.562635+00	2025-07-23 11:20:09.562644+00	Olma semerenko	318	13990	1	82	11192	16788	t	f08c1574-5394-4f15-b1f5-6a64a695af77	f	3	f	2	1
319	2025-07-23 11:20:09.566443+00	2025-07-23 11:20:09.566454+00	Olma gala	319	19990	1	82	15992	23988	t	06d779fa-ba2e-4786-a0d6-ccb9081179af	f	3	f	2	1
320	2025-07-23 11:20:09.572216+00	2025-07-23 11:20:09.572227+00	Olma redchiv	320	25990	1	82	20792	31188	t	66ab1028-f0ff-4c13-966b-df24370bcf6e	f	3	f	2	1
321	2025-07-23 11:20:09.576412+00	2025-07-23 11:20:09.576423+00	Nok koson	321	27290	1	83	21832	32748	t	da46dc71-7f16-4053-9d05-0f3145fd866e	f	3	f	2	1
322	2025-07-23 11:20:09.580682+00	2025-07-23 11:20:09.580691+00	Nok santa	322	37990	1	83	30392	45588	t	4ff869d5-b08a-4ab8-9878-47d4628cb757	f	3	f	2	1
323	2025-07-23 11:20:09.584581+00	2025-07-23 11:20:09.58459+00	Anor mahalliy	323	39790	1	88	31832	47748	t	61a42ad3-2039-42f7-84c4-3cbf8b7bd6ac	f	3	f	2	1
324	2025-07-23 11:20:09.588317+00	2025-07-23 11:20:09.588326+00	Anor tuyatish	324	35990	1	88	28792	43188	t	f27f827a-9e2f-4f4b-a822-6aa979157083	f	3	f	2	1
325	2025-07-23 11:20:09.59202+00	2025-07-23 11:20:09.592029+00	Kok piyoz	325	19490	1	100	15592	23388	t	56df0ebd-bc7d-4ff6-8efd-bfe79fe858f9	f	3	f	2	1
326	2025-07-23 11:20:09.597446+00	2025-07-23 11:20:09.597455+00	shavel	326	20530	1	100	16424	24636	t	6a157e2e-24bf-4a8f-bff3-ed53755d8e83	f	3	f	2	1
327	2025-07-23 11:20:09.601318+00	2025-07-23 11:20:09.60133+00	selderey	327	22750	1	100	18200	27300	t	3e427a58-318b-4e4d-8cc2-e141af5c478b	f	3	f	2	1
328	2025-07-23 11:20:09.606928+00	2025-07-23 11:20:09.606937+00	kinza	328	23650	1	100	18920	28380	t	04572ad9-569e-425f-b155-a5b053de2dce	f	3	f	2	1
329	2025-07-23 11:20:09.610591+00	2025-07-23 11:20:09.610599+00	Bodring rava	329	3490	1	101	2792	4188	t	21f4934b-976c-4151-82f9-ff1a019d4194	f	3	f	2	1
330	2025-07-23 11:20:09.61437+00	2025-07-23 11:20:09.614378+00	Bodring orzu	330	3650	1	101	2920	4380	t	0ea9b227-fefb-469a-8fd4-7d31b4951fbc	f	3	f	2	1
331	2025-07-23 11:20:09.61813+00	2025-07-23 11:20:09.618139+00	Pomidor qizil	331	15590	1	102	12472	18708	t	6884a11f-6f33-4af7-8b34-1ed8a96e2a72	f	3	f	2	1
332	2025-07-23 11:20:09.62343+00	2025-07-23 11:20:09.623439+00	Yashil bulgor qalampiri koleforniya	332	29990	1	104	23992	35988	t	c8933611-f35c-4971-bb89-b84f5cd971aa	f	3	f	2	1
333	2025-07-23 11:20:09.62709+00	2025-07-23 11:20:09.627099+00	Qizil bulgor qalampiri koleforniya	333	30990	1	104	24792	37188	t	def49fae-0c0e-4ba8-bcc5-971d2d4e6dbb	f	3	f	2	1
334	2025-07-23 11:20:09.630747+00	2025-07-23 11:20:09.630756+00	Sariq bulgor qalampiri koleforniya	334	30990	1	104	24792	37188	t	4dcef8f0-8951-4ba1-be81-96c5533ba261	f	3	f	2	1
335	2025-07-23 11:20:09.634418+00	2025-07-23 11:20:09.634427+00	Bulgor qalampiri yashil mahalliy	335	14900	1	104	11920	17880	t	35076832-d6b4-45f7-93d9-c50df521252d	f	3	f	2	1
336	2025-07-23 11:20:09.638172+00	2025-07-23 11:20:09.638181+00	Bulgor qalampiri qizil mahalliy	336	39990	1	104	31992	47988	t	b1a6711a-444d-4c85-ad02-953dda7aca38	f	3	f	2	1
337	2025-07-23 11:20:09.641877+00	2025-07-23 11:20:09.641885+00	Qovoq yaponiya	337	2970	1	105	2376	3564	t	ce32ff7b-160d-446f-b2ae-35478571b295	f	3	f	2	1
338	2025-07-23 11:20:09.647861+00	2025-07-23 11:20:09.64787+00	Lavlagi	338	7970	1	106	6376	9564	t	1ed9d3a9-68b4-434e-b9a6-c72840f23e8f	f	3	f	2	1
339	2025-07-23 11:20:09.651657+00	2025-07-23 11:20:09.651666+00	Sariq sabzi	339	9490	1	107	7592	11388	t	bde8b0a7-80ce-4e06-8412-95be5b025b17	f	3	f	2	1
340	2025-07-23 11:20:09.655638+00	2025-07-23 11:20:09.655647+00	Qizil sabzi yuvilgan	340	10490	1	107	8392	12588	t	bb81ee27-aca6-4c26-afa4-e38e78e54b3d	f	3	f	2	1
341	2025-07-23 11:20:09.659534+00	2025-07-23 11:20:09.659543+00	Sholgom	341	10420	1	108	8336	12504	t	89292e67-088d-47b8-97f5-74d8d8c5b1cf	f	3	f	2	1
342	2025-07-23 11:20:09.66336+00	2025-07-23 11:20:09.663368+00	Sarimsoq piyoz	342	30480	1	109	24384	36576	t	d72ab9d1-ed9c-476a-8241-7e3cbf149c9d	f	3	f	2	1
343	2025-07-23 11:20:09.668535+00	2025-07-23 11:20:09.668545+00	Piyoz	343	6990	1	110	5592	8388	t	89c0ebb8-32f6-4624-af57-af9505d70bcb	f	3	f	2	1
344	2025-07-23 11:20:09.673706+00	2025-07-23 11:20:09.673726+00	Turp	344	7335	1	111	5868	8802	t	aad9040c-c3f7-4528-99c9-79a0fd384436	f	3	f	2	1
345	2025-07-23 11:20:09.678269+00	2025-07-23 11:20:09.678278+00	Qoziqorin shampinyon	345	109980	3	112	87984	131976	t	e5a21609-475a-4137-9c7e-e3db25af1b73	f	3	f	2	1
346	2025-07-23 11:20:09.682074+00	2025-07-23 11:20:09.682083+00	Qizil kartoshka	346	7990	1	113	6392	9588	t	140b967b-25ec-40a4-af7e-b81c6b0cc872	f	3	f	2	1
347	2025-07-23 11:20:09.686083+00	2025-07-23 11:20:09.686092+00	Oq kartoshka	347	7509	1	113	6007	9010	t	6e77a51b-9e0a-4bdb-bccf-684c51f541a6	f	3	f	2	1
348	2025-07-23 11:20:09.690033+00	2025-07-23 11:20:09.690043+00	Javdar noni (Rjannoy xleb)	348	16666.666666666668	1	14	13333	20000	t	346ea808-0e41-4d14-8236-dcf85999b7c1	f	3	f	2	1
349	2025-07-23 11:20:09.695482+00	2025-07-23 11:20:09.695491+00	Toshkent-Xujakent Oddiy naqt pul tulov kattalar uchun	349	10000	30	455	8000	12000	t	b15a373f-7909-41a7-b470-9b034ccb39cd	f	3	f	2	1
350	2025-07-23 11:20:09.699071+00	2025-07-23 11:20:09.69908+00	Toshkent-Xujakent Oddiy naqt pul tulov bolalar uchun	350	6500	30	455	5200	7800	t	6fab29b7-4ab9-4cbb-8df5-ebfe413e3529	f	3	f	2	1
351	2025-07-23 11:20:09.702709+00	2025-07-23 11:20:09.702718+00	Toshkent-Xujakent Oddiy Bank yoki ATTO kartalari orqali tulov kattalar uchun	351	9500	30	455	7600	11400	t	4604359b-aced-4e5b-9915-730d692ba58e	f	3	f	2	1
352	2025-07-23 11:20:09.706482+00	2025-07-23 11:20:09.706491+00	Toshkent-Xujakent Oddiy Bank yoki ATTO kartalari orqali tulov bolalar uchun	352	6000	30	455	4800	7200	t	23fdc1b3-3b14-4219-912e-3eaa512e6b53	f	3	f	2	1
353	2025-07-23 11:20:09.710296+00	2025-07-23 11:20:09.710304+00	Toshkent-Chinorkent Ekspress naqt pul tulov kattalar uchun	353	20000	30	455	16000	24000	t	b38d429e-33bc-4207-913f-14fa9432b82f	f	3	f	2	1
354	2025-07-23 11:20:09.73532+00	2025-07-23 11:20:09.735346+00	Toshkent-Chinorkent Ekspress naqt pul tulov bolalar uchun	354	11500	30	455	9200	13800	t	17483980-9992-47b1-bd52-dc9cf4863a93	f	3	f	2	1
355	2025-07-23 11:20:09.74303+00	2025-07-23 11:20:09.743046+00	Toshkent-Chinorkent Ekspress Bank yoki ATTO kartalari orqali tulov kattalar uchun	355	19500	30	455	15600	23400	t	8de3b022-8a28-4749-866c-0f0bce7b47f7	f	3	f	2	1
356	2025-07-23 11:20:09.749111+00	2025-07-23 11:20:09.749126+00	Toshkent-Chinorkent Ekspress Bank yoki ATTO kartalari orqali tulov bolalar uchun	356	11000	30	455	8800	13200	t	39925e1b-60e6-4a16-b7e9-6738902660cb	f	3	f	2	1
357	2025-07-23 11:20:09.754174+00	2025-07-23 11:20:09.754185+00	Kabelniy televideniya Pro tarif	357	25000	23	473	20000	30000	t	b8710204-eb06-46c5-82be-d9ac543e30d4	f	3	f	2	1
358	2025-07-23 11:20:09.758742+00	2025-07-23 11:20:09.758753+00	1 kishilik lyuks nomer	358	350000	35	494	280000	420000	t	0b045f21-8c19-40fa-851b-2c7f169035b6	f	3	f	2	1
359	2025-07-23 11:20:09.764044+00	2025-07-23 11:20:09.764053+00	Standart 1 kishilik	359	600000	35	494	480000	720000	t	bb618955-a01c-4f84-b86e-30a1af73e114	f	3	f	2	1
360	2025-07-23 11:20:09.769606+00	2025-07-23 11:20:09.769615+00	Superior 1 kishilik	360	950000	35	494	760000	1140000	t	1b7e644c-4b66-4cbb-901a-8d7dfe8b1859	f	3	f	2	1
361	2025-07-23 11:20:09.773468+00	2025-07-23 11:20:09.773477+00	Komir yevro derevesniy 1kg	361	20990	1	301	16792	25188	t	707335b3-1489-4861-bb96-a226fadfba49	f	3	f	2	1
362	2025-07-23 11:20:09.777635+00	2025-07-23 11:20:09.777644+00	Komir Max Fire berezyoviy 1kg	362	18990	1	301	15192	22788	t	c183f5e0-1c30-4997-82ae-4f8792671fa0	f	3	f	2	1
363	2025-07-23 11:20:09.781582+00	2025-07-23 11:20:09.781591+00	Komir Max Fire berezyoviy 3kg	363	21996.666666666668	1	301	17597	26396	t	76636e58-8320-4a79-a01e-36cb66fdb6c6	f	3	f	2	1
364	2025-07-23 11:20:09.785322+00	2025-07-23 11:20:09.785331+00	Komir briket Max Fire berezyoviy 1kg	364	23990	1	301	19192	28788	t	54a0d6cc-3f36-434b-8ea0-ac6f0b59a04f	f	3	f	2	1
365	2025-07-23 11:20:09.790635+00	2025-07-23 11:20:09.790644+00	Komir kamenniy 2kg	365	7995	1	301	6396	9594	t	0efa84e6-d9f3-4be0-87f5-fe4feba62b73	f	3	f	2	1
366	2025-07-23 11:20:09.794377+00	2025-07-23 11:20:09.794389+00	Zal 3. Kattalar yoshdagilar uchun 18+ kechki 17 00	366	60000	34	479	48000	72000	t	7e1bc47b-91d0-4997-a0c0-d12977bd9dcb	f	3	f	2	1
367	2025-07-23 11:20:09.798834+00	2025-07-23 11:20:09.798843+00	Zal 3. Yosh bolalar uchun 6+ 10 40	367	50000	34	479	40000	60000	t	390bb504-4f73-44dc-b079-79c0fde5f153	f	3	f	2	1
368	2025-07-23 11:20:09.802714+00	2025-07-23 11:20:09.802724+00	Zal 3. Kattalar yoshdagilar uchun 18+ kechki 22 00	368	65000	34	479	52000	78000	t	df4ba4ed-92fc-45eb-8040-27a7ddb6692a	f	3	f	2	1
369	2025-07-23 11:20:09.806641+00	2025-07-23 11:20:09.80665+00	Zal 4. Yosh bolalar uchun 6+ (10:30-12:30)	369	50000	34	479	40000	60000	t	721223c7-c3bd-439d-b4be-0edb5620b5a3	f	3	f	2	1
370	2025-07-23 11:20:09.810517+00	2025-07-23 11:20:09.810526+00	Zal 4. Yosh bolalar uchun 6+ (15:00)	370	60000	34	479	48000	72000	t	3e16deca-94e3-4768-ab2d-db76b98cf500	f	3	f	2	1
371	2025-07-23 11:20:09.815836+00	2025-07-23 11:20:09.815845+00	Zal 4. Katta yoshdagilar uchun 18+ (23:00)	371	65000	34	479	52000	78000	t	d484fb25-292c-4b0a-9792-66cfe8cbe110	f	3	f	2	1
372	2025-07-23 11:20:09.819445+00	2025-07-23 11:20:09.819454+00	1 yoshdan-12yoshgacha(vaqt chegaralanmagan)	372	90000	34	477	72000	108000	t	60ecab3b-fe60-43fd-bd27-7ca5bbff71ae	f	3	f	2	1
373	2025-07-23 11:20:09.823802+00	2025-07-23 11:20:09.823812+00	Ish vaqti tugashiga 1 soat qolganda	373	60000	34	477	48000	72000	t	522baf80-b500-4988-b4f3-e709be0dadf1	f	3	f	2	1
374	2025-07-23 11:20:09.827542+00	2025-07-23 11:20:09.827551+00	Hamroh ota-onalar va yoshi 17 yoshdan oshgan bolalar uchun	374	5000	34	477	4000	6000	t	ab1ed01d-9fd8-4312-a5fd-da2e3856c42c	f	3	f	2	1
375	2025-07-23 11:20:09.831338+00	2025-07-23 11:20:09.831347+00	Birga (10 km uchun)	375	29500	30	463	23600	35400	t	eafe20e3-7856-43db-8f89-0590499ff771	f	3	f	2	1
376	2025-07-23 11:20:09.837048+00	2025-07-23 11:20:09.837068+00	Start (10 km uchun)	376	34500	30	463	27600	41400	t	93609b3e-f801-4e59-b0ba-9982093a53cf	f	3	f	2	1
377	2025-07-23 11:20:09.84495+00	2025-07-23 11:20:09.844965+00	Ekonom (10 km uchun)	377	30000	30	463	24000	36000	t	40393e36-8b9c-49a4-8f9d-59f6e614282e	f	3	f	2	1
378	2025-07-23 11:20:09.850026+00	2025-07-23 11:20:09.850039+00	Komfort (10 km uchun)	378	38500	30	463	30800	46200	t	1da16c60-1c90-4779-84bd-f30e6c55235d	f	3	f	2	1
379	2025-07-23 11:20:09.85524+00	2025-07-23 11:20:09.855249+00	Standart (10 km uchun)	379	25500	30	463	20400	30600	t	ea5b45b4-e57f-49dd-98ab-d051090ca1fd	f	3	f	2	1
380	2025-07-23 11:20:09.859517+00	2025-07-23 11:20:09.859526+00	Fasten (10 km uchun)	380	32500	30	463	26000	39000	t	5e331513-43f4-4e89-820d-b794a42f79c3	f	3	f	2	1
381	2025-07-23 11:20:09.863691+00	2025-07-23 11:20:09.863701+00	Upper (10 km uchun)	381	32130	30	463	25704	38556	t	cc5557d0-0467-4741-914f-1eaa4ac0905b	f	3	f	2	1
382	2025-07-23 11:20:09.869189+00	2025-07-23 11:20:09.869198+00	saqlash xizmati	382	15000	22	467	12000	18000	t	810e0097-625c-419d-800a-a693c0d98ce3	f	3	f	2	1
383	2025-07-23 11:20:09.87301+00	2025-07-23 11:20:09.873019+00	Bifshteks	383	32000	7	169	25600	38400	t	3b0f5fdd-4289-4a4c-8ed0-393d2e4fdbac	t	3	t	3	1
384	2025-07-23 11:20:09.876944+00	2025-07-23 11:20:09.876953+00	Qovurma Lagmon	384	30000	7	169	24000	36000	t	363a75f9-fd90-4d8a-81fb-b1172ab88384	t	3	t	3	1
385	2025-07-23 11:20:09.880581+00	2025-07-23 11:20:09.88059+00	Norin	385	33000	7	169	26400	39600	t	29cee21a-763b-4974-a55c-7e71e333f1d5	t	3	t	3	1
386	2025-07-23 11:20:09.88448+00	2025-07-23 11:20:09.884489+00	Jiz	386	48000	7	169	38400	57600	t	fc72f8fe-689b-474f-8ce5-f52494d48447	t	3	t	3	1
387	2025-07-23 11:20:09.888253+00	2025-07-23 11:20:09.888262+00	Super lazer	387	38000	1	1	30400	45600	t	861dce1b-d09d-40e4-960e-0e369dd04ba7	t	3	t	3	1
388	2025-07-23 11:20:09.893693+00	2025-07-23 11:20:09.893702+00	Alanga	388	24000	1	2	19200	28800	t	0c1f5e9b-486d-49e3-a620-757c8d53ca02	t	3	t	3	1
389	2025-07-23 11:20:09.897502+00	2025-07-23 11:20:09.897511+00	Pamidor	389	10000	1	102	8000	12000	t	d05698d2-835f-4dd7-86e0-0a0d160750b2	t	3	t	3	1
392	2025-07-23 11:20:09.90897+00	2025-07-23 11:20:09.908979+00	atirgul oq	392	20000	2	385	16000	24000	t	dd8b5190-ebf5-4a19-9835-7d0b24a3d3a9	f	3	f	2	1
393	2025-07-23 11:20:09.912964+00	2025-07-23 11:20:09.912973+00	atirgul qizil rangli	393	18000	2	385	14400	21600	t	e668cf0c-785e-4f58-80b7-caf8a09fbb17	f	3	f	2	1
394	2025-07-23 11:20:09.918351+00	2025-07-23 11:20:09.918359+00	Ayollar poyabzali poshna qoyish	394	20000	22	425	16000	24000	t	8c8868be-95a4-44b9-9706-d57ec310c5c5	f	3	f	2	1
395	2025-07-23 11:20:09.922262+00	2025-07-23 11:20:09.922271+00	Bolalar poyabzali 2 juft aylanyirib tikish	395	20000	22	425	16000	24000	t	cd260100-f2a1-4ef5-9eae-7f02daf34c0a	f	3	f	2	1
396	2025-07-23 11:20:09.926746+00	2025-07-23 11:20:09.926755+00	Erkaklar shimini qaytarish	396	20000	22	423	16000	24000	t	084109f0-238d-4afc-9f6b-0579a6e71778	f	3	f	2	1
397	2025-07-23 11:20:09.930764+00	2025-07-23 11:20:09.930773+00	Ayyol kiyimiga padushka qoyish	397	25000	22	423	20000	30000	t	3fa24995-ab18-4088-b36b-9bb556ba60ee	f	3	f	2	1
398	2025-07-23 11:20:09.934812+00	2025-07-23 11:20:09.934821+00	Ayollar kiyimini qisqartirish	398	20000	22	423	16000	24000	t	f1b7504f-febb-45f4-9e01-0092ed71f14d	f	3	f	2	1
399	2025-07-23 11:20:09.940301+00	2025-07-23 11:20:09.94031+00	Kiyimlarga zamok qoyish	399	30000	22	423	24000	36000	t	7cebbdfa-3281-49f3-bcaf-23c2b996a413	f	3	f	2	1
400	2025-07-23 11:20:09.944138+00	2025-07-23 11:20:09.944147+00	batareka almashtirish	400	15000	22	505	12000	18000	t	cb2f02fb-3a6a-4bd4-a736-5198d88f165e	f	3	f	2	1
401	2025-07-23 11:20:09.947811+00	2025-07-23 11:20:09.94782+00	Telefon shishasini almashtirish	401	25000	22	505	20000	30000	t	b9bc45a1-fbc6-4933-adaa-ba310dc34d8e	f	3	f	2	1
402	2025-07-23 11:20:09.951831+00	2025-07-23 11:20:09.95184+00	Avangard	402	23000	1	2	18400	27600	t	daec9629-c5eb-40f3-9e3a-d7fdad7ca0f3	t	3	t	3	1
403	2025-07-23 11:20:09.956001+00	2025-07-23 11:20:09.956009+00	Nukus	403	22000	1	2	17600	26400	t	a14e1a03-dcce-4575-9d20-a30086a3bec6	t	3	t	3	1
404	2025-07-23 11:20:09.960005+00	2025-07-23 11:20:09.960014+00	Chuchqa gushti lyashka	404	85000	1	37	68000	102000	t	d8ee8427-1e44-46e2-8990-281c46be8190	f	3	f	2	1
405	2025-07-23 11:20:09.965596+00	2025-07-23 11:20:09.965605+00	Chuchqa yogi xom	405	25000	1	77	20000	30000	t	b45b20d3-e202-4dfc-ac0d-4f34ce511a24	f	3	f	2	1
406	2025-07-23 11:20:09.969577+00	2025-07-23 11:20:09.969587+00	Mol goshti suyakli	406	70000	1	34	56000	84000	t	c9beff5c-a985-454c-8dde-200256003a26	t	3	t	3	1
407	2025-07-23 11:20:09.97356+00	2025-07-23 11:20:09.973569+00	Qoy goshti	407	75000	1	36	60000	90000	t	2f0d6d87-de7d-4115-adb3-fd8ff899333a	t	3	t	3	1
408	2025-07-23 11:20:09.977381+00	2025-07-23 11:20:09.97739+00	Yuvilmagan sabzi	408	2500	1	107	2000	3000	t	a9581de2-5892-4b38-8563-a98bcd0eda86	t	3	t	3	1
409	2025-07-23 11:20:09.983408+00	2025-07-23 11:20:09.983417+00	Lazer pokiston	409	15000	1	1	12000	18000	t	e6ce4526-28d2-445a-9742-f6f1e2b8a3b0	t	3	t	3	1
410	2025-07-23 11:20:09.987517+00	2025-07-23 11:20:09.987529+00	Grechka	410	7000	1	5	5600	8400	t	b1c58fa3-b1b0-441c-a74f-14cb610104cb	f	3	f	2	1
411	2025-07-23 11:20:09.991313+00	2025-07-23 11:20:09.991322+00	Alanga qozogiston	411	13000	1	2	10400	15600	t	a1a2f225-1906-4af8-a71c-f2b157a23f2d	t	3	t	3	1
412	2025-07-23 11:20:09.996797+00	2025-07-23 11:20:09.996806+00	Lazer	412	35000	1	1	28000	42000	t	d5b5a3cf-3803-414e-bd50-562d1c32900c	t	3	t	3	1
413	2025-07-23 11:20:10.000536+00	2025-07-23 11:20:10.000545+00	Perlovka	413	6000	1	7	4800	7200	t	8a795c81-bec7-404e-9a17-7efacfd3ff9b	f	3	f	2	1
414	2025-07-23 11:20:10.004343+00	2025-07-23 11:20:10.004352+00	Loviya oq	414	30000	1	114	24000	36000	t	af7618a4-d73f-41dc-990d-422ff8c0a931	t	3	t	3	1
415	2025-07-23 11:20:10.007983+00	2025-07-23 11:20:10.007992+00	Loviya qizil	415	25000	1	114	20000	30000	t	f96c8298-4213-46b5-8459-87fa6f345b2c	t	3	t	3	1
416	2025-07-23 11:20:10.011494+00	2025-07-23 11:20:10.011503+00	Noxat eron	416	30000	1	115	24000	36000	t	09f712b0-0c5e-46ad-a1e6-d8d122fcf1d5	t	3	t	3	1
417	2025-07-23 11:20:10.015032+00	2025-07-23 11:20:10.015041+00	Kartoshka qizil	417	8000	1	113	6400	9600	t	45df9097-7933-4fab-b0ec-31a8dc76b0a1	t	3	t	3	1
418	2025-07-23 11:20:10.022286+00	2025-07-23 11:20:10.022305+00	Kartoshka oq	418	7000	1	113	5600	8400	t	1b15b250-49be-48a5-97f7-710e079f1498	t	3	t	3	1
419	2025-07-23 11:20:10.028145+00	2025-07-23 11:20:10.028157+00	Sabzi qizil	419	10000	1	107	8000	12000	t	6538cd45-bc38-447e-b599-c9a239926f7c	t	3	t	3	1
420	2025-07-23 11:20:10.032973+00	2025-07-23 11:20:10.032986+00	Piyoz mayda	420	4000	1	110	3200	4800	t	a79b2820-40f0-4dc6-b073-45ccb218e65d	t	3	t	3	1
421	2025-07-23 11:20:10.037632+00	2025-07-23 11:20:10.037641+00	Piyoz yirigi	421	6000	1	110	4800	7200	t	4bcade8b-73db-48c6-98a2-3e71b01ffb63	t	3	t	3	1
422	2025-07-23 11:20:10.042189+00	2025-07-23 11:20:10.042198+00	Pomidor	422	20000	1	102	16000	24000	t	0e47d6db-7f10-4a81-9919-d26dbf3dd2cd	t	3	t	3	1
423	2025-07-23 11:20:10.046486+00	2025-07-23 11:20:10.046495+00	Bulgori qalampir yashil	423	15000	1	104	12000	18000	t	d39df1d0-3045-4895-b4cc-05eae959ffc2	f	3	f	2	1
424	2025-07-23 11:20:10.052211+00	2025-07-23 11:20:10.052219+00	Bulgori qalampir qizil	424	25000	1	104	20000	30000	t	2a047bb2-06ab-4948-ac2f-20314846354d	f	3	f	2	1
425	2025-07-23 11:20:10.055895+00	2025-07-23 11:20:10.055914+00	Karom	425	5000	1	99	4000	6000	t	bde2e26f-d48b-42b8-aed0-267ebb2c0757	t	3	t	3	1
426	2025-07-23 11:20:10.059796+00	2025-07-23 11:20:10.059805+00	Tuzlangan karam chimchi	426	20000	1	118	16000	24000	t	2b1f174e-6a85-4fcb-a981-2adb4fc0e6cb	f	3	f	2	1
427	2025-07-23 11:20:10.063767+00	2025-07-23 11:20:10.063776+00	Tuzlangan karam kvashinniy	427	20000	1	118	16000	24000	t	6f13e589-4d69-4b3c-b66d-9b352ba1a072	f	3	f	2	1
428	2025-07-23 11:20:10.06769+00	2025-07-23 11:20:10.067699+00	Tuzli bodom chaqilgan	428	140000	1	96	112000	168000	t	8192bdb7-cbb2-47fc-8c1c-2e11c4eccd40	f	3	f	2	1
429	2025-07-23 11:20:10.07161+00	2025-07-23 11:20:10.071619+00	Velona pista mahalliy	429	150000	1	93	120000	180000	t	fb22e16a-664a-4050-a0a9-beccbf7fb93c	f	3	f	2	1
430	2025-07-23 11:20:10.080085+00	2025-07-23 11:20:10.080111+00	Musaffo 1%	430	15000	1	56	12000	18000	t	0955801a-0e97-43cf-9c86-f503bf52832c	f	3	f	2	1
431	2025-07-23 11:20:10.087492+00	2025-07-23 11:20:10.08752+00	Musaffo 2%	431	16000	1	56	12800	19200	t	ea7d4182-eba7-4c84-a384-a0d3ec4a2e72	f	3	f	2	1
432	2025-07-23 11:20:10.092839+00	2025-07-23 11:20:10.092853+00	Smetana Pure milk 20% 350gr	432	57142.857142857145	1	66	45714	68571	t	89ec862b-fe48-41f1-abb7-176736d30861	f	3	f	2	1
433	2025-07-23 11:20:10.097881+00	2025-07-23 11:20:10.097895+00	Qaymoq Pure milky 45% 350gr	433	85714.28571428571	1	57	68571	102857	t	154f9a7d-67f0-4206-854d-dcb97ca7ca71	f	3	f	2	1
434	2025-07-23 11:20:10.102133+00	2025-07-23 11:20:10.102143+00	Tvorog Dobroe 5% 250gr	434	88000	1	63	70400	105600	t	0aa3fb8b-c2d7-4547-a13d-39e0a02731b7	f	3	f	2	1
435	2025-07-23 11:20:10.10801+00	2025-07-23 11:20:10.108019+00	Tvorog Pure Milky 5% 200gr	435	100000	1	63	80000	120000	t	f3654708-3c65-4aaf-ace5-14a6e256952d	f	3	f	2	1
436	2025-07-23 11:20:10.112121+00	2025-07-23 11:20:10.112133+00	Yogurt Musaffo 1.5% 100gr	436	25000	1	68	20000	30000	t	1861d0d9-48d3-49e8-a8de-3073dd095d5f	f	3	f	2	1
437	2025-07-23 11:20:10.116322+00	2025-07-23 11:20:10.116331+00	Quyultirilgan sut Dozen 1500gr	437	24000	1	58	19200	28800	t	71b476aa-972a-417b-92b6-e3be59b4d6c4	f	3	f	2	1
438	2025-07-23 11:20:10.120495+00	2025-07-23 11:20:10.120505+00	Sirok Musaffo 40gr	438	6000	1	64	4800	7200	t	6ea4d81d-6797-4070-830e-2e12c17dda73	f	3	f	2	1
439	2025-07-23 11:20:10.12455+00	2025-07-23 11:20:10.12456+00	Sirok Pure milky 40gr	439	6250	1	64	5000	7500	t	4cea5104-a5f5-4f52-b8f4-b2c350c3bcc9	f	3	f	2	1
440	2025-07-23 11:20:10.128399+00	2025-07-23 11:20:10.128408+00	Nan 1 Optipro 400gr	440	312500	1	139	250000	375000	t	8fd3d86a-3e8e-4a65-b9a1-dca6b86d0d06	f	3	f	2	1
441	2025-07-23 11:20:10.134016+00	2025-07-23 11:20:10.134025+00	Muzqaymoq Plombir Mishka na plyus 100gr	441	120000	1	133	96000	144000	t	b2e59fc4-6c30-479a-8a08-d0c2ce01d92b	f	3	f	2	1
442	2025-07-23 11:20:10.137736+00	2025-07-23 11:20:10.137745+00	Muzqaymoq Ice gold Kak ranshe 1kg	442	35000	1	133	28000	42000	t	5997fec6-3b89-43b7-8a7c-7f4ce71aaa71	f	3	f	2	1
443	2025-07-23 11:20:10.14165+00	2025-07-23 11:20:10.141659+00	Muzqaymoq Super Briket 140gr	443	114285.71428571428	1	133	91428	137142	t	999b75b9-2c22-4a3a-9141-808db3839705	f	3	f	2	1
444	2025-07-23 11:20:10.145757+00	2025-07-23 11:20:10.145766+00	Tushyonka Sanina 325gr	444	40923.07692307692	1	48	32738	49107	t	1ca4a5e9-fc0d-4473-a0d6-f2410de6d478	f	3	f	2	1
445	2025-07-23 11:20:10.150263+00	2025-07-23 11:20:10.150272+00	Kilka tomatniy sous KAIJA 144gr	445	53472.22222222222	1	54	42777	64166	t	19bc8f26-db73-4a14-b467-942ddf4bc402	f	3	f	2	1
446	2025-07-23 11:20:10.156007+00	2025-07-23 11:20:10.156016+00	Shprot yogda Za rodina 240gr	446	31300	1	53	25040	37560	t	b9c0bfad-ff04-45e9-a8f9-adb3d5318c76	f	3	f	2	1
447	2025-07-23 11:20:10.159804+00	2025-07-23 11:20:10.159813+00	Shprot yogda Baltis gold 270gr	447	45370.370370370365	1	53	36296	54444	t	e39ac954-8196-406e-aa09-2fa73e056728	f	3	f	2	1
448	2025-07-23 11:20:10.163635+00	2025-07-23 11:20:10.163644+00	Sardina yogda KAIJA 240gr	448	36458.333333333336	1	52	29166	43750	t	5c8de8ab-d893-4e67-9a10-3676c8a0cdc0	f	3	f	2	1
449	2025-07-23 11:20:10.167867+00	2025-07-23 11:20:10.167876+00	Andalus doktorskiy	449	70000	1	44	56000	84000	t	c27c7056-0e85-4522-b97f-be6347597b75	t	3	t	3	1
450	2025-07-23 11:20:10.173685+00	2025-07-23 11:20:10.173694+00	Ruzmetov molochniy	450	74000	1	44	59200	88800	t	35d93a6a-1d38-4405-95c8-98d8f5ee5266	t	3	t	3	1
451	2025-07-23 11:20:10.177247+00	2025-07-23 11:20:10.177256+00	Ruzmetov Asl Farxod	451	130000	1	46	104000	156000	t	b0634543-f6f5-4768-81f8-676bb013d3d0	t	3	t	3	1
452	2025-07-23 11:20:10.180933+00	2025-07-23 11:20:10.180943+00	Sherin Arqon	452	65000	1	46	52000	78000	t	1beb125b-e835-4b5b-8696-2e0751c56248	t	3	t	3	1
453	2025-07-23 11:20:10.18474+00	2025-07-23 11:20:10.184749+00	Shaxskaya TIM dudlangan kolbasa	453	55000	1	46	44000	66000	t	2b10f80f-d4a4-4d7b-ba2d-dcc12ce0a101	t	3	t	3	1
454	2025-07-23 11:20:10.192306+00	2025-07-23 11:20:10.192317+00	Super qazi Sanina	454	200000	1	47	160000	240000	t	1a07ce1c-dba5-4599-b90d-b482bcb233c7	f	3	f	2	1
455	2025-07-23 11:20:10.196848+00	2025-07-23 11:20:10.19686+00	Qazi Konina	455	200000	1	47	160000	240000	t	b2635793-37a0-4800-af36-be4b6d5da015	f	3	f	2	1
456	2025-07-23 11:20:10.201543+00	2025-07-23 11:20:10.201554+00	Chuchvara xanskiy 1kg	456	79000	1	30	63200	94800	t	24c9824b-7616-4a1e-9cae-651cf287745e	f	3	f	2	1
457	2025-07-23 11:20:10.205777+00	2025-07-23 11:20:10.205786+00	Somsa uchun xamir MALI 500gr	457	44000	1	33	35200	52800	t	49b5b404-06db-4860-b493-731002f01ac1	f	3	f	2	1
458	2025-07-23 11:20:10.210891+00	2025-07-23 11:20:10.2109+00	Somsa uchun xamir Musa 500gr	458	40000	1	33	32000	48000	t	2c439524-a621-4c87-8ed5-6397a528e1e8	f	3	f	2	1
459	2025-07-23 11:20:10.215631+00	2025-07-23 11:20:10.21564+00	Big Bon tovuqli 75gr	459	5400	1	31	4320	6480	t	73aa9f44-9f80-45d6-bdbc-5e3f38246cbf	f	3	f	2	1
460	2025-07-23 11:20:10.22142+00	2025-07-23 11:20:10.22143+00	Makfa Chiganoq	460	25000	1	29	20000	30000	t	06f0151b-fcfd-45ce-af71-c4e1cbaa9b07	f	3	f	2	1
461	2025-07-23 11:20:10.225893+00	2025-07-23 11:20:10.225903+00	Makfa Yulduzcha	461	32250	1	29	25800	38700	t	1a6b13de-b913-4a5c-89aa-0710cc96e190	f	3	f	2	1
462	2025-07-23 11:20:10.22974+00	2025-07-23 11:20:10.229749+00	Makiz vermishel	462	17500	1	26	14000	21000	t	f7a10227-8a51-4638-9f23-d6590d31fb09	f	3	f	2	1
463	2025-07-23 11:20:10.237814+00	2025-07-23 11:20:10.237823+00	Makfa lapsha	463	26000	1	27	20800	31200	t	66c73cbe-2aca-4f02-bfc1-1f23c53d2093	f	3	f	2	1
464	2025-07-23 11:20:10.242274+00	2025-07-23 11:20:10.242285+00	Oliy navli undan qolibli non 400gr	464	15000	1	11	12000	18000	t	5daddfa1-e095-4947-a630-207f806c2f02	f	3	f	2	1
465	2025-07-23 11:20:10.24876+00	2025-07-23 11:20:10.248771+00	Brod maester toster non 500gr	465	10000	1	11	8000	12000	t	deefbe27-2098-4da5-8be9-6c64b6e8330d	f	3	f	2	1
466	2025-07-23 11:20:10.253316+00	2025-07-23 11:20:10.253327+00	Birinchi navli bugdoy unidan qolibli non 600gr	466	5000	1	12	4000	6000	t	c149c827-8673-49e7-9b78-98ce6341af1d	t	3	t	3	1
467	2025-07-23 11:20:10.257932+00	2025-07-23 11:20:10.257943+00	Yashkino zolotaya ribka 350gr	467	42857.142857142855	1	17	34285	51428	t	606a6133-955b-4ea7-9ff2-a97174094ee4	f	3	f	2	1
468	2025-07-23 11:20:10.262408+00	2025-07-23 11:20:10.262417+00	Yashkino vafli 200gr	468	55000	1	18	44000	66000	t	e10f4e41-45b7-4fe4-a580-f7a0740ad272	f	3	f	2	1
469	2025-07-23 11:20:10.266677+00	2025-07-23 11:20:10.266686+00	Paxlava Glamur 500gr	469	70000	1	21	56000	84000	t	dd3f7a63-905e-45f1-b539-defb50f53514	f	3	f	2	1
470	2025-07-23 11:20:10.271101+00	2025-07-23 11:20:10.27111+00	Toshkent Yodlangan tuz	470	3000	1	141	2400	3600	t	6b8d1a68-88dd-48c8-a8a1-afdfb4153d54	f	3	f	2	1
471	2025-07-23 11:20:10.276876+00	2025-07-23 11:20:10.276886+00	Vecher shokolad	471	60000	1	131	48000	72000	t	79c50247-5788-4278-ae14-ceaeae770664	f	3	f	2	1
472	2025-07-23 11:20:10.280715+00	2025-07-23 11:20:10.280724+00	Bonduelle yashil nuxat 400gr	472	19000	1	122	15200	22800	t	e7970405-f7f3-4150-8833-c527f1303d38	f	3	f	2	1
473	2025-07-23 11:20:10.284663+00	2025-07-23 11:20:10.284672+00	Tovuq goshti file	473	38900	1	39	31120	46680	t	afea047a-7007-480f-8ee2-8477506e6230	t	3	t	3	1
474	2025-07-23 11:20:10.288803+00	2025-07-23 11:20:10.288813+00	Tovuq goshti qanoti	474	33900	1	39	27120	40680	t	71f24af0-9ddf-4aee-a5d9-35e585c772a9	t	3	t	3	1
475	2025-07-23 11:20:10.292772+00	2025-07-23 11:20:10.292781+00	Tovuq goshti boldir	475	36900	1	39	29520	44280	t	bfb7aa5b-d83c-4122-89bc-fd13e21d4bd6	t	3	t	3	1
476	2025-07-23 11:20:10.296765+00	2025-07-23 11:20:10.296774+00	Tovuq goshti son qismi	476	33900	1	39	27120	40680	t	70af1353-563e-4a55-8713-232272d90863	t	3	t	3	1
477	2025-07-23 11:20:10.323639+00	2025-07-23 11:20:10.323656+00	Sherin Sutli Extra	477	80000	1	45	64000	96000	t	0cd8e73e-1c90-4b03-90a6-23d2d5d0ac26	f	3	f	2	1
478	2025-07-23 11:20:10.329345+00	2025-07-23 11:20:10.329361+00	Ruzmetov mol goshtli	478	80000	1	45	64000	96000	t	aa6c39f5-d0e4-416c-9fa3-703783048f83	f	3	f	2	1
479	2025-07-23 11:20:10.337976+00	2025-07-23 11:20:10.33799+00	Sherin mol goshtli	479	85000	1	45	68000	102000	t	cb5c7554-4443-44f0-957c-fdbcc370991e	f	3	f	2	1
480	2025-07-23 11:20:10.343195+00	2025-07-23 11:20:10.343209+00	Gorilla 450ml	480	26666.666666666668	3	163	21333	32000	t	7e39db76-63b3-4977-a501-8121db44f19d	f	3	f	2	1
481	2025-07-23 11:20:10.347898+00	2025-07-23 11:20:10.347927+00	Borjomi 1litr	481	20000	3	158	16000	24000	t	d057ead9-cb39-4a3b-bbe4-5911be70a629	f	3	f	2	1
482	2025-07-23 11:20:10.354518+00	2025-07-23 11:20:10.354529+00	Ays tea 1250ml	482	8000	3	162	6400	9600	t	1ea3295b-9830-4f3a-86b2-88568f547593	f	3	f	2	1
483	2025-07-23 11:20:10.359589+00	2025-07-23 11:20:10.3596+00	Margarin APPETITO 72% 200gr	483	45000	1	75	36000	54000	t	8bbc7ddf-8a39-464b-b757-50d63a8a1731	t	3	t	3	1
484	2025-07-23 11:20:10.364541+00	2025-07-23 11:20:10.36455+00	Chococream yongoqli kvadrat 400gr	484	87500	1	132	70000	105000	t	1b13c3d5-8261-417c-b64a-bd582b885bc0	f	3	f	2	1
485	2025-07-23 11:20:10.368258+00	2025-07-23 11:20:10.368268+00	Nestle kasha 200gr	485	145000	1	140	116000	174000	t	4c9286bb-65b9-491e-b76c-e59808e4d3db	f	3	f	2	1
486	2025-07-23 11:20:10.371777+00	2025-07-23 11:20:10.371788+00	Kompot Aka-uka 3litr	486	9090	3	98	7272	10908	t	1845521b-365b-44ca-93a0-f4fe075175d6	f	3	f	2	1
487	2025-07-23 11:20:10.375455+00	2025-07-23 11:20:10.375466+00	Kakao Rossiya Zolotoy yarlik 100gr	487	210000	1	129	168000	252000	t	338d4485-0479-4cad-9da0-c5ddeee0f1a4	f	3	f	2	1
488	2025-07-23 11:20:10.380523+00	2025-07-23 11:20:10.380532+00	Kakao Mixfix 370gr	488	94594.5945945946	1	129	75675	113513	t	13835625-d93b-4eaa-a140-70ed5bd10b99	f	3	f	2	1
489	2025-07-23 11:20:10.383595+00	2025-07-23 11:20:10.383603+00	Snikers shokolad kg	489	105000	1	131	84000	126000	t	a9134402-63fc-4803-8872-c379bbb47f54	f	3	f	2	1
490	2025-07-23 11:20:10.386953+00	2025-07-23 11:20:10.386962+00	Roshen Slivki Linivki	490	70000	1	131	56000	84000	t	e53ed466-8619-4b9c-9b10-27608da70f83	f	3	f	2	1
491	2025-07-23 11:20:10.389987+00	2025-07-23 11:20:10.389996+00	Toffix karamel	491	70000	1	134	56000	84000	t	0d3cb75c-3975-49cf-b3cb-87e122ad703d	t	3	t	3	1
492	2025-07-23 11:20:10.39306+00	2025-07-23 11:20:10.39307+00	Tropikanka marmelad	492	70000	1	127	56000	84000	t	be8bbfd3-55fc-45da-8c62-798714ffda94	f	3	f	2	1
493	2025-07-23 11:20:10.396273+00	2025-07-23 11:20:10.396281+00	Kungaboqar yogi Zateya	493	29000	3	73	23200	34800	t	d0f111ee-9214-4cfb-82f8-4d63375a49b3	t	3	t	3	1
494	2025-07-23 11:20:10.40136+00	2025-07-23 11:20:10.401369+00	Ketchup Maxeev 500gr	494	40000	1	144	32000	48000	t	3bdadb69-7316-4ac3-b59e-cb2d724883b0	f	3	f	2	1
495	2025-07-23 11:20:10.404682+00	2025-07-23 11:20:10.404694+00	Monarx ketchup 1kg	495	13000	1	144	10400	15600	t	4e710502-cb06-4dd0-8274-bc9c26bf3a7e	f	3	f	2	1
496	2025-07-23 11:20:10.408256+00	2025-07-23 11:20:10.408264+00	Keks Family pask shokoladniy krem 470	496	42553.1914893617	1	22	34042	51063	t	cd2d070a-5f7f-4814-8c61-d8cb96290310	f	3	f	2	1
497	2025-07-23 11:20:10.417182+00	2025-07-23 11:20:10.417193+00	Napaleon shirintoy	497	50000	1	21	40000	60000	t	3e501365-a672-4bfc-a71f-5e4ab7372acf	f	3	f	2	1
498	2025-07-23 11:20:10.421368+00	2025-07-23 11:20:10.421379+00	Chips Lays 140gr	498	128571.42857142858	1	121	102857	154285	t	5263717e-c088-4942-8948-75335d408150	f	3	f	2	1
499	2025-07-23 11:20:10.427461+00	2025-07-23 11:20:10.427474+00	Chips Lays 225gr	499	111111.11111111112	1	121	88888	133333	t	b8247cce-0a30-4cad-9d67-c30af4c5f653	f	3	f	2	1
500	2025-07-23 11:20:10.431924+00	2025-07-23 11:20:10.431934+00	Asal yantog	500	120000	1	128	96000	144000	t	8b4d6984-ff70-4483-b4fe-81598a73e959	f	3	f	2	1
501	2025-07-23 11:20:10.436342+00	2025-07-23 11:20:10.436351+00	Baxmal tog asali	501	150000	1	128	120000	180000	t	d56cf88b-7dc4-4552-97fd-2d0bcf429fef	f	3	f	2	1
502	2025-07-23 11:20:10.440454+00	2025-07-23 11:20:10.440463+00	Kungaboqar yogi Zolotaya semechka	502	27000	3	73	21600	32400	t	6eca5d35-0269-49d8-b5bb-9001e7c218f2	t	3	t	3	1
503	2025-07-23 11:20:10.44432+00	2025-07-23 11:20:10.444329+00	Alpen gold plitkasi	503	18000	1	130	14400	21600	t	dd62dff8-76b9-4966-8f64-a1020620293b	f	3	f	2	1
504	2025-07-23 11:20:10.448134+00	2025-07-23 11:20:10.448143+00	Manniy yormasi	504	12000	1	4	9600	14400	t	b6d5f3cd-68e5-4019-9547-ac5fbaa1e453	f	3	f	2	1
505	2025-07-23 11:20:10.453875+00	2025-07-23 11:20:10.453883+00	Suli yormasi	505	12000	1	6	9600	14400	t	0b596b16-577c-447c-8390-89a124f71df0	f	3	f	2	1
506	2025-07-23 11:20:10.457646+00	2025-07-23 11:20:10.457656+00	Psheno suk yormasi	506	10000	1	8	8000	12000	t	fcbef33b-81c0-434e-bce6-f6a898a86805	f	3	f	2	1
507	2025-07-23 11:20:10.461613+00	2025-07-23 11:20:10.461621+00	Antigrippin efervesan 10tab Polsha	507	51000	15	354	40800	61200	t	d78d315f-9771-45c4-bcfa-57cf9bf3dedd	t	3	t	3	1
508	2025-07-23 11:20:10.465689+00	2025-07-23 11:20:10.465698+00	Azimak 500mg 3tab Gruziya	508	180000	15	351	144000	216000	t	bc8c4d50-03ce-40f5-a3a7-3d84423633be	f	3	f	2	1
509	2025-07-23 11:20:10.470085+00	2025-07-23 11:20:10.470094+00	Azitramitsin 250mg 6tab Uzb	509	23333.333333333336	15	351	18666	28000	t	dfce68dc-8bf7-4365-ab7d-653770c6da7b	f	3	f	2	1
510	2025-07-23 11:20:10.474203+00	2025-07-23 11:20:10.474212+00	Bint 7x12 sterillanmagan	510	2500	2	359	2000	3000	t	4f20f69a-f8bf-4570-9a1f-e933ce8454de	f	3	f	2	1
511	2025-07-23 11:20:10.480345+00	2025-07-23 11:20:10.480354+00	Bint 7x14 sterillangan	511	3500	2	359	2800	4200	t	942446e5-bcf8-4bdb-9b56-78800fe16cca	f	3	f	2	1
512	2025-07-23 11:20:10.484425+00	2025-07-23 11:20:10.484436+00	Diazolin draja 0,05gr 20tab Ukraina	512	7500	15	352	6000	9000	t	1ed0e9e0-7eaf-4e6c-858d-056cad900251	f	3	f	2	1
513	2025-07-23 11:20:10.488446+00	2025-07-23 11:20:10.488455+00	Vitrum D3 Maks 30tab Chexiya	513	18000	15	350	14400	21600	t	ca8f7246-3b35-4589-a5c0-8b570a56cfb7	f	3	f	2	1
514	2025-07-23 11:20:10.49252+00	2025-07-23 11:20:10.49253+00	Elevit pronatal 100tab Germaniya	514	36000	15	350	28800	43200	t	4411efb3-8f14-4e87-b333-215ea33d7949	f	3	f	2	1
515	2025-07-23 11:20:10.496568+00	2025-07-23 11:20:10.496577+00	Ergoferon 20tab Ross	515	32000	15	354	25600	38400	t	e5424c10-4829-4b76-8ee1-a30599c2a6ee	t	3	t	3	1
516	2025-07-23 11:20:10.502304+00	2025-07-23 11:20:10.502313+00	Gerpiver 200mg 20tab Ukraina	516	21000	15	354	16800	25200	t	249e64b5-e8ce-4fde-8096-c540826a8c09	t	3	t	3	1
517	2025-07-23 11:20:10.506398+00	2025-07-23 11:20:10.506407+00	Kardiomagnil 75mg 100tab	517	6500	15	353	5200	7800	t	2b045715-07dd-4f77-80fc-fbcdb03e1df1	f	3	f	2	1
518	2025-07-23 11:20:10.510543+00	2025-07-23 11:20:10.510552+00	Loratal 10mg 30tab Uzb	518	27000	15	352	21600	32400	t	33adcbaf-5b0f-4fea-97de-8c5695ac23ab	f	3	f	2	1
519	2025-07-23 11:20:10.514649+00	2025-07-23 11:20:10.514658+00	Maska bir martalik	519	800	2	357	640	960	t	a8b7451f-0654-4a39-aa23-34fb1da2a237	f	3	f	2	1
520	2025-07-23 11:20:10.518533+00	2025-07-23 11:20:10.518542+00	Shprits 2mg	520	500	2	358	400	600	t	35f2a844-39d5-48f7-8432-62671e021012	f	3	f	2	1
521	2025-07-23 11:20:10.522313+00	2025-07-23 11:20:10.522322+00	Shprits 5mg	521	500	2	358	400	600	t	cd91657c-26f9-4dc9-87df-91bbc79bd849	f	3	f	2	1
522	2025-07-23 11:20:10.528122+00	2025-07-23 11:20:10.528131+00	Spirt 70% 50ml	522	3000	2	355	2400	3600	t	fd01695c-c5a2-434c-aa45-d05a4219e794	f	3	f	2	1
523	2025-07-23 11:20:10.532371+00	2025-07-23 11:20:10.53238+00	Suprastin 25mg 20tab Vengriya	523	16000	15	352	12800	19200	t	56fd9b43-a297-4c2c-9de0-e219fa0f6ad2	f	3	f	2	1
524	2025-07-23 11:20:10.53636+00	2025-07-23 11:20:10.536369+00	Termometr simobli	524	18000	2	356	14400	21600	t	e76dfbd2-6a71-45d9-bd83-7e5afa59e8c1	f	3	f	2	1
525	2025-07-23 11:20:10.540112+00	2025-07-23 11:20:10.540121+00	Tanometr Adyutor Rossiya	525	170000	2	356	136000	204000	t	9138ee33-5fca-4369-bebf-4d2d934bf60e	f	3	f	2	1
526	2025-07-23 11:20:10.544265+00	2025-07-23 11:20:10.544274+00	Trombapol 75mg 60tab	526	5000	15	353	4000	6000	t	9c2e111a-bf90-4a1c-9ff8-05fbc013f0ba	f	3	f	2	1
527	2025-07-23 11:20:10.54803+00	2025-07-23 11:20:10.548039+00	Yod 25ml Uzb	527	6000	2	355	4800	7200	t	af57b206-065a-4a41-9762-d1258d143331	f	3	f	2	1
528	2025-07-23 11:20:10.553302+00	2025-07-23 11:20:10.553311+00	Zelyonka 20ml Uzb	528	3500	2	355	2800	4200	t	e54f12bb-2069-4052-a5de-be25b69ebf9c	f	3	f	2	1
529	2025-07-23 11:20:10.55696+00	2025-07-23 11:20:10.556969+00	Antiseptik 50ml	529	5000	2	355	4000	6000	t	b8ea3232-8c32-43ed-bbe2-8979d200d6f0	f	3	f	2	1
530	2025-07-23 11:20:10.560903+00	2025-07-23 11:20:10.560926+00	Qolqop	530	4000	2	357	3200	4800	t	f8996aee-8faf-4b75-8369-02f3fd5211d9	f	3	f	2	1
531	2025-07-23 11:20:10.564958+00	2025-07-23 11:20:10.564967+00	Standart 11 km 1.5 soat ichida	531	15000	22	468	12000	18000	t	2af30b66-1503-47db-aaa0-d8781cb46aab	f	3	f	2	1
532	2025-07-23 11:20:10.56893+00	2025-07-23 11:20:10.568939+00	Keks Okeyk 70gr	532	85714.28571428571	1	22	68571	102857	t	1b6f5096-f4d5-4f5f-a7e3-89b72c1aa6e7	f	3	f	2	1
533	2025-07-23 11:20:10.574505+00	2025-07-23 11:20:10.574514+00	Nesquik sharikchali nonushta	533	154761.90476190476	1	25	123809	185714	t	b8a828ea-4229-4826-ba69-a02f4fbd58ec	f	3	f	2	1
534	2025-07-23 11:20:10.578321+00	2025-07-23 11:20:10.57833+00	American Popcorn 150gr	534	180000	1	32	144000	216000	t	b47d9f23-0e07-42ec-9049-f27419592df4	f	3	f	2	1
535	2025-07-23 11:20:10.582315+00	2025-07-23 11:20:10.582324+00	Suxariki qadoqlangan 200gr	535	60000	1	16	48000	72000	t	abcbd608-8b78-45e5-b860-9a511979cd41	f	3	f	2	1
536	2025-07-23 11:20:10.586344+00	2025-07-23 11:20:10.586353+00	Urta ulchamdagi oq rangli gul tuvak	536	20000	2	384	16000	24000	t	10aa65ff-c5a2-4965-bb84-cea98c92ffdc	f	3	f	2	1
537	2025-07-23 11:20:10.590145+00	2025-07-23 11:20:10.590153+00	Katta ulchamdagi oq rangli gul tuvak	537	25000	2	384	20000	30000	t	6c972fbe-e58b-48e9-9cf6-d5e9bf4773be	f	3	f	2	1
538	2025-07-23 11:20:10.595742+00	2025-07-23 11:20:10.595752+00	Xlorofitum	538	40000	2	385	32000	48000	t	3b969bf4-8f0f-4860-ac06-e5e161369b1a	f	3	f	2	1
539	2025-07-23 11:20:10.599382+00	2025-07-23 11:20:10.599391+00	Fikus	539	40000	2	385	32000	48000	t	26ad54d3-1c56-4b2d-8e93-7b0ff565c1f5	f	3	f	2	1
540	2025-07-23 11:20:10.603102+00	2025-07-23 11:20:10.603111+00	Papirtnik	540	35000	2	385	28000	42000	t	9d783fda-0a80-45d3-9dca-7106fc48e19c	f	3	f	2	1
541	2025-07-23 11:20:10.606739+00	2025-07-23 11:20:10.606748+00	Adyol (sintepon) 2 spalniy	541	200000	22	421	160000	240000	t	0a3a1fa5-558d-41c2-91c2-3ab23aefab05	f	3	f	2	1
542	2025-07-23 11:20:10.610466+00	2025-07-23 11:20:10.610477+00	Kofta yuqa	542	120000	22	421	96000	144000	t	133f1f61-740a-4ef1-93c0-b1c9055d03ee	f	3	f	2	1
543	2025-07-23 11:20:10.614581+00	2025-07-23 11:20:10.614593+00	Shim jensiy	543	109000	22	421	87200	130800	t	628f75c5-30c1-43b4-80c7-58a22f5e8a95	f	3	f	2	1
544	2025-07-23 11:20:10.621197+00	2025-07-23 11:20:10.621212+00	Kurtka qalin	544	190000	22	421	152000	228000	t	7aabb36d-4251-45da-b400-f10cc1a38b5b	f	3	f	2	1
545	2025-07-23 11:20:10.62647+00	2025-07-23 11:20:10.626486+00	Futbolka	545	92000	22	421	73600	110400	t	00661928-0f06-40df-951e-e917da06a493	f	3	f	2	1
546	2025-07-23 11:20:10.631044+00	2025-07-23 11:20:10.631055+00	Sviter koftali	546	130000	22	421	104000	156000	t	72d5b1e3-113a-45c3-b9e0-7ed6d36f9512	f	3	f	2	1
547	2025-07-23 11:20:10.635364+00	2025-07-23 11:20:10.635374+00	7 qavatli uy uchun tolov	547	1705	14	432	1364	2046	t	23707268-cac9-42c9-8169-00064428a230	t	3	t	3	1
548	2025-07-23 11:20:10.639566+00	2025-07-23 11:20:10.639575+00	Express 7 km 50 daqiqa ichida	548	20000	22	468	16000	24000	t	dc2d95f9-f66d-4eca-a1b6-5257e5afe570	f	3	f	2	1
549	2025-07-23 11:20:10.643566+00	2025-07-23 11:20:10.643575+00	Bolalar maydonchasiga kirish chiptasi (1 soat) Ozb fuqar. u-n	549	15000	34	482	12000	18000	t	6b43bd82-3ef4-40fe-b9ee-beb6f4d6dee0	f	3	f	2	1
550	2025-07-23 11:20:10.648996+00	2025-07-23 11:20:10.649004+00	SPARK dvigatel sistemasini diagnostika qilish	550	35000	22	452	28000	42000	t	3188d5f4-8bb5-45c6-a8ac-8cd040542e96	f	3	f	2	1
551	2025-07-23 11:20:10.652827+00	2025-07-23 11:20:10.652836+00	BYD XAN dvigatel sistemasini diagnostika qilish	551	110000	22	452	88000	132000	t	a5b60ad6-d103-4d96-ae5b-887259823056	f	3	f	2	1
552	2025-07-23 11:20:10.656727+00	2025-07-23 11:20:10.656736+00	foto xujjat uchun 3x4 (4 ta)	552	20000	22	484	16000	24000	t	111d4da7-9617-472d-b84c-83246d5218ea	f	3	f	2	1
553	2025-07-23 11:20:10.660589+00	2025-07-23 11:20:10.660598+00	foto xujjat uchun 3x4 (8 ta)	553	25000	22	484	20000	30000	t	685e4d95-3452-4db3-a290-8648e5e98e30	f	3	f	2	1
554	2025-07-23 11:20:10.664374+00	2025-07-23 11:20:10.664383+00	1 Klass 3-Faza	554	100000	22	451	80000	120000	t	442b885f-bed0-4ba8-9bea-a61cb0090825	f	3	f	2	1
555	2025-07-23 11:20:10.668151+00	2025-07-23 11:20:10.668161+00	1 Klass Kuzov	555	50000	22	451	40000	60000	t	fd4ce0a2-6b82-46a0-99c2-336bb1d50dc7	f	3	f	2	1
556	2025-07-23 11:20:10.673133+00	2025-07-23 11:20:10.673142+00	1 Klass Salon	556	50000	22	451	40000	60000	t	5e23d89e-598c-4e68-a5ae-7e9dc5bc4c0a	f	3	f	2	1
557	2025-07-23 11:20:10.676576+00	2025-07-23 11:20:10.676585+00	4 Klass 3-Faza	557	150000	22	451	120000	180000	t	cc6c3d49-46dd-4e75-937b-f91ea348cb58	f	3	f	2	1
558	2025-07-23 11:20:10.680272+00	2025-07-23 11:20:10.680281+00	4 Klass Kuzov	558	80000	22	451	64000	96000	t	44fb5061-e2b3-4a61-9f99-11a103ac12f7	f	3	f	2	1
559	2025-07-23 11:20:10.684122+00	2025-07-23 11:20:10.684132+00	4 Klass Salon	559	80000	22	451	64000	96000	t	b97c87a0-0e37-44ac-b844-a4af921f8038	f	3	f	2	1
560	2025-07-23 11:20:10.687969+00	2025-07-23 11:20:10.687978+00	Maktabgacha talim (kunduzgi)	560	9000000	37	491	7200000	10800000	t	b37ddfab-c7e1-41ef-8572-edb93773e48f	f	3	f	2	1
561	2025-07-23 11:20:10.693495+00	2025-07-23 11:20:10.693504+00	English education (kunduzgi)	561	9975000	37	491	7980000	11970000	t	71ba6f23-a8ed-4f47-a3bf-868f7ef04825	f	3	f	2	1
562	2025-07-23 11:20:10.697163+00	2025-07-23 11:20:10.697171+00	Turizm (kunduzgi)	562	9500000	37	491	7600000	11400000	t	380569c7-295b-4c87-be6a-d2603c502d4d	f	3	f	2	1
563	2025-07-23 11:20:10.701014+00	2025-07-23 11:20:10.701022+00	Biznesni boshqarish (kunduzgi)	563	10500000	37	491	8400000	12600000	t	4fd85da2-4fc0-4374-908d-260bcff4896e	f	3	f	2	1
564	2025-07-23 11:20:10.705076+00	2025-07-23 11:20:10.705085+00	Xalqaro iqtisodiy munosabatlar (kunduzgi)	564	10975000	37	491	8780000	13170000	t	155932f6-0fac-4058-a88d-d46eddc11233	f	3	f	2	1
565	2025-07-23 11:20:10.709216+00	2025-07-23 11:20:10.709225+00	Bank ishi (kunduzgi)	565	10950000	37	491	8760000	13140000	t	3bfd1327-83c7-4e43-8590-84d2acf52d96	f	3	f	2	1
566	2025-07-23 11:20:10.71317+00	2025-07-23 11:20:10.713179+00	2 ta farzandli oiladan 1 ta farzand uchun	566	2042500	36	489	1634000	2451000	t	5cbfb28b-a72f-47f8-a6c5-ecfbe027b7bb	f	3	f	2	1
567	2025-07-23 11:20:10.719832+00	2025-07-23 11:20:10.719841+00	2 kishilik lyuks nomer 1 lishi uchun	567	425000	35	494	340000	510000	t	edf3012a-1af4-44bd-8b35-71dc79a87bf9	f	3	f	2	1
568	2025-07-23 11:20:10.723899+00	2025-07-23 11:20:10.723925+00	Lux 2 kishilik	568	1300000	35	494	1040000	1560000	t	7091b3be-95b6-45b2-adbd-e12c32d501d4	f	3	f	2	1
569	2025-07-23 11:20:10.728032+00	2025-07-23 11:20:10.728041+00	Sintetik gilam va kovrolan tolasi 1 sm gacha	569	14000	14	442	11200	16800	t	b570a24a-72c2-4c6f-a0c1-f656700c4c39	f	3	f	2	1
570	2025-07-23 11:20:10.732063+00	2025-07-23 11:20:10.732073+00	Ipak / Viskoza / Turkman gilamlar	570	20000	14	442	16000	24000	t	b11fe04f-abe4-4460-9e3e-d93ed3affdda	f	3	f	2	1
571	2025-07-23 11:20:10.736458+00	2025-07-23 11:20:10.736469+00	Maysa orish asbobi (yakkalik) (Gazonokosilka)	571	100000	27	441	80000	120000	t	f222b77e-d28c-4ab3-8879-4190956c7590	f	3	f	2	1
572	2025-07-23 11:20:10.742357+00	2025-07-23 11:20:10.742365+00	Generator 2 KW	572	150000	27	441	120000	180000	t	b63dbbe3-cf98-4255-bc20-0bb411f8bec2	f	3	f	2	1
573	2025-07-23 11:20:10.746358+00	2025-07-23 11:20:10.746367+00	Temir Keskich (Balgarka)	573	50000	27	441	40000	60000	t	6800fbae-1069-4154-ad96-87a68bdf55ca	f	3	f	2	1
574	2025-07-23 11:20:10.750369+00	2025-07-23 11:20:10.750378+00	Yuz tozalash (Chistka litsa)	574	500000	22	503	400000	600000	t	888edad0-c4b4-4ba8-8c59-a3fce43287fe	f	3	f	2	1
575	2025-07-23 11:20:10.754245+00	2025-07-23 11:20:10.754256+00	Botulinoterapiya podmishek	575	1450000	22	503	1160000	1740000	t	b3808d9d-b42a-4eff-bf95-82d145c2da90	f	3	f	2	1
576	2025-07-23 11:20:10.757928+00	2025-07-23 11:20:10.757938+00	Piling litsa (Yuz pillingi)	576	350000	22	503	280000	420000	t	4c9991df-556e-4b91-b53a-d9d2f08dc07f	f	3	f	2	1
577	2025-07-23 11:20:10.761647+00	2025-07-23 11:20:10.761655+00	Udalenie taturovki malenkiy razmer	577	505000	22	503	404000	606000	t	c5b5aeb6-975a-48fd-a6a9-3c86d91258df	f	3	f	2	1
578	2025-07-23 11:20:10.767258+00	2025-07-23 11:20:10.767267+00	AI 95	578	12500	16	366	10000	15000	t	61971511-830c-4eb6-a186-9e7cca67df52	t	3	t	3	1
579	2025-07-23 11:20:10.77083+00	2025-07-23 11:20:10.770839+00	Katta qabr qazish	579	150000	22	506	120000	180000	t	a37a82da-bca5-49bc-a434-d8e46511f81c	f	3	f	2	1
580	2025-07-23 11:20:10.774672+00	2025-07-23 11:20:10.774681+00	Kichik qabr qazish	580	60000	22	506	48000	72000	t	10b0f0ad-ebe1-44db-80e6-48087c9232e3	f	3	f	2	1
581	2025-07-23 11:20:10.778362+00	2025-07-23 11:20:10.77837+00	10 mln gacha 30 kunga foizi	581	900000	22	509	720000	1080000	t	212e0494-0201-4685-bb75-5f7917781c40	f	3	f	2	1
582	2025-07-23 11:20:10.782092+00	2025-07-23 11:20:10.782101+00	10 mln dan yuqori 30 kunga foizi	582	600000	22	509	480000	720000	t	ff53264c-7dd8-4ef3-bf76-5487d2e812cc	f	3	f	2	1
583	2025-07-23 11:20:10.787367+00	2025-07-23 11:20:10.787376+00	Ayollar koylagini tikish CHIT matodan	583	150000	22	422	120000	180000	t	79d3a814-90a1-4ece-b203-0dd3476187b2	f	3	f	2	1
584	2025-07-23 11:20:10.790936+00	2025-07-23 11:20:10.790945+00	Ayollar koylagini tikish TUY MAROSIM kuylagi	584	350000	22	422	280000	420000	t	a897400e-28c9-4392-a78a-bacba2757c36	f	3	f	2	1
585	2025-07-23 11:20:10.794704+00	2025-07-23 11:20:10.794713+00	Ugil bolalar harbiy kiyimi	585	100000	22	424	80000	120000	t	2a4a42a2-d3de-492b-92fd-9e877fa2bc0d	f	3	f	2	1
586	2025-07-23 11:20:10.798466+00	2025-07-23 11:20:10.798476+00	Qiz bolalar uchun oq kuylak	586	150000	22	424	120000	180000	t	9275a224-962f-4639-bb17-7e20eb43e278	f	3	f	2	1
587	2025-07-23 11:20:10.802571+00	2025-07-23 11:20:10.802583+00	Qiz bolalar uchun milliy atlas kuylak	587	100000	22	424	80000	120000	t	ba267495-e4e8-48a2-9c43-42e9f7df5f9b	f	3	f	2	1
588	2025-07-23 11:20:10.806472+00	2025-07-23 11:20:10.806481+00	1 xonali uy ijarasi	588	2000000	23	426	1600000	2400000	t	ed5b27a9-4fb1-453b-809e-805b4fc46acd	f	3	f	2	1
589	2025-07-23 11:20:10.812086+00	2025-07-23 11:20:10.812095+00	3 xonali uy ijarasi	589	5200000	23	426	4160000	6240000	t	a445dde6-d9fb-4de5-8506-adc8e3346087	f	3	f	2	1
590	2025-07-23 11:20:10.816227+00	2025-07-23 11:20:10.816236+00	2 xonali uy ijarasi	590	3900000	23	426	3120000	4680000	t	441c8c40-6caa-4b12-9b49-8d8819018c29	f	3	f	2	1
591	2025-07-23 11:20:10.820348+00	2025-07-23 11:20:10.820357+00	Kichik ulchamdagi shkafni yigish xizmati	591	300000	22	438	240000	360000	t	0123ab10-35a6-4db9-bbce-1f597e99b7ae	f	3	f	2	1
592	2025-07-23 11:20:10.824846+00	2025-07-23 11:20:10.824855+00	Katta ulchamdagi shkafni yigish xizmati	592	500000	22	438	400000	600000	t	ee3e598f-7a52-4ac7-b12d-3e2b7ddc1f6f	f	3	f	2	1
593	2025-07-23 11:20:10.830624+00	2025-07-23 11:20:10.830633+00	9 talik Konditsionerni urnatish xizmati	593	350000	22	440	280000	420000	t	5e701f3d-2ccc-4d50-a1fe-2a2c77342aac	f	3	f	2	1
594	2025-07-23 11:20:10.834655+00	2025-07-23 11:20:10.834665+00	18 talik Konditsionerni urnatish xizmati	594	600000	22	440	480000	720000	t	738c11b1-ec2f-4ae7-9182-09be4a8a6171	f	3	f	2	1
595	2025-07-23 11:20:10.838467+00	2025-07-23 11:20:10.838476+00	6 kg lik Kir yuvish mashinasi urnatish xizmati	595	300000	22	440	240000	360000	t	2a9f043d-78dd-4095-b452-091be5f333aa	f	3	f	2	1
596	2025-07-23 11:20:10.842298+00	2025-07-23 11:20:10.842308+00	Chumoli va tarakanlarga qarshi 1 litr dori narxi	596	35000	14	443	28000	42000	t	b4f0bcf9-fdab-4322-945d-1f19ce026fb7	f	3	f	2	1
597	2025-07-23 11:20:10.84612+00	2025-07-23 11:20:10.846129+00	Pashsha va chivinlarga qarshi 1 litr dori narxi	597	35000	14	443	28000	42000	t	973cc7d3-6012-4fc6-8c38-8fcbc9ce609e	f	3	f	2	1
598	2025-07-23 11:20:10.849872+00	2025-07-23 11:20:10.849881+00	Klapalarga qarshi 1 litr dori narxi	598	35000	14	443	28000	42000	t	d5720579-f261-4651-8b5f-9828fc176afd	f	3	f	2	1
599	2025-07-23 11:20:10.855391+00	2025-07-23 11:20:10.855401+00	Gepatit A ga qarshi vaksina (yosh bolalar) Xitoy	599	350000	22	444	280000	420000	t	327941a1-e868-45a5-b667-693775d8e351	f	3	f	2	1
600	2025-07-23 11:20:10.859251+00	2025-07-23 11:20:10.85926+00	Gepatit B ga qarshi vaksina (kattalar) Hindiston	600	350000	22	444	280000	420000	t	891dcd2e-51f6-4371-8366-c99ff8e3516a	f	3	f	2	1
601	2025-07-23 11:20:10.863082+00	2025-07-23 11:20:10.863092+00	Gepatit B ga qarshi vaksina (yosh bolalar) Hindiston	601	240000	22	444	192000	288000	t	321593bc-0fb1-44d9-8e88-7cc3cf54001b	f	3	f	2	1
602	2025-07-23 11:20:10.866801+00	2025-07-23 11:20:10.866811+00	Gripga qarshi vaksina Gollandiya	602	240000	22	444	192000	288000	t	1ba9308c-5394-4abc-8c8a-be245996e562	f	3	f	2	1
603	2025-07-23 11:20:10.870427+00	2025-07-23 11:20:10.870438+00	B toifa uchun	603	6800000	29	454	5440000	8160000	t	86e0fe01-52c6-43e7-98b2-5d07df7f3261	f	3	f	2	1
604	2025-07-23 11:20:10.875743+00	2025-07-23 11:20:10.875753+00	D toifa uchun	604	7000000	29	454	5600000	8400000	t	9fea28cc-72f6-41b3-acd7-e052c826bf1f	f	3	f	2	1
605	2025-07-23 11:20:10.879665+00	2025-07-23 11:20:10.879674+00	Super econom	605	9000	23	473	7200	10800	t	8b9fcf88-b5e4-4f15-8832-5e126a6d0801	f	3	f	2	1
606	2025-07-23 11:20:10.88364+00	2025-07-23 11:20:10.883649+00	Bazaviy	606	27000	23	473	21600	32400	t	6cd34a4c-c6d9-452f-b8df-a2ac5bd90527	f	3	f	2	1
607	2025-07-23 11:20:10.88734+00	2025-07-23 11:20:10.887349+00	Miks	607	30000	23	473	24000	36000	t	33d808f2-b097-4ab0-bdca-63ead9d9e808	f	3	f	2	1
608	2025-07-23 11:20:10.890986+00	2025-07-23 11:20:10.890995+00	Miks T2	608	35000	23	473	28000	42000	t	f6bdfcf4-c5c3-4fa3-b31a-bc23487492b3	f	3	f	2	1
609	2025-07-23 11:20:10.89473+00	2025-07-23 11:20:10.894739+00	Premium	609	40000	23	473	32000	48000	t	4d3af754-bc3b-4d50-b4b7-51e3724a26ae	f	3	f	2	1
610	2025-07-23 11:20:10.900022+00	2025-07-23 11:20:10.90003+00	taklifnoma chiqarish Konvertli	610	10000	2	486	8000	12000	t	85cefcac-5a21-4faa-9124-4a33462f74f0	f	3	f	2	1
611	2025-07-23 11:20:10.903697+00	2025-07-23 11:20:10.903706+00	Xujjatlardan nusxa olish rangli	611	5000	22	508	4000	6000	t	b1785c71-8b19-44f6-a85a-6a985b62ac83	f	3	f	2	1
612	2025-07-23 11:20:10.907357+00	2025-07-23 11:20:10.907366+00	Xujjatlardan nusxa olish rangsiz	612	2000	22	508	1600	2400	t	4b0d7def-d116-452d-89a2-33c8d58b8f54	f	3	f	2	1
613	2025-07-23 11:20:10.911147+00	2025-07-23 11:20:10.911156+00	Ayollar sochini kesish	613	100000	22	501	80000	120000	t	b428a1f0-e44d-4e96-87b9-b00db3eabc2c	f	3	f	2	1
614	2025-07-23 11:20:10.914857+00	2025-07-23 11:20:10.914865+00	Ayollar sochini boyash (Kalta soch uchun)	614	100000	22	501	80000	120000	t	97cb39e3-7254-4768-b03c-0ce5bad6a301	f	3	f	2	1
615	2025-07-23 11:20:10.92028+00	2025-07-23 11:20:10.920289+00	Soqol oldirish mashinkada	615	50000	22	502	40000	60000	t	efbabce0-2395-457b-b6b1-75e0c981608d	f	3	f	2	1
616	2025-07-23 11:20:10.925646+00	2025-07-23 11:20:10.925656+00	Soqol oldirish ustarada	616	60000	22	502	48000	72000	t	64886cf4-1705-45c3-978a-87e5574eba2a	f	3	f	2	1
617	2025-07-23 11:20:10.929755+00	2025-07-23 11:20:10.929765+00	Stol tennis (1 soat)	617	80000	23	478	64000	96000	t	ec84d018-5bd2-46a2-8bf5-c4833c1ea407	f	3	f	2	1
618	2025-07-23 11:20:10.933856+00	2025-07-23 11:20:10.933866+00	Boks zali 20 ta kishigacha (1 soat)	618	100000	23	478	80000	120000	t	01a10594-106c-4c7f-8d67-76f2f3adee22	f	3	f	2	1
619	2025-07-23 11:20:10.937872+00	2025-07-23 11:20:10.937881+00	Xoregrafiya zali 12 kishilik guruh (1 soat)	619	80000	23	478	64000	96000	t	37f21892-cf2f-4516-86ab-b261e92d2800	f	3	f	2	1
620	2025-07-23 11:20:10.941702+00	2025-07-23 11:20:10.941711+00	Mehmonxona mebellari toplami Agira #1, rang Gikori Kingston+Oq yaltiroq	620	11130000	10	302	8904000	13356000	t	890ded09-dfc4-40a0-9ceb-6e560bb84fb4	f	3	f	2	1
621	2025-07-23 11:20:10.945542+00	2025-07-23 11:20:10.945551+00	Shkaf tort eshikli oynasi bilan Stefania, rangi Yongoq Linkolin 42x99	621	12188000	10	302	9750400	14625600	t	bd4555b7-ae73-41ef-8884-6d50b36243ac	f	3	f	2	1
622	2025-07-23 11:20:10.95097+00	2025-07-23 11:20:10.950979+00	Yotoqxona mebellari toplami Istra #1, rangi: Oq	622	13174000	10	303	10539200	15808800	t	442634bf-d055-42bd-9441-0df234766107	f	3	f	2	1
623	2025-07-23 11:20:10.954675+00	2025-07-23 11:20:10.954684+00	Divan Vega Nova Casanova Chocolate kiyim qutisi bilan 137x197	623	40770000	10	305	32616000	48924000	t	33e9710a-8875-420e-9a47-4f77a4611cb5	f	3	f	2	1
624	2025-07-23 11:20:10.958501+00	2025-07-23 11:20:10.95851+00	Komod Velesa, rangi Oq premium 40x100	624	4306000	10	306	3444800	5167200	t	7d629ea6-ddb2-4758-b0c6-85a027d1ae96	f	3	f	2	1
625	2025-07-23 11:20:10.962532+00	2025-07-23 11:20:10.962543+00	Shkaf ikki eshikli oynali Zima, Eman silverjek yongoq+Loy kulrang 41x85.5	625	10282000	2	307	8225600	12338400	t	b7140158-888f-4c17-b808-09eac29103ec	f	3	f	2	1
626	2025-07-23 11:20:10.966486+00	2025-07-23 11:20:10.966495+00	Krovat Cassis qora shagren + Matras ASKONA Fortuna 160x200	626	18549000	2	310	14839200	22258800	t	f747e995-3637-4177-b3ff-43f05173b952	f	3	f	2	1
627	2025-07-23 11:20:10.972209+00	2025-07-23 11:20:10.972218+00	Nosvoy (Andijon)	627	5000	4	172	4000	6000	t	a04f18b8-eae8-4380-85c2-6e1f2b9099c7	f	3	f	2	1
628	2025-07-23 11:20:10.97602+00	2025-07-23 11:20:10.976029+00	Dunhill Deluxe Click	628	18860	8	171	15088	22632	t	3fdf827a-3b04-47c8-a04d-bc66708ff2d7	t	3	t	3	1
629	2025-07-23 11:20:10.980032+00	2025-07-23 11:20:10.98004+00	Kent Mix Cool	629	17810	8	171	14248	21372	t	199bba64-85fb-47d8-b078-412b29578bd2	t	3	t	3	1
630	2025-07-23 11:20:10.984194+00	2025-07-23 11:20:10.984203+00	atir Carlo Bossi 100 ml	630	120000	20	407	96000	144000	t	13031ddc-f199-4e9c-b856-8b46ee514203	f	3	f	2	1
631	2025-07-23 11:20:10.988563+00	2025-07-23 11:20:10.988573+00	Dez. sprey Nivea Men serebryannaya zashita 150ml	631	40000	20	408	32000	48000	t	bfd55533-8caa-4f33-b598-d2b54529b96f	f	3	f	2	1
632	2025-07-23 11:20:10.992845+00	2025-07-23 11:20:10.992854+00	LOTOS C1 6 dona	632	5000	2	402	4000	6000	t	11d0ff8e-b5fa-4171-94af-c7c30135acf2	f	3	f	2	1
633	2025-07-23 11:20:10.99871+00	2025-07-23 11:20:10.99872+00	Ffleur 2tasi 1da	633	75000	2	409	60000	90000	t	f4adee40-5286-4417-9569-0cc168e7dbdd	f	3	f	2	1
634	2025-07-23 11:20:11.002712+00	2025-07-23 11:20:11.002721+00	Xojalik sovun yangiyol 60foiz	634	6000	1	342	4800	7200	t	c7358356-0425-43cb-a11b-903ec5af0549	t	3	t	3	1
635	2025-07-23 11:20:11.006575+00	2025-07-23 11:20:11.006584+00	kir yuvish kukuni Tide 3kg	635	28333.33333333333	1	343	22666	33999	t	2d5c8f49-a91a-464b-9e3f-e8a9d02991c8	f	3	f	2	1
636	2025-07-23 11:20:11.010446+00	2025-07-23 11:20:11.010455+00	Tozalash vositasi Barf 500gr	636	15000	1	344	12000	18000	t	82b7aa24-6f28-4208-b4e2-d9b83c3c0d60	f	3	f	2	1
637	2025-07-23 11:20:11.0143+00	2025-07-23 11:20:11.014308+00	Tozalash vositasi Zeleniy chay 400gr	637	18750	1	344	15000	22500	t	16a87bc6-2d08-4c90-81b0-55523886f763	f	3	f	2	1
638	2025-07-23 11:20:11.019823+00	2025-07-23 11:20:11.019832+00	kir yuvish kukuni Ariel 3kg	638	28333.33333333333	1	343	22666	33999	t	15a87e6c-0f41-4fe3-a24d-af51006363f8	f	3	f	2	1
639	2025-07-23 11:20:11.023699+00	2025-07-23 11:20:11.023708+00	Xojalik sovun Donya Uzb 300gr	639	10000	1	342	8000	12000	t	fd28ab6c-04ed-408b-a9bb-8b15ee28cf54	t	3	t	3	1
640	2025-07-23 11:20:11.027306+00	2025-07-23 11:20:11.027316+00	Delfin Latta Korea	640	38000	2	345	30400	45600	t	7cfc0b5c-8536-4d9b-b867-bad09571a490	f	3	f	2	1
641	2025-07-23 11:20:11.030922+00	2025-07-23 11:20:11.030931+00	Tozalash uchun sariq qolqop	641	10000	2	345	8000	12000	t	297ccf53-26b1-4476-8aa7-fffb8cf33aac	f	3	f	2	1
642	2025-07-23 11:20:11.034554+00	2025-07-23 11:20:11.034563+00	Delfin Latta Super Lux Uzb	642	13000	2	345	10400	15600	t	60a24396-de13-4cfa-9586-dd60517373dd	f	3	f	2	1
643	2025-07-23 11:20:11.038228+00	2025-07-23 11:20:11.038236+00	Lezviya Gilette platinum 5dona	643	2000	2	399	1600	2400	t	da0ced87-631a-4f58-99f8-0a53e7286982	f	3	f	2	1
644	2025-07-23 11:20:11.043733+00	2025-07-23 11:20:11.043742+00	Ustara Gilette Blue 3dona	644	3333.333333333333	2	399	2666	3999	t	8d697c1d-dc64-431b-8a54-92c95bc2e2f2	f	3	f	2	1
645	2025-07-23 11:20:11.047475+00	2025-07-23 11:20:11.047486+00	Ustara Silver 4 dona	645	3750	2	399	3000	4500	t	4414c536-47b2-4eae-8419-604b10436a96	f	3	f	2	1
646	2025-07-23 11:20:11.051294+00	2025-07-23 11:20:11.051303+00	tish chotkasi Colgate Zigzag 1dona	646	18000	2	400	14400	21600	t	ec8fddf1-c9ec-4301-bd65-acc6d3024a85	f	3	f	2	1
647	2025-07-23 11:20:11.055689+00	2025-07-23 11:20:11.0557+00	tish chotkasi Oral B 1dona	647	27000	2	400	21600	32400	t	73e9081b-2e0e-4a06-8e44-51c3d92019ce	f	3	f	2	1
648	2025-07-23 11:20:11.059507+00	2025-07-23 11:20:11.059517+00	Tish pasta Oral B extra white 75gr	648	30000	1	401	24000	36000	t	aecb1209-43ef-418d-9d71-0dcb87f9290a	f	3	f	2	1
649	2025-07-23 11:20:11.063346+00	2025-07-23 11:20:11.063356+00	Tish pasta Sensodyne Kompleksnaya zashita 75gr	649	40000	1	401	32000	48000	t	e17d8bc3-78b7-4615-9bab-59e0c547b971	f	3	f	2	1
650	2025-07-23 11:20:11.069029+00	2025-07-23 11:20:11.069037+00	Tualet qogozi Papia 4 dona	650	7500	2	402	6000	9000	t	a93a1207-0dd1-4e43-b69a-563a2cb2d8d6	f	3	f	2	1
651	2025-07-23 11:20:11.072834+00	2025-07-23 11:20:11.072843+00	Tualet qogozi Elma  6dona	651	2833.333333333333	2	402	2266	3399	t	da0ec1dc-4ae8-4e30-a5ea-0828f77a8463	f	3	f	2	1
652	2025-07-23 11:20:11.076717+00	2025-07-23 11:20:11.076725+00	Shampun Head and Shoulders 400gr	652	34375	1	403	27500	41250	t	ab8bc4e8-a081-474f-9de2-83325c27b917	t	3	t	3	1
653	2025-07-23 11:20:11.080369+00	2025-07-23 11:20:11.080378+00	Shampun Clear Men ultra 380gr	653	26315.78947368421	1	403	21052	31578	t	33b3a199-2e8e-480c-a0da-48945d9a03ae	t	3	t	3	1
654	2025-07-23 11:20:11.084334+00	2025-07-23 11:20:11.084342+00	Soch uchun boyoq Palette	654	25000	2	404	20000	30000	t	446dc0db-4167-4b9e-b915-61950d1bb82a	f	3	f	2	1
655	2025-07-23 11:20:11.089584+00	2025-07-23 11:20:11.089593+00	Soch uchun boyoq Eclair	655	20000	2	404	16000	24000	t	88d2dc42-70a1-4ab2-8429-d69b66db1f96	f	3	f	2	1
656	2025-07-23 11:20:11.093365+00	2025-07-23 11:20:11.093374+00	atir sovun Dove (135gr)	656	20000	1	405	16000	24000	t	7047ac33-592d-4a6e-ac40-17f3ff564225	f	3	f	2	1
657	2025-07-23 11:20:11.097027+00	2025-07-23 11:20:11.097036+00	soqol olish uchun gel Arko Gel Cool 200ml	657	55000	20	406	44000	66000	t	1ab2fdea-28e2-463f-b4ef-12af1bf16e90	f	3	f	2	1
658	2025-07-23 11:20:11.100705+00	2025-07-23 11:20:11.100714+00	soqol olish uchun gel Arko Men krem 50ml	658	18000	20	406	14400	21600	t	c96bc4c9-dad3-4d09-bb7b-28e3624aa422	f	3	f	2	1
659	2025-07-23 11:20:11.104495+00	2025-07-23 11:20:11.104504+00	atir Eyfel oq 50gr	659	80000	20	407	64000	96000	t	1b00671e-8593-4d4f-ab35-9d23f965b1d0	f	3	f	2	1
660	2025-07-23 11:20:11.108136+00	2025-07-23 11:20:11.108146+00	atir Roxanne 50ml	660	125000	20	407	100000	150000	t	1a3665ee-4ed6-4e50-b7e0-fc5e4abaff92	f	3	f	2	1
661	2025-07-23 11:20:11.113568+00	2025-07-23 11:20:11.113578+00	Dez. Old Spice sovunli 50ml	661	45000	20	408	36000	54000	t	1b35fcd4-9b94-4ead-82a4-20748820c581	f	3	f	2	1
662	2025-07-23 11:20:11.117103+00	2025-07-23 11:20:11.117111+00	Dez. Nivea Men sharikli 50ml	662	35000	20	408	28000	42000	t	c95d21d0-2b52-4575-a61b-e00f73dadcd1	f	3	f	2	1
663	2025-07-23 11:20:11.1206+00	2025-07-23 11:20:11.120609+00	Upa PUPA Milano katta Italia	663	150000	2	409	120000	180000	t	acbef1f6-aedf-4489-b963-eca219940271	f	3	f	2	1
664	2025-07-23 11:20:11.124639+00	2025-07-23 11:20:11.124649+00	Upa Collagen Korea	664	100000	2	409	80000	120000	t	7f6e6254-ff2d-42c0-a628-45d21a712a69	f	3	f	2	1
665	2025-07-23 11:20:11.129122+00	2025-07-23 11:20:11.129131+00	Upa Gabrini Matte	665	45000	2	409	36000	54000	t	91fa321d-c543-4e42-8bbc-d2c2263bf532	f	3	f	2	1
666	2025-07-23 11:20:11.134994+00	2025-07-23 11:20:11.135004+00	Lab boyoq Super Stay Hyebline 5ml	666	110000	2	410	88000	132000	t	8cf94d9c-0157-48b9-a2ac-79ea58d499ce	f	3	f	2	1
667	2025-07-23 11:20:11.13864+00	2025-07-23 11:20:11.13865+00	Lab boyoq Burja Vielvet	667	160000	2	410	128000	192000	t	d620cd22-abcc-4617-8eaf-f220035b8046	f	3	f	2	1
668	2025-07-23 11:20:11.142366+00	2025-07-23 11:20:11.142374+00	Lab boyoq Loreal Infebel	668	145000	2	410	116000	174000	t	68555186-71f3-48a3-abb1-46ac49833985	f	3	f	2	1
669	2025-07-23 11:20:11.149447+00	2025-07-23 11:20:11.149456+00	yuz uchun krem Deoproroce Korea	669	50000	21	412	40000	60000	t	6fc12ad5-b85e-4559-8214-0006d057d1d8	f	3	f	2	1
670	2025-07-23 11:20:11.15356+00	2025-07-23 11:20:11.15357+00	yuz uchun krem Dr. Cellio Korea	670	70000	21	412	56000	84000	t	1d3ba3b5-b4a4-4911-9efd-c55fed2e8c22	f	3	f	2	1
671	2025-07-23 11:20:11.157624+00	2025-07-23 11:20:11.157634+00	yuz uchun krem Leiya	671	65000	21	412	52000	78000	t	b227aa88-3400-40e5-aa34-1e3e187f507d	f	3	f	2	1
672	2025-07-23 11:20:11.163315+00	2025-07-23 11:20:11.163324+00	Pampers Huggies Elite Soft 2lik 20dona	672	3000	2	411	2400	3600	t	f42dec35-1bcf-4db3-9a01-85e2bdcf625d	f	3	f	2	1
673	2025-07-23 11:20:11.167256+00	2025-07-23 11:20:11.167265+00	Pampers Honey Bebish 4lik 40dona	673	2750	2	411	2200	3300	t	e1b7be63-33d0-44a5-976f-60b4883e1c10	f	3	f	2	1
674	2025-07-23 11:20:11.171391+00	2025-07-23 11:20:11.1714+00	Pampers Bumble 52talik	674	2788.4615384615386	2	411	2230	3346	t	d723a5e2-647b-4012-9482-a96ad27de9ed	f	3	f	2	1
675	2025-07-23 11:20:11.175334+00	2025-07-23 11:20:11.175343+00	Manniy yormasi Altayskaya Skazka 700gr	675	14285.714285714286	1	4	11428	17142	t	83d72bcc-8419-4a1f-804c-e1e7fb4877a4	f	3	f	2	1
676	2025-07-23 11:20:11.179142+00	2025-07-23 11:20:11.17915+00	Manniy yormasi Uvelka 700gr	676	18571.42857142857	1	4	14857	22285	t	a1b5e79f-6632-4463-92c9-05074c62c4fa	f	3	f	2	1
677	2025-07-23 11:20:11.184714+00	2025-07-23 11:20:11.184723+00	Grechka Altayskaya Skazka 800gr	677	15000	1	5	12000	18000	t	8bb16fed-a141-4af3-87f5-96e45b0c522b	f	3	f	2	1
678	2025-07-23 11:20:11.18849+00	2025-07-23 11:20:11.188499+00	Suli yormasi Altayskaya Skazka 400gr	678	30000	1	6	24000	36000	t	19523f60-af05-4091-b843-6c6c6683b069	f	3	f	2	1
679	2025-07-23 11:20:11.192353+00	2025-07-23 11:20:11.192365+00	Shordanak Samarqand	679	40000	1	96	32000	48000	t	0d430fce-66d8-42d0-aaca-6744c241dce3	f	3	f	2	1
680	2025-07-23 11:20:11.196443+00	2025-07-23 11:20:11.196452+00	Chuchqa gushti lahm yogli	680	100000	1	37	80000	120000	t	31241d07-5f44-4f54-a81c-d923b66f9bd7	f	3	f	2	1
681	2025-07-23 11:20:11.200504+00	2025-07-23 11:20:11.200513+00	Novvot mayda	681	16000	1	125	12800	19200	t	59719d73-46b2-4b0b-bfed-01d5a648f5fa	f	3	f	2	1
682	2025-07-23 11:20:11.204525+00	2025-07-23 11:20:11.204534+00	Kok Choy 110 kgli	682	45000	1	155	36000	54000	t	14d306d9-b506-4da9-abd8-f64c1e286f1d	f	3	f	2	1
683	2025-07-23 11:20:11.210279+00	2025-07-23 11:20:11.210288+00	Qora choy Champion 100gr	683	120000	1	156	96000	144000	t	e214682b-67b1-4209-b976-649300043a0f	f	3	f	2	1
684	2025-07-23 11:20:11.214141+00	2025-07-23 11:20:11.21415+00	Sariyog Kak ranshe 82.5foiz 500gr	684	86000	1	74	68800	103200	t	a28aab43-5bf8-4f9b-8f0d-94cbaab8a503	t	3	t	3	1
685	2025-07-23 11:20:11.217998+00	2025-07-23 11:20:11.218007+00	Sariyog 7 utra 82.5foiz 500gr	685	60000	1	74	48000	72000	t	facebd03-4129-4171-8b26-f9cb4376fe3f	t	3	t	3	1
686	2025-07-23 11:20:11.22209+00	2025-07-23 11:20:11.222099+00	Bol Chak chak 150gr	686	86666.66666666667	1	24	69333	104000	t	5bec1290-a869-4925-8c26-28d1b572e84a	f	3	f	2	1
687	2025-07-23 11:20:11.226232+00	2025-07-23 11:20:11.226241+00	Tip Top olma	687	13000	3	152	10400	15600	t	b38e871a-7df8-4c89-ad08-f5d457faa848	f	3	f	2	1
688	2025-07-23 11:20:11.230235+00	2025-07-23 11:20:11.230244+00	Sir Karavan	688	58000	1	61	46400	69600	t	e42d84a4-a869-4ca3-87e1-1def03746cc3	f	3	f	2	1
689	2025-07-23 11:20:11.254588+00	2025-07-23 11:20:11.254612+00	Sirniy palochka Graf 150gr	689	106666.66666666669	1	65	85333	128000	t	8d761adc-b1bb-4217-9686-c937026578b0	f	3	f	2	1
690	2025-07-23 11:20:11.262021+00	2025-07-23 11:20:11.262058+00	Sir tverdie Svalya 45%	690	135000	1	60	108000	162000	t	2ff35969-b2c1-4f27-981a-a86582a0d97a	f	3	f	2	1
691	2025-07-23 11:20:11.26763+00	2025-07-23 11:20:11.267644+00	Sir tverdie Pure Milky 45% (samarqand)	691	103000	1	60	82400	123600	t	74ae382e-a147-4f8e-8c72-15374346e6fa	f	3	f	2	1
692	2025-07-23 11:20:11.272794+00	2025-07-23 11:20:11.272803+00	Xorazm qattiq pishlogi mahalliy	692	105000	1	60	84000	126000	t	92bdbf3e-a3b0-49f3-9b51-a8564180995e	f	3	f	2	1
693	2025-07-23 11:20:11.277067+00	2025-07-23 11:20:11.277077+00	Quyultirilgan sut Milter 8.5% 900gr	693	10666.666666666668	1	58	8533	12800	t	3cde711d-7af5-4deb-bd6c-6d749ee3530b	f	3	f	2	1
694	2025-07-23 11:20:11.28274+00	2025-07-23 11:20:11.282749+00	Tuz krupniy fabrika 1kg	694	3540	1	141	2832	4248	t	f5cd7c60-a347-4aa1-a387-3168a99a805e	f	3	f	2	1
695	2025-07-23 11:20:11.286804+00	2025-07-23 11:20:11.286814+00	Jacobs Monarx 230gr	695	426086.956521739	1	154	340869	511304	t	0f8f648e-ef68-441c-8ad5-010f39ed8c9c	f	3	f	2	1
696	2025-07-23 11:20:11.290741+00	2025-07-23 11:20:11.29075+00	Libo Arabica 75 gr	696	434666.666666667	1	154	347733	521600	t	ab641288-fb1a-4566-ad9a-a518a7505f21	f	3	f	2	1
697	2025-07-23 11:20:11.297043+00	2025-07-23 11:20:11.297066+00	Shedroy leto 200gr	697	60000	1	75	48000	72000	t	69cc91eb-ce6a-459b-8ec2-78c1ceb0800d	t	3	t	3	1
698	2025-07-23 11:20:11.303442+00	2025-07-23 11:20:11.303464+00	Sloboda provonsal 400gr	698	50000	1	142	40000	60000	t	6003c955-5a1c-4089-bd30-b91940b32c48	f	3	f	2	1
699	2025-07-23 11:20:11.310193+00	2025-07-23 11:20:11.310205+00	Monarx ketchup 250gr	699	28000	1	144	22400	33600	t	f9c1f341-2336-4cd8-acb1-730fd2407a8e	f	3	f	2	1
700	2025-07-23 11:20:11.314863+00	2025-07-23 11:20:11.314874+00	Uksus stoloviy 10%	700	6000	1	143	4800	7200	t	45780cd2-29c4-4994-b15d-d8a1a81dfc9a	f	3	f	2	1
701	2025-07-23 11:20:11.321453+00	2025-07-23 11:20:11.321464+00	Xolva Araxisli 1kg	701	85000	1	135	68000	102000	t	1cce7a7c-4252-4639-9f5b-7fc6a5102342	f	3	f	2	1
702	2025-07-23 11:20:11.325618+00	2025-07-23 11:20:11.325627+00	Zefir  Nano 120gr	702	158333.33333333334	1	136	126666	190000	t	04e73eed-bc38-4fe3-84d7-b9aadad5135f	f	3	f	2	1
703	2025-07-23 11:20:11.329767+00	2025-07-23 11:20:11.329777+00	Marmelad Mavis 250gr	703	68000	1	127	54400	81600	t	dc49518d-7615-4ba3-ac03-33a55670672e	f	3	f	2	1
704	2025-07-23 11:20:11.334506+00	2025-07-23 11:20:11.334515+00	Krember Rokki 300gr	704	40000	1	18	32000	48000	t	d18dea54-e5b9-42f3-9e99-9eafee6172ff	f	3	f	2	1
705	2025-07-23 11:20:11.338575+00	2025-07-23 11:20:11.338584+00	Marsianka	705	75000	1	131	60000	90000	t	bca8fb88-a287-46fd-a5f4-d2e4a61ca112	f	3	f	2	1
706	2025-07-23 11:20:11.344496+00	2025-07-23 11:20:11.344505+00	Soda chayniy	706	16000	1	151	12800	19200	t	3c35a529-04ec-4e1e-9a68-b231c7771e9e	f	3	f	2	1
707	2025-07-23 11:20:11.348406+00	2025-07-23 11:20:11.348415+00	Tort Admiral	707	279000	1	20	223200	334800	t	22e3ba36-adca-4afb-85b9-d331ba7452be	f	3	f	2	1
708	2025-07-23 11:20:11.352376+00	2025-07-23 11:20:11.352384+00	Tort Shokoladno-Malinoviy	708	289000	1	20	231200	346800	t	3b40c138-4664-4cec-801c-e4d85f141d34	f	3	f	2	1
709	2025-07-23 11:20:11.356319+00	2025-07-23 11:20:11.356328+00	Tort Yagodno-tvorojniy	709	239000	1	20	191200	286800	t	99b10f5e-76e6-4e76-979e-01d75eda45a1	f	3	f	2	1
710	2025-07-23 11:20:11.36022+00	2025-07-23 11:20:11.360229+00	Tort pryamougolniy Italiano	710	308000	1	20	246400	369600	t	6cfea699-cf6e-41cd-8c70-f92e6646c753	f	3	f	2	1
711	2025-07-23 11:20:11.363986+00	2025-07-23 11:20:11.363994+00	Tort pryamougolniy Dari	711	336000	1	20	268800	403200	t	e074eced-ccec-4a8f-9ebf-08d5a0841f88	f	3	f	2	1
712	2025-07-23 11:20:11.369427+00	2025-07-23 11:20:11.369436+00	Mini tort Rafaello	712	209000	1	20	167200	250800	t	707fad46-ebe5-4ae4-8a58-97193824ab07	f	3	f	2	1
713	2025-07-23 11:20:11.373125+00	2025-07-23 11:20:11.373135+00	Pirog vishnyoviy	713	268000	1	21	214400	321600	t	940f1fc5-33ec-4cd2-adb4-7e6a40af6726	f	3	f	2	1
714	2025-07-23 11:20:11.377051+00	2025-07-23 11:20:11.37706+00	Pirog tvorojniy mozaika	714	232000	1	21	185600	278400	t	0ca4ac41-c0f7-4004-a1d6-b0737495c100	f	3	f	2	1
715	2025-07-23 11:20:11.381037+00	2025-07-23 11:20:11.381045+00	Pirog yablochniy	715	200000	1	21	160000	240000	t	10d19d82-7a93-474e-b892-a34b42703898	f	3	f	2	1
716	2025-07-23 11:20:11.385085+00	2025-07-23 11:20:11.385094+00	Rulet Merengoviy	716	209000	1	21	167200	250800	t	2a8624b5-cb20-4d04-9abf-40b4369f6658	f	3	f	2	1
717	2025-07-23 11:20:11.388886+00	2025-07-23 11:20:11.388895+00	Rulet Bakinskaya paxlava	717	272000	1	21	217600	326400	t	32309ea1-c16c-4674-ac87-f7570a1f05b4	f	3	f	2	1
718	2025-07-23 11:20:11.394515+00	2025-07-23 11:20:11.394524+00	Keks Yablochniy	718	85000	1	22	68000	102000	t	d215ad09-c574-4cfb-9ea4-cd4be274f029	f	3	f	2	1
719	2025-07-23 11:20:11.39832+00	2025-07-23 11:20:11.398329+00	Keks veshnyoviy	719	85000	1	22	68000	102000	t	705f39ab-7a11-4758-b859-57b97393f309	f	3	f	2	1
720	2025-07-23 11:20:11.402242+00	2025-07-23 11:20:11.402251+00	Chak-chak	720	60000	1	24	48000	72000	t	e150a470-a4b0-4872-9349-bfb8d5042c1e	f	3	f	2	1
721	2025-07-23 11:20:11.4061+00	2025-07-23 11:20:11.406109+00	Pecheniy Baunti v upakovke	721	47000	1	17	37600	56400	t	3900e085-9f8b-4740-b5fd-b2e1e6314d36	f	3	f	2	1
722	2025-07-23 11:20:11.409775+00	2025-07-23 11:20:11.409783+00	Pechene Rakushka v upakovke	722	58000	1	17	46400	69600	t	cb29489d-c17e-48ae-9dd9-74807f8b1756	f	3	f	2	1
723	2025-07-23 11:20:11.415122+00	2025-07-23 11:20:11.415131+00	Pechene Luna v mini upakovke	723	24000	1	17	19200	28800	t	797968d8-4746-49cf-9a77-c4483a9cfedc	f	3	f	2	1
724	2025-07-23 11:20:11.418881+00	2025-07-23 11:20:11.418891+00	Shaggy tipdagi gilam	724	15000	14	442	12000	18000	t	cfaaf0bf-c766-419d-9456-4f4893a0bc7d	f	3	f	2	1
725	2025-07-23 11:20:11.422869+00	2025-07-23 11:20:11.422879+00	pribivanie patsienta v kruglasutochnim statsionariy v mnogomestniy palata  1 sutki	725	1200000	22	448	960000	1440000	t	d49e837d-baef-4d5f-85e2-0d1af0a7ef52	f	3	f	2	1
726	2025-07-23 11:20:11.42672+00	2025-07-23 11:20:11.426729+00	Toshkent  Xavast Bank va ATTO kartalari kattalar uchun	726	11500	30	455	9200	13800	t	cac370e7-31ff-4f85-8949-36251ae4e24f	f	3	f	2	1
727	2025-07-23 11:20:11.430523+00	2025-07-23 11:20:11.430532+00	Toshkent  Xavast Bank va ATTO kartalari bolalar uchun	727	7000	30	455	5600	8400	t	13c73e17-1950-4721-a938-83cd65872072	f	3	f	2	1
728	2025-07-23 11:20:11.434344+00	2025-07-23 11:20:11.434352+00	Shaxsiy enaga 1 nafar bola uchun 1soat	728	40000	34	477	32000	48000	t	23a8e003-7381-4296-9f6f-32247bc67a6b	f	3	f	2	1
729	2025-07-23 11:20:11.440052+00	2025-07-23 11:20:11.440062+00	1-12yoshgacha vaqt chegaralanmagan	729	75000	34	477	60000	90000	t	e5cd4145-f8f7-4bdc-9f3d-e599f193553f	f	3	f	2	1
730	2025-07-23 11:20:11.443543+00	2025-07-23 11:20:11.443552+00	1 ta bola uchun bir oylik tulov	730	3600000	36	489	2880000	4320000	t	c0a3499c-f3fa-463f-8ea6-249def55b321	f	3	f	2	1
731	2025-07-23 11:20:11.447154+00	2025-07-23 11:20:11.447163+00	Ayollar sochini boyash (uzun soch uchun)	731	110000	22	501	88000	132000	t	31e31b9b-9bbb-4f92-b59f-256e908f8ed8	f	3	f	2	1
732	2025-07-23 11:20:11.451022+00	2025-07-23 11:20:11.451031+00	Bolalar sochini kaltalash	732	50000	22	502	40000	60000	t	135cd7f8-ab96-4da3-96a1-a06378faf3f3	f	3	f	2	1
733	2025-07-23 11:20:11.454986+00	2025-07-23 11:20:11.454996+00	Yarim varoq ID hujjatlardan nusxa olish rangli	733	2000	22	508	1600	2400	t	d0e8071f-b233-42b4-99a9-4d8b9f2771dc	f	3	f	2	1
734	2025-07-23 11:20:11.460518+00	2025-07-23 11:20:11.460528+00	Ish kunlari soat 11dan 14gacha	734	200000	22	504	160000	240000	t	1529c8b9-9705-44d0-9600-7d8a8fabe3da	f	3	f	2	1
735	2025-07-23 11:20:11.464152+00	2025-07-23 11:20:11.464161+00	Dam kunlari soat 11dan 14gacha	735	250000	22	504	200000	300000	t	9aa5ac1b-9030-47a3-9319-457d22a04d7c	f	3	f	2	1
736	2025-07-23 11:20:11.467874+00	2025-07-23 11:20:11.467883+00	1 xonali uy ijarasi uchun	736	2000000	23	426	1600000	2400000	t	9160b45a-dd90-447d-b293-b7bcbb56903b	f	3	f	2	1
737	2025-07-23 11:20:11.471705+00	2025-07-23 11:20:11.471713+00	A4 rasm glansoviy	737	6000	22	484	4800	7200	t	f5587d1e-3aad-4aa2-bc4e-5400ddd60c61	f	3	f	2	1
738	2025-07-23 11:20:11.475578+00	2025-07-23 11:20:11.475587+00	A4 rasm matoviy	738	8000	22	484	6400	9600	t	4119f097-da22-4fff-b7f7-74133d052389	f	3	f	2	1
739	2025-07-23 11:20:11.479509+00	2025-07-23 11:20:11.479518+00	Rus tili kursi 1 oylik	739	650000	38	493	520000	780000	t	a0422499-49a0-4e6f-902b-f3c79fe992df	f	3	f	2	1
740	2025-07-23 11:20:11.485251+00	2025-07-23 11:20:11.48526+00	Inliz tili bolalar uchun 1 oylik	740	650000	38	493	520000	780000	t	448e8086-6a0b-4a74-bc91-b7afc0bb246b	f	3	f	2	1
741	2025-07-23 11:20:11.489113+00	2025-07-23 11:20:11.489122+00	IELTS kursi 1 oylik	741	650000	38	493	520000	780000	t	1c7a349f-d1ad-453b-a644-80cf7a864d67	f	3	f	2	1
742	2025-07-23 11:20:11.493163+00	2025-07-23 11:20:11.493172+00	Matematika kursi 1 oylik	742	650000	38	492	520000	780000	t	54d11fd3-fc19-4c18-8fd0-c9d4ae191c6a	f	3	f	2	1
743	2025-07-23 11:20:11.497082+00	2025-07-23 11:20:11.497091+00	Kimyo kursi 1 oylik	743	650000	38	492	520000	780000	t	e074578f-4f48-4c39-9e36-e800f68f2ae8	f	3	f	2	1
744	2025-07-23 11:20:11.500806+00	2025-07-23 11:20:11.500815+00	Biologiya kursi 1 oylik	744	650000	38	492	520000	780000	t	5d4c2bf1-1c57-4903-afff-c3b1fc3a2430	f	3	f	2	1
745	2025-07-23 11:20:11.504592+00	2025-07-23 11:20:11.504604+00	Nahorgi osh katta zal ijarasi	745	32000000	27	485	25600000	38400000	t	2e8cd540-201c-41c4-8d56-ecae58766496	f	3	f	2	1
746	2025-07-23 11:20:11.511152+00	2025-07-23 11:20:11.511162+00	Nahorgi osh kichik zal ijarasi	746	22000000	27	485	17600000	26400000	t	bd11186e-06c3-4989-a7e0-1590973d0600	f	3	f	2	1
747	2025-07-23 11:20:11.515127+00	2025-07-23 11:20:11.515136+00	Nikoh toy 100 kishi uchun	747	70000000	27	485	56000000	84000000	t	c0f96f5c-052e-4abd-bbf3-fedcea6b2b0f	f	3	f	2	1
748	2025-07-23 11:20:11.518928+00	2025-07-23 11:20:11.518937+00	Psheno Makiz 400gr	748	39975	1	8	31980	47970	t	d419b36c-55cf-4be8-b249-115a3e29e256	f	3	f	2	1
749	2025-07-23 11:20:11.522681+00	2025-07-23 11:20:11.52269+00	Psheno Makfa	749	34975	1	8	27980	41970	t	34cff661-51f8-4c6a-9315-dbf13c1156db	f	3	f	2	1
750	2025-07-23 11:20:11.52684+00	2025-07-23 11:20:11.526849+00	Turon oliy navli	750	12000	1	9	9600	14400	t	25903fc7-188d-4662-8ec9-029202872b3c	t	3	t	3	1
751	2025-07-23 11:20:11.532377+00	2025-07-23 11:20:11.532386+00	Motabar	751	10990	1	9	8792	13188	t	5930b673-706d-46d3-97c6-442b5c403e92	f	3	f	2	1
752	2025-07-23 11:20:11.536777+00	2025-07-23 11:20:11.536786+00	Oltin don Uzb	752	9995	1	9	7996	11994	t	a1c66652-65af-4dfc-909e-6531b05198d4	f	3	f	2	1
753	2025-07-23 11:20:11.54086+00	2025-07-23 11:20:11.540869+00	taklifnoma chiqarish yaltiroq	753	15000	2	486	12000	18000	t	72eb4cc3-867d-4e87-bae3-31d8b86f600c	f	3	f	2	1
754	2025-07-23 11:20:11.544994+00	2025-07-23 11:20:11.545003+00	taklifnoma chiqarish katta	754	8000	2	486	6400	9600	t	791593c6-fbc6-4bc6-8005-006166446408	f	3	f	2	1
755	2025-07-23 11:20:11.548903+00	2025-07-23 11:20:11.54892+00	Gugurt kattasi	755	5500	4	348	4400	6600	t	906de100-703c-40d3-8efd-d2662304a495	f	3	f	2	1
756	2025-07-23 11:20:11.552664+00	2025-07-23 11:20:11.552673+00	Deksametazon 0.5mg ukraina	756	8500	2	360	6800	10200	t	231ebe62-ae2d-4484-8de9-de8a8d906a0c	f	3	f	2	1
757	2025-07-23 11:20:11.558529+00	2025-07-23 11:20:11.558539+00	Farmadeks Ukraina 10 ml	757	14000	2	360	11200	16800	t	5b37ae2b-479c-4a01-a6df-74ae965d3ff5	f	3	f	2	1
758	2025-07-23 11:20:11.562507+00	2025-07-23 11:20:11.562519+00	levomitsetin 5ml	758	2500	2	360	2000	3000	t	f81659fc-486c-4c5b-bd23-6470ecbbd789	f	3	f	2	1
759	2025-07-23 11:20:11.566463+00	2025-07-23 11:20:11.566473+00	Oboy yopishtirish 1kv m	759	30000	22	429	24000	36000	t	793c760d-e514-471e-8f5f-50fb78e3bdc1	f	3	f	2	1
760	2025-07-23 11:20:11.570415+00	2025-07-23 11:20:11.570427+00	Kraska qilish 1 sloy 1kv m	760	10000	22	429	8000	12000	t	f6679913-b467-4623-a6a4-8b3bec71478f	f	3	f	2	1
761	2025-07-23 11:20:11.574131+00	2025-07-23 11:20:11.574141+00	Tarket qilish 1kv m	761	30000	22	429	24000	36000	t	20be3087-6ca3-43c5-ab31-3922b55336d5	f	3	f	2	1
762	2025-07-23 11:20:11.578016+00	2025-07-23 11:20:11.578026+00	atir sovun Duru 165gr	762	13000	1	405	10400	15600	t	dd5fe145-e672-479c-8925-b4e4224426b5	f	3	f	2	1
763	2025-07-23 11:20:11.583639+00	2025-07-23 11:20:11.583648+00	Lab boyogi Eder	763	80000	2	410	64000	96000	t	8f1380c1-6a84-48af-8b52-84114de78d10	f	3	f	2	1
764	2025-07-23 11:20:11.587528+00	2025-07-23 11:20:11.587537+00	Lab boyogi Kiko	764	60000	2	410	48000	72000	t	3bc2cd07-ad40-4766-820b-1d5391ea46ea	f	3	f	2	1
765	2025-07-23 11:20:11.591723+00	2025-07-23 11:20:11.591733+00	Lab boyogi Color Beauty	765	100000	2	410	80000	120000	t	9585588a-4b4c-421f-82c9-c72f22429d42	f	3	f	2	1
766	2025-07-23 11:20:11.596083+00	2025-07-23 11:20:11.596092+00	Soyabon yomgir uchun	766	65000	2	420	52000	78000	t	230b9e66-0a76-4e83-9f1f-c2a95a2b8cbd	f	3	f	2	1
767	2025-07-23 11:20:11.600235+00	2025-07-23 11:20:11.600244+00	Soyabon Chanel	767	80000	2	420	64000	96000	t	65d77b7e-ed46-4a38-b823-16aedef34f3c	f	3	f	2	1
768	2025-07-23 11:20:11.606197+00	2025-07-23 11:20:11.606206+00	Qol soati Rolex	768	1400000	2	413	1120000	1680000	t	9d77349b-23f9-4486-b8b2-8bb7971158c8	f	3	f	2	1
769	2025-07-23 11:20:11.61041+00	2025-07-23 11:20:11.610421+00	Qol soati Tissot	769	350000	2	413	280000	420000	t	e0a13e17-6f59-49a1-b587-d780ecfed733	f	3	f	2	1
770	2025-07-23 11:20:11.614549+00	2025-07-23 11:20:11.614559+00	Qol soati sekundomerli	770	250000	2	413	200000	300000	t	349bab06-d571-4c5d-aa1f-ee1d014ca20e	f	3	f	2	1
771	2025-07-23 11:20:11.618563+00	2025-07-23 11:20:11.618572+00	Ayollar yubkasini tikish	771	150000	22	422	120000	180000	t	cd03a066-dcec-4844-a5d4-57b67c6bb287	f	3	f	2	1
772	2025-07-23 11:20:11.622507+00	2025-07-23 11:20:11.622519+00	Ayollar xalatini tikish	772	150000	22	422	120000	180000	t	3614ae54-999d-416b-832e-b7f1d34461d1	f	3	f	2	1
773	2025-07-23 11:20:11.62647+00	2025-07-23 11:20:11.626479+00	Moy almashtirish	773	30000	22	452	24000	36000	t	782c5a1f-06d7-473b-b3fe-ea074c07dc63	f	3	f	2	1
774	2025-07-23 11:20:11.63387+00	2025-07-23 11:20:11.633879+00	Nikoh toy video 2ta kamera	774	2600000	22	475	2080000	3120000	t	45414d3c-fef4-4203-aa2c-db1e97d360af	f	3	f	2	1
775	2025-07-23 11:20:11.638005+00	2025-07-23 11:20:11.638015+00	Nikoh toy fotoalbomi	775	100000	22	475	80000	120000	t	bf822943-3020-4768-a96f-8780b5c071aa	f	3	f	2	1
776	2025-07-23 11:20:11.642265+00	2025-07-23 11:20:11.642275+00	Oliy navli un Makfa	776	11000	1	9	8800	13200	t	041dd478-ff09-4164-9d62-2da29e34ea83	t	3	t	3	1
777	2025-07-23 11:20:11.64652+00	2025-07-23 11:20:11.64653+00	Birinchi navli un Oltin don	777	6000	1	10	4800	7200	t	8add3373-c425-4ab0-8b40-5b4b2e616064	t	3	t	3	1
778	2025-07-23 11:20:11.650648+00	2025-07-23 11:20:11.650658+00	Birinchi navli un Oqqorgon (mahalliy)	778	5000	1	10	4000	6000	t	efedacd7-1435-4c8f-8162-f8497c8c6857	t	3	t	3	1
779	2025-07-23 11:20:11.656588+00	2025-07-23 11:20:11.656597+00	Birinchi navli un Olti don	779	6500	1	10	5200	7800	t	d37dfb17-20f1-4fdd-a1b1-a42ccb4fae3f	t	3	t	3	1
780	2025-07-23 11:20:11.663202+00	2025-07-23 11:20:11.663227+00	Yopgan non	780	12121.212121212122	1	13	9696	14545	t	536c81cb-19c1-4a58-bdfd-ccc044913f91	t	3	t	3	1
781	2025-07-23 11:20:11.670076+00	2025-07-23 11:20:11.670091+00	Javdar noni Borodinskiy 430gr	781	23255.81395348837	1	14	18604	27906	t	3b64c9bf-fd44-4971-b889-8d46583e8e3e	f	3	f	2	1
782	2025-07-23 11:20:11.675666+00	2025-07-23 11:20:11.675681+00	Javdar noni Borodinskiy 250gr	782	32000	1	14	25600	38400	t	063a1670-3fcf-4eca-afa4-25826e3ce8dd	f	3	f	2	1
783	2025-07-23 11:20:11.680681+00	2025-07-23 11:20:11.680692+00	QOTGAN NON SHASHLIK 27GR XPYCTEAM	783	70000	1	16	56000	84000	t	286a4c55-0ae4-4f24-a51a-cc8ab3fed24a	f	3	f	2	1
784	2025-07-23 11:20:11.686971+00	2025-07-23 11:20:11.686984+00	QOTGAN NON SMETANA 27GR XPYCTEAM	784	70000	1	16	56000	84000	t	75d301d1-19b7-45fc-8c3b-5ddb0acf09fa	f	3	f	2	1
785	2025-07-23 11:20:11.691284+00	2025-07-23 11:20:11.691294+00	VAFLI SHOKOLADLI 200GR YASHKINO	785	55000	1	18	44000	66000	t	cc8cc778-41f8-4108-8d9d-1d1788962bf8	f	3	f	2	1
786	2025-07-23 11:20:11.695698+00	2025-07-23 11:20:11.695708+00	PRYANIK QUYULTIRILGAN SUTLI	786	22000	1	19	17600	26400	t	42c868c6-43d2-4fc0-8685-9fec46bd0cc3	f	3	f	2	1
787	2025-07-23 11:20:11.700216+00	2025-07-23 11:20:11.700225+00	Yashkino pryaniki	787	40000	1	19	32000	48000	t	555ed05a-c0b3-477d-868c-eead14d9285a	f	3	f	2	1
788	2025-07-23 11:20:11.70427+00	2025-07-23 11:20:11.70428+00	Mehmonxona uchun stol-stul toplami	788	11790000	10	302	9432000	14148000	t	aec2ce0b-512d-40da-87e5-25d84f2ee811	f	3	f	2	1
789	2025-07-23 11:20:11.708191+00	2025-07-23 11:20:11.7082+00	Yotoqxona uchun 1 kishilik divan	789	4040000	10	303	3232000	4848000	t	386870f0-f366-4d4f-bcde-946b002172dd	f	3	f	2	1
790	2025-07-23 11:20:11.7138+00	2025-07-23 11:20:11.713809+00	Kreslo laguna	790	2925000	10	305	2340000	3510000	t	604649de-815c-4919-9b65-b88579fd2caf	f	3	f	2	1
791	2025-07-23 11:20:11.717408+00	2025-07-23 11:20:11.717417+00	Kreslo kachalka Krosbi	791	4206280	10	305	3365024	5047536	t	47570b63-a59b-423f-ae50-d1574a6a7c74	f	3	f	2	1
792	2025-07-23 11:20:11.721205+00	2025-07-23 11:20:11.721214+00	Shkaf ikki eshikli Tokko	792	6311250	2	307	5049000	7573500	t	555be16f-deae-40b0-b91f-69a3fd62862c	f	3	f	2	1
793	2025-07-23 11:20:11.725067+00	2025-07-23 11:20:11.725077+00	Stol Agira	793	2615780	2	308	2092624	3138936	t	e88651b4-52d6-4b83-9707-df5c0b6623de	f	3	f	2	1
794	2025-07-23 11:20:11.729532+00	2025-07-23 11:20:11.729557+00	Stol Windy	794	5277000	2	308	4221600	6332400	t	d5976ea8-165e-4ad2-80c2-2961408ca852	f	3	f	2	1
795	2025-07-23 11:20:11.73678+00	2025-07-23 11:20:11.736807+00	Stol Tim qora	795	3274960	2	308	2619968	3929952	t	9fcf52d9-5602-4ac7-b51a-cde16d7ec4a5	f	3	f	2	1
796	2025-07-23 11:20:11.744593+00	2025-07-23 11:20:11.744611+00	Stol Tim oq	796	3274960	2	308	2619968	3929952	t	a4b8216d-fc65-47f2-8682-991c9d78fc55	f	3	f	2	1
797	2025-07-23 11:20:11.750268+00	2025-07-23 11:20:11.75028+00	Stul Minimi	797	564600	2	309	451680	677520	t	111d3af3-2a68-4f21-8356-ba0c3e446ddb	f	3	f	2	1
798	2025-07-23 11:20:11.755036+00	2025-07-23 11:20:11.755048+00	Stul Minimi ayiqcha	798	564600	2	309	451680	677520	t	ef02a919-48bb-4986-83ad-ffbe57c4f762	f	3	f	2	1
799	2025-07-23 11:20:11.760064+00	2025-07-23 11:20:11.760077+00	Stul Agira	799	3000000	2	309	2400000	3600000	t	82a452aa-48d3-4153-a8a5-9810896f1662	f	3	f	2	1
800	2025-07-23 11:20:11.764176+00	2025-07-23 11:20:11.764186+00	Stul Tim	800	4888000	2	309	3910400	5865600	t	c36d2d32-492e-4fa7-a49c-963243c4cd3b	f	3	f	2	1
801	2025-07-23 11:20:11.769944+00	2025-07-23 11:20:11.769953+00	Makfa vermishel	801	25000	1	26	20000	30000	t	621645e3-9af3-454b-9787-87d3c113987c	f	3	f	2	1
802	2025-07-23 11:20:11.773788+00	2025-07-23 11:20:11.773797+00	Rollton vermishel	802	20000	1	26	16000	24000	t	da907513-e72b-43e4-9527-9db59b5807e7	f	3	f	2	1
803	2025-07-23 11:20:11.777912+00	2025-07-23 11:20:11.777922+00	Damashniy ugra	803	65000	1	26	52000	78000	t	94e90bc6-50f7-443f-b27b-50ce16efa03a	f	3	f	2	1
804	2025-07-23 11:20:11.781933+00	2025-07-23 11:20:11.781943+00	Rollton ugra	804	45000	1	26	36000	54000	t	cf51f796-eff7-4712-a109-ee3b52eb2aba	f	3	f	2	1
805	2025-07-23 11:20:11.785636+00	2025-07-23 11:20:11.785645+00	Makiz spagetti makaron	805	20000	1	28	16000	24000	t	a6843145-a02d-4315-bf97-d7a4927d8ca8	t	3	t	3	1
806	2025-07-23 11:20:11.789331+00	2025-07-23 11:20:11.789339+00	AI 98	806	15000	16	366	12000	18000	t	77f53d41-9d38-4e69-aa02-3ae2a5d03fce	t	3	t	3	1
807	2025-07-23 11:20:11.794929+00	2025-07-23 11:20:11.794938+00	Tolibjon spagetti makaron	807	12000	1	28	9600	14400	t	a1bd1baf-9f31-41f0-a3c1-565ae6dd7b39	t	3	t	3	1
808	2025-07-23 11:20:11.798578+00	2025-07-23 11:20:11.798587+00	kozoynak louis Vuitton	808	60000	2	419	48000	72000	t	4d1efcc8-4ff0-442a-8bed-eea7f9a7e221	f	3	f	2	1
809	2025-07-23 11:20:11.802406+00	2025-07-23 11:20:11.802415+00	Quyoshdan saqlaydigan ochki Dior	809	52000	2	419	41600	62400	t	17230d42-6afe-42b3-b846-bdb1879d5742	f	3	f	2	1
810	2025-07-23 11:20:11.806324+00	2025-07-23 11:20:11.806333+00	Quyoshdan saqlaydigan ochki Chanel	810	45000	2	419	36000	54000	t	f7e14e3a-9206-45bd-94e3-50f6ec01042c	f	3	f	2	1
811	2025-07-23 11:20:11.810451+00	2025-07-23 11:20:11.81046+00	Shuchvara MUSA 500 gr	811	54000	1	30	43200	64800	t	153beec5-7ccb-4f3a-a9fb-ff40c9037048	f	3	f	2	1
812	2025-07-23 11:20:11.814401+00	2025-07-23 11:20:11.81441+00	Shuchvara MUSA 1000 gr	812	49000	1	30	39200	58800	t	120b1d36-30c0-4160-bc51-790a6bdab98e	f	3	f	2	1
813	2025-07-23 11:20:11.819862+00	2025-07-23 11:20:11.819871+00	Windows ornatish	813	80000	22	474	64000	96000	t	28d8acc2-2535-42d7-8b6f-171b95cd4776	f	3	f	2	1
814	2025-07-23 11:20:11.823464+00	2025-07-23 11:20:11.823474+00	Antivirus ornatish	814	350000	22	474	280000	420000	t	c72c5147-36be-4326-aa7a-a3936d9d48ba	f	3	f	2	1
815	2025-07-23 11:20:11.82741+00	2025-07-23 11:20:11.827419+00	Kompyuter diagnostikasi	815	50000	22	474	40000	60000	t	3a88d403-5266-44ec-89eb-07da97e0bd6a	f	3	f	2	1
816	2025-07-23 11:20:11.831296+00	2025-07-23 11:20:11.831305+00	Stol oshxona uchun	816	3000000	10	304	2400000	3600000	t	65a4804c-81c9-484e-82c0-a108a4a1e755	f	3	f	2	1
817	2025-07-23 11:20:11.835057+00	2025-07-23 11:20:11.835067+00	Oshxona uchun ugolok	817	2800000	10	304	2240000	3360000	t	a9b17a6f-0075-4e40-b284-662a069cf74c	f	3	f	2	1
818	2025-07-23 11:20:11.848838+00	2025-07-23 11:20:11.848863+00	Buxoroga 3 kunlik sayohat	818	1850000	35	487	1480000	2220000	t	307f6c29-e3b0-4833-b306-3df3969c1456	f	3	f	2	1
819	2025-07-23 11:20:11.855732+00	2025-07-23 11:20:11.85575+00	Samarqandga 3 kunlik sayohat	819	1450000	35	487	1160000	1740000	t	b796e3fd-6c9d-4609-aab8-d4592cd0a59e	f	3	f	2	1
820	2025-07-23 11:20:11.861746+00	2025-07-23 11:20:11.861759+00	Zominga 3 kunlik sayohat	820	1200000	35	487	960000	1440000	t	337d1e6e-cd58-44f5-80df-e5f50804a7b2	f	3	f	2	1
821	2025-07-23 11:20:11.866438+00	2025-07-23 11:20:11.86645+00	Xivaga 3 kunlik sayohat	821	2150000	35	487	1720000	2580000	t	67f9e382-0962-44d2-8508-a0ee8aeb3beb	f	3	f	2	1
822	2025-07-23 11:20:11.871227+00	2025-07-23 11:20:11.871238+00	Parda togirlash	822	30000	22	439	24000	36000	t	d5d5431e-276e-49b9-b542-8ced67df561c	f	3	f	2	1
823	2025-07-23 11:20:11.875413+00	2025-07-23 11:20:11.875422+00	Pardaga gul yopishtirish	823	70000	22	439	56000	84000	t	b525afbb-90e0-4b34-8555-943573e69cb3	f	3	f	2	1
824	2025-07-23 11:20:11.881253+00	2025-07-23 11:20:11.881262+00	Parda bezatish	824	50000	22	439	40000	60000	t	5d1ae3e2-044b-4a13-9dc4-8aade7edb7c1	f	3	f	2	1
825	2025-07-23 11:20:11.885361+00	2025-07-23 11:20:11.88537+00	Lipton ays tea 1l	825	10000	3	162	8000	12000	t	6eb2325b-d104-4ded-91c6-b4851d57603f	f	3	f	2	1
826	2025-07-23 11:20:11.889808+00	2025-07-23 11:20:11.889818+00	Mors Boyarskiy 1litr	826	4000	3	161	3200	4800	t	7033f6c4-ceac-47d5-83e1-89ef743a3481	f	3	f	2	1
827	2025-07-23 11:20:11.894034+00	2025-07-23 11:20:11.894043+00	Kvas Boyarskiy 2l	827	4000	3	160	3200	4800	t	fd332949-a4c3-4430-8481-365682d087c7	f	3	f	2	1
828	2025-07-23 11:20:11.898111+00	2025-07-23 11:20:11.89812+00	Coca cola 1.5l	828	9333.333333333334	3	159	7466	11200	t	45520777-c7b1-4e8f-909b-f968cbe8be67	f	3	f	2	1
829	2025-07-23 11:20:11.902129+00	2025-07-23 11:20:11.902138+00	Fanta 1.5l	829	9333.333333333334	3	159	7466	11200	t	1ca6c1ee-0fd1-4572-bc2a-f15f1f0ee484	f	3	f	2	1
830	2025-07-23 11:20:11.907979+00	2025-07-23 11:20:11.907988+00	Neskvik sut shokoladi kokteyl kattasi	830	20000	3	157	16000	24000	t	3ea43716-15d2-4789-ab31-b967c9074c27	f	3	f	2	1
831	2025-07-23 11:20:11.911855+00	2025-07-23 11:20:11.911864+00	Neskvik sut qulupnayli kokteyl	831	20000	3	157	16000	24000	t	f2ba0038-75af-45c9-b64b-209bc5e65c4e	f	3	f	2	1
832	2025-07-23 11:20:11.915696+00	2025-07-23 11:20:11.915705+00	Soda peshevaya	832	30000	1	151	24000	36000	t	ccba5451-0a1c-4d6e-b7d7-da5a536f6530	f	3	f	2	1
833	2025-07-23 11:20:11.919538+00	2025-07-23 11:20:11.919547+00	Angel hamirturushi	833	6666.666666666667	1	150	5333	8000	t	39ff1101-3a4f-4cea-83bc-8dfc6c6d206f	f	3	f	2	1
834	2025-07-23 11:20:11.923455+00	2025-07-23 11:20:11.923464+00	Ziravorlar tabaka 25 gr	834	12000	1	149	9600	14400	t	433eb781-4386-478f-9f91-989efec84b08	f	3	f	2	1
835	2025-07-23 11:20:11.929118+00	2025-07-23 11:20:11.929128+00	Tayyor ziravor Rollton	835	6000	1	149	4800	7200	t	69e6b6f7-6bfb-4a3f-abaf-a20b873cb79a	f	3	f	2	1
836	2025-07-23 11:20:11.932742+00	2025-07-23 11:20:11.932751+00	Lavroviy list LTZ 8gr	836	62500	1	145	50000	75000	t	385e3efb-6d93-4420-8185-42ed6f472a8c	f	3	f	2	1
837	2025-07-23 11:20:11.936598+00	2025-07-23 11:20:11.936607+00	Uksus 6%	837	7000	1	143	5600	8400	t	65282cf9-fe75-4120-a872-cadea05b0f9c	f	3	f	2	1
838	2025-07-23 11:20:11.940406+00	2025-07-23 11:20:11.940415+00	Nestle risovaya 200gr	838	145000	1	140	116000	174000	t	fe240340-c007-40a2-928f-5076dc9b2dc6	f	3	f	2	1
839	2025-07-23 11:20:11.945303+00	2025-07-23 11:20:11.945313+00	Manti	839	8000	6	168	6400	9600	t	d7586e2f-af68-4e32-8ac8-aa1d886e5fb3	f	3	f	2	1
840	2025-07-23 11:20:11.94912+00	2025-07-23 11:20:11.949129+00	Chuchvara	840	35000	6	168	28000	42000	t	636d5a42-b474-45dc-bb86-d9ba08d65d8c	f	3	f	2	1
841	2025-07-23 11:20:11.954592+00	2025-07-23 11:20:11.9546+00	Mastava	841	27000	6	168	21600	32400	t	b7b2731f-4396-4f19-8b05-48d47f80f6b4	f	3	f	2	1
842	2025-07-23 11:20:11.958435+00	2025-07-23 11:20:11.958444+00	Qiyma shashlik	842	12000	6	168	9600	14400	t	18578b90-cad5-4953-8f93-4940ae1aa558	f	3	f	2	1
843	2025-07-23 11:20:11.96224+00	2025-07-23 11:20:11.962248+00	Somsa	843	11000	6	168	8800	13200	t	26473ea3-4f0d-4955-a223-ee11547e5c3f	f	3	f	2	1
844	2025-07-23 11:20:11.966271+00	2025-07-23 11:20:11.96628+00	Spinner super charged	844	25000	2	170	20000	30000	t	b658d2c2-4ef8-4d3c-80c0-9fdf84a5d3b9	f	3	f	2	1
845	2025-07-23 11:20:11.969963+00	2025-07-23 11:20:11.969971+00	Spinner Salsa	845	25000	2	170	20000	30000	t	a521d4a7-155a-40e4-94e8-13862c36e832	f	3	f	2	1
846	2025-07-23 11:20:11.97363+00	2025-07-23 11:20:11.973639+00	Junior Burger	846	15000	2	170	12000	18000	t	2fd57186-bced-4ca4-a891-5276ac87497d	f	3	f	2	1
847	2025-07-23 11:20:11.978971+00	2025-07-23 11:20:11.97898+00	Bigger burger	847	43000	2	170	34400	51600	t	4f287ee6-f9fc-41ea-ad7c-9c81bce7a9c9	f	3	f	2	1
848	2025-07-23 11:20:11.98258+00	2025-07-23 11:20:11.98259+00	Cheeseburger	848	31000	2	170	24800	37200	t	f1e505e9-db93-48f0-87e4-aaffe3bfbdca	f	3	f	2	1
849	2025-07-23 11:20:11.986326+00	2025-07-23 11:20:11.986335+00	Pitsa Supreme	849	63000	2	170	50400	75600	t	db37680d-f8b3-4f26-9d8f-6ac4eaeb0238	f	3	f	2	1
850	2025-07-23 11:20:11.990039+00	2025-07-23 11:20:11.990047+00	Pitsa Pepperoni	850	56000	2	170	44800	67200	t	523c1d5f-e179-4cc8-be70-ad9804298c69	f	3	f	2	1
851	2025-07-23 11:20:11.993802+00	2025-07-23 11:20:11.993811+00	Zefir Marshmallow	851	87500	1	136	70000	105000	t	2791e39c-a683-4b4a-8355-48d7508bb322	f	3	f	2	1
852	2025-07-23 11:20:11.997707+00	2025-07-23 11:20:11.997716+00	Zefir Mavis	852	92000	1	136	73600	110400	t	6b714e93-e1e3-461b-b34b-2158ef2a5f91	f	3	f	2	1
853	2025-07-23 11:20:12.003305+00	2025-07-23 11:20:12.003314+00	American Popcorn caramel 150gr	853	27000	1	32	21600	32400	t	4fc0efc1-233d-443a-977e-566cabd051f1	f	3	f	2	1
854	2025-07-23 11:20:12.007243+00	2025-07-23 11:20:12.007252+00	Mol oyoqlari ortacha	854	55000	2	42	44000	66000	t	15a922a7-ca01-4d16-81bb-047810b85398	f	3	f	2	1
855	2025-07-23 11:20:12.010999+00	2025-07-23 11:20:12.011008+00	Quqon xolva	855	70000	1	135	56000	84000	t	317f1c55-8e0a-48ed-a348-5f016d9001f1	f	3	f	2	1
856	2025-07-23 11:20:12.014619+00	2025-07-23 11:20:12.014628+00	Tushonka Osiyo Premium Mol goshti	856	43000	1	48	34400	51600	t	97d01210-e863-4cf4-bf47-80594b5da579	f	3	f	2	1
857	2025-07-23 11:20:12.018327+00	2025-07-23 11:20:12.018337+00	Xolva Oddiy 500gr	857	55000	1	135	44000	66000	t	ea8279c1-a10c-4ae3-bdb4-a0c165738864	f	3	f	2	1
858	2025-07-23 11:20:12.023862+00	2025-07-23 11:20:12.02387+00	Tushyonka Foodmaxx govyad Dachnaya	858	45000.00000000001	1	48	36000	54000	t	d1eb2359-3c20-480b-9963-837c4fc0e436	f	3	f	2	1
859	2025-07-23 11:20:12.027612+00	2025-07-23 11:20:12.027621+00	Roshen Sweet Drop	859	60000	1	134	48000	72000	t	ede727cd-91aa-4034-b6c2-140af71e1cee	t	3	t	3	1
860	2025-07-23 11:20:12.031518+00	2025-07-23 11:20:12.031527+00	Muzlatilgan baliq Pangasius	860	44000	1	50	35200	52800	t	aabbd153-9ccc-447f-8dd3-e43f173f44ff	t	3	t	3	1
861	2025-07-23 11:20:12.035503+00	2025-07-23 11:20:12.035512+00	Skumbriya tuzlangan baliq	861	57000	1	51	45600	68400	t	939bcf3d-1281-4c24-a0de-a0d34fcdcb4d	f	3	f	2	1
862	2025-07-23 11:20:12.039193+00	2025-07-23 11:20:12.039202+00	Maxeyev qulupnayli jem	862	82500	3	126	66000	99000	t	2839be9f-f293-4eb9-9229-8bf62bbc9287	f	3	f	2	1
863	2025-07-23 11:20:12.042965+00	2025-07-23 11:20:12.042975+00	Kilka tomatniy Za rodina 240 gr	863	29166.666666666664	1	54	23333	34999	t	0100a9ce-4082-4ea0-9623-c6b47b216749	f	3	f	2	1
864	2025-07-23 11:20:12.048715+00	2025-07-23 11:20:12.048724+00	Oq qand	864	16000	1	124	12800	19200	t	bfc3bf99-abc4-4ca8-a89c-dbc28873f0d6	f	3	f	2	1
865	2025-07-23 11:20:12.052363+00	2025-07-23 11:20:12.052372+00	Kaija kilka tomatli 240gr	865	32083.333333333336	1	54	25666	38500	t	22c993ba-3286-42d3-b148-25510ab2545f	f	3	f	2	1
866	2025-07-23 11:20:12.056394+00	2025-07-23 11:20:12.056403+00	Saxar rafinad Traditsya	866	21428.571428571428	1	124	17142	25714	t	c23d61a4-2444-4694-8f10-728f514d6820	f	3	f	2	1
867	2025-07-23 11:20:12.060269+00	2025-07-23 11:20:12.060278+00	Noxat Mahalliy	867	25000	1	115	20000	30000	t	c00790a1-b4d9-4cea-aeb2-b7acb86f2419	t	3	t	3	1
868	2025-07-23 11:20:12.064482+00	2025-07-23 11:20:12.064491+00	Quruq qaymoq Lady	868	80000	1	59	64000	96000	t	36e4e0e5-8b83-48d1-a478-05d5432ed049	f	3	f	2	1
869	2025-07-23 11:20:12.069945+00	2025-07-23 11:20:12.069955+00	Alsafi pishloq	869	78000	1	61	62400	93600	t	b9833c0f-10a8-4f77-a648-82fb2dc2a287	f	3	f	2	1
870	2025-07-23 11:20:12.073629+00	2025-07-23 11:20:12.073639+00	Suluguni BISYOR	870	10666.666666666666	1	65	8533	12799	t	0eef73a3-193e-4289-b4e0-47df4386099e	f	3	f	2	1
871	2025-07-23 11:20:12.077395+00	2025-07-23 11:20:12.077405+00	KEFIR 2.5% 900GR MUSAFFO	871	16000	1	67	12800	19200	t	0c4440c8-307b-47e0-98d9-bd2abef0ab85	t	3	t	3	1
872	2025-07-23 11:20:12.081156+00	2025-07-23 11:20:12.081166+00	KEFIR SOF-SUT 2.5% 900GR	872	17000	1	67	13600	20400	t	6628b5e6-99a8-41e6-8fe5-b2e505c7f5a0	t	3	t	3	1
873	2025-07-23 11:20:12.084963+00	2025-07-23 11:20:12.084972+00	Tovuq tuxumlari yirik	873	15000	2	71	12000	18000	t	619420e4-b0ed-40d7-bfb1-33344e367887	t	3	t	3	1
874	2025-07-23 11:20:12.089015+00	2025-07-23 11:20:12.089023+00	Tovuq tuxumlari orta	874	13000	2	71	10400	15600	t	f45c6e41-90cd-4cc9-9f2e-4cb480400069	t	3	t	3	1
875	2025-07-23 11:20:12.095034+00	2025-07-23 11:20:12.095043+00	Tovuq tuxumlari mayda	875	11000	2	71	8800	13200	t	c7ace371-0950-49b3-84af-6034b47081e3	t	3	t	3	1
876	2025-07-23 11:20:12.099281+00	2025-07-23 11:20:12.099291+00	Paxta yogi Poytaxt	876	21000	3	72	16800	25200	t	ca97956c-39c7-4c17-9418-5903f6e6270f	t	3	t	3	1
877	2025-07-23 11:20:12.103757+00	2025-07-23 11:20:12.103767+00	Paxta yogi Lazzat	877	21000	3	72	16800	25200	t	ccb156e9-3704-4893-8a4a-2bbd4d7934e0	t	3	t	3	1
878	2025-07-23 11:20:12.107675+00	2025-07-23 11:20:12.107684+00	Kungaboqar yogi Zateya	878	29000	3	73	23200	34800	t	a9a45d2e-9587-4912-a494-a1cdfca28966	t	3	t	3	1
879	2025-07-23 11:20:12.111335+00	2025-07-23 11:20:12.111344+00	Kungaboqar yogi Oleyna	879	24000	3	73	19200	28800	t	19b2f1c1-3dfb-4a8f-8043-67809e420a62	t	3	t	3	1
880	2025-07-23 11:20:12.115081+00	2025-07-23 11:20:12.11509+00	SARIYOG 82% 200GR PRESIDENT	880	210000	1	74	168000	252000	t	f43ccd4c-fcad-4944-b040-5d63f4ed3710	t	3	t	3	1
881	2025-07-23 11:20:12.120526+00	2025-07-23 11:20:12.120535+00	SARIYOG 82.9% 200GR ANCHOR	881	185000	1	74	148000	222000	t	728673dd-4b2e-40b0-9cee-2af2218d359f	t	3	t	3	1
882	2025-07-23 11:20:12.124731+00	2025-07-23 11:20:12.12474+00	Margarin Shedroy leto 200gr	882	60000	1	75	48000	72000	t	19b10876-8220-4559-8026-5c7b5d254b9d	t	3	t	3	1
883	2025-07-23 11:20:12.129131+00	2025-07-23 11:20:12.129141+00	Tuksiz shaftoli	883	25000	1	84	20000	30000	t	ffab5a05-2ce1-4a63-aa3f-016cb6942de2	f	3	f	2	1
884	2025-07-23 11:20:12.133386+00	2025-07-23 11:20:12.133398+00	Tarvuz	884	2500	1	86	2000	3000	t	549615dd-d113-4a81-ae84-c754eefd54b2	f	3	f	2	1
885	2025-07-23 11:20:12.137808+00	2025-07-23 11:20:12.137817+00	Qovun	885	7000	1	87	5600	8400	t	ce849373-ec9c-464e-b5f2-4dafd7a916ab	f	3	f	2	1
886	2025-07-23 11:20:12.144948+00	2025-07-23 11:20:12.144958+00	Tog pistasi	886	150000	1	93	120000	180000	t	78f2072a-ad7a-4a7f-8a46-090eb6188d28	f	3	f	2	1
887	2025-07-23 11:20:12.14924+00	2025-07-23 11:20:12.14925+00	Bodom tozalangan	887	130000	1	94	104000	156000	t	603bd285-3a9e-436c-93cd-9c4eee4196c3	f	3	f	2	1
888	2025-07-23 11:20:12.153554+00	2025-07-23 11:20:12.153564+00	Shordanak chaqilgani	888	70000	1	96	56000	84000	t	a25fcfd0-6a8c-40a6-9e04-881e606cb093	f	3	f	2	1
889	2025-07-23 11:20:12.15759+00	2025-07-23 11:20:12.157599+00	Shordanak chaqilmagani	889	50000	1	96	40000	60000	t	63823b47-3631-40c4-b11b-9ee9fb2e45fe	f	3	f	2	1
890	2025-07-23 11:20:12.162072+00	2025-07-23 11:20:12.162082+00	PISTA QORA TUZLANGAN 150GR BISYOR	890	10000	1	97	8000	12000	t	803885b8-c24e-4e5d-9a66-239e966312b2	f	3	f	2	1
891	2025-07-23 11:20:12.166615+00	2025-07-23 11:20:12.166624+00	PISTA Ermak	891	120000	1	97	96000	144000	t	9624ddf0-98e3-4842-a0cc-b95bde695b96	f	3	f	2	1
892	2025-07-23 11:20:12.172055+00	2025-07-23 11:20:12.172064+00	Siprofloksatsin 500mg (Dentafil)	892	6000	15	351	4800	7200	t	a0ac31b1-b461-44d8-ae68-1c89f0f14c7b	f	3	f	2	1
893	2025-07-23 11:20:12.176394+00	2025-07-23 11:20:12.176405+00	Plyushka Makli 220gr	893	40909.0909090909	1	15	32727	49090	t	8817d503-9420-4add-8083-fc123ef50afe	f	3	f	2	1
894	2025-07-23 11:20:12.18043+00	2025-07-23 11:20:12.180439+00	Osobiy Baget	894	20000	1	15	16000	24000	t	66a75f6f-6065-4543-a82f-a8ce49498940	f	3	f	2	1
895	2025-07-23 11:20:12.184394+00	2025-07-23 11:20:12.184405+00	Sinabon	895	38888.88888888888	1	15	31111	46666	t	6dde2c52-9d59-46c2-b3ec-5643b82f1126	f	3	f	2	1
896	2025-07-23 11:20:12.188426+00	2025-07-23 11:20:12.188435+00	Plyushka shakarli	896	36363.63636363637	1	15	29090	43636	t	55276f0b-d6cb-40f2-b924-0b0936632d46	f	3	f	2	1
897	2025-07-23 11:20:12.192398+00	2025-07-23 11:20:12.192407+00	Tovuq soni lyashka Yangiyol	897	37000	1	39	29600	44400	t	7ce240ac-b494-444d-9a2b-66cd71852cd1	t	3	t	3	1
898	2025-07-23 11:20:12.199451+00	2025-07-23 11:20:12.199461+00	Kashnich urugi yirigi	898	10000	1	146	8000	12000	t	26fc42bb-d913-4334-b7bf-1273858f5229	f	3	f	2	1
899	2025-07-23 11:20:12.203854+00	2025-07-23 11:20:12.203866+00	Kashnich urugi mayda	899	10000	1	146	8000	12000	t	c9330979-5f24-466c-8f1d-79ebaa207b3c	f	3	f	2	1
900	2025-07-23 11:20:12.208371+00	2025-07-23 11:20:12.208379+00	Qizil qalampir	900	10000	1	147	8000	12000	t	4b002822-bd74-4f03-bff7-954c43585f7b	f	3	f	2	1
901	2025-07-23 11:20:12.21243+00	2025-07-23 11:20:12.212442+00	Murch qora eron	901	25000	1	147	20000	30000	t	887d27a4-8f34-4006-b68b-9c4f02b546d2	f	3	f	2	1
902	2025-07-23 11:20:12.216845+00	2025-07-23 11:20:12.216854+00	Avgon zira	902	30000	1	148	24000	36000	t	b18b8aa8-9690-4468-afee-26483052cca5	f	3	f	2	1
903	2025-07-23 11:20:12.222687+00	2025-07-23 11:20:12.222696+00	Zomin zira	903	40000	1	148	32000	48000	t	c844efff-986d-44e1-a224-8121a0774a4f	f	3	f	2	1
904	2025-07-23 11:20:12.226666+00	2025-07-23 11:20:12.226675+00	Fri (qadoqda)	904	10000	5	138	8000	12000	t	e72729a8-1dad-4f48-a8e3-2710f324ee5c	f	3	f	2	1
905	2025-07-23 11:20:12.230705+00	2025-07-23 11:20:12.230714+00	Baliqli KFC	905	90000	5	138	72000	108000	t	3bf3a71c-cf89-4f19-8929-b2312fb9b044	f	3	f	2	1
906	2025-07-23 11:20:12.234797+00	2025-07-23 11:20:12.234806+00	Guruch	906	20000	1	1	16000	24000	t	16baf545-9573-4b6a-b84a-f7ece89ecc65	f	3	f	1	1
907	2025-07-23 11:20:12.238874+00	2025-07-23 11:20:12.238883+00	Loviya	907	22000	1	114	17600	26400	t	8bff609e-cc79-47f1-89ae-31428f8320f5	f	3	f	1	1
908	2025-07-23 11:20:12.242861+00	2025-07-23 11:20:12.24287+00	Obi(tandir) non	908	14000	1	13	11200	16800	t	c754c29d-40a5-46c9-951f-d2b7765273cc	f	3	f	1	1
909	2025-07-23 11:20:12.248776+00	2025-07-23 11:20:12.248785+00	1-navli bugdoy unidan non	909	5000	1	12	4000	6000	t	ea4d56aa-7438-4c12-ade7-da048cf6797e	f	3	f	1	1
910	2025-07-23 11:20:12.252763+00	2025-07-23 11:20:12.252772+00	Makaron	910	12000	1	28	9600	14400	t	578a9fc2-8ae1-4a10-87d2-f7c107c377c8	f	3	f	1	1
911	2025-07-23 11:20:12.256791+00	2025-07-23 11:20:12.2568+00	Mol goshti  (suyakli)	911	70000	1	34	56000	84000	t	55e0bfb0-756a-45ce-bd4c-4865e63eea1d	f	3	f	1	1
912	2025-07-23 11:20:12.260736+00	2025-07-23 11:20:12.260745+00	Tadbirkor rastasidagi eng arzon suyakli mol goshti	912	110000	1	34	88000	132000	t	447ada15-2471-4bce-bc55-15a88377515b	f	3	f	1	1
913	2025-07-23 11:20:12.2647+00	2025-07-23 11:20:12.264709+00	Tadbirkor rastasidagi eng arzon qoy goshti	913	120000	1	36	96000	144000	t	ed872caf-f109-49a6-aa72-1a58f2925960	f	3	f	1	1
914	2025-07-23 11:20:12.268583+00	2025-07-23 11:20:12.268593+00	Mol goshti (suyaksiz)	914	130000	1	35	104000	156000	t	92ce028f-57aa-4b0b-ba5b-debb25764f64	f	3	f	1	1
915	2025-07-23 11:20:12.274145+00	2025-07-23 11:20:12.274154+00	Tirik, yangi, sovutilgan  baliq	915	0	1	49	0	0	t	fc6cf201-3855-4de0-9b64-eeb2e4782b46	f	3	f	1	1
916	2025-07-23 11:20:12.27772+00	2025-07-23 11:20:12.277729+00	Muzlatilgan baliq	916	50000	1	50	40000	60000	t	6f92df69-49d2-49aa-92ad-2562f092ae34	f	3	f	1	1
917	2025-07-23 11:20:12.281459+00	2025-07-23 11:20:12.281468+00	Tovuq goshti (butun)	917	24000	1	38	19200	28800	t	cbe3ea13-d677-4254-ba13-398e8b8bc297	f	3	f	1	1
918	2025-07-23 11:20:12.285331+00	2025-07-23 11:20:12.285341+00	Tovuq boldiri, son va boshqa qismlari	918	35000	1	39	28000	42000	t	3544bf3a-b2d0-4ddc-9350-4d340feff1b3	f	3	f	1	1
919	2025-07-23 11:20:12.289225+00	2025-07-23 11:20:12.289234+00	Yangi sogilgan sut	919	10000	1	55	8000	12000	t	bb226f54-f8b4-4b51-9207-fd17ec7a582d	f	3	f	1	1
920	2025-07-23 11:20:12.293056+00	2025-07-23 11:20:12.293065+00	Qatiq	920	15000	1	67	12000	18000	t	219916ae-f989-4603-a206-24a6bff725bf	f	3	f	1	1
921	2025-07-23 11:20:12.298606+00	2025-07-23 11:20:12.298615+00	Tuxum	921	13000	2	71	10400	15600	t	01b54f3c-3e8c-41a2-8364-acd1e7a99a3c	f	3	f	1	1
922	2025-07-23 11:20:12.302686+00	2025-07-23 11:20:12.302695+00	Sariyog	922	80000	1	74	64000	96000	t	41c658f6-9d50-4225-b251-dc94923a27c5	f	3	f	1	1
923	2025-07-23 11:20:12.306629+00	2025-07-23 11:20:12.306638+00	Kungaboqar yogi (mahalliy)	923	19000	3	73	15200	22800	t	431104c0-de60-4afc-b223-1bc82280f78e	f	3	f	1	1
924	2025-07-23 11:20:12.3106+00	2025-07-23 11:20:12.310609+00	Nejinskoe	924	20000	3	73	16000	24000	t	312eb816-3b14-4963-8251-132565e80059	f	3	f	1	1
925	2025-07-23 11:20:12.314483+00	2025-07-23 11:20:12.314492+00	Milter	925	20000	3	73	16000	24000	t	3b5f12ce-8d05-44e0-880f-39ce01f8b51a	f	3	f	1	1
926	2025-07-23 11:20:12.320035+00	2025-07-23 11:20:12.320044+00	Elena	926	18000	3	73	14400	21600	t	c67e371b-2dce-4e9f-8fe9-567df1095e8f	f	3	f	1	1
927	2025-07-23 11:20:12.323935+00	2025-07-23 11:20:12.323945+00	Paxta yogi (mahalliy)	927	20000	3	72	16000	24000	t	e5751955-622b-4b17-a30b-ee4587d89526	f	3	f	1	1
928	2025-07-23 11:20:12.327723+00	2025-07-23 11:20:12.327732+00	Paxta yogi (import)	928	21000	3	72	16800	25200	t	7c5fe530-4348-4a64-9ca6-6b827923fb36	f	3	f	1	1
929	2025-07-23 11:20:12.331716+00	2025-07-23 11:20:12.331725+00	Olma	929	10000	1	82	8000	12000	t	a9419869-e0c4-4e18-a1f0-de47ecc276ef	f	3	f	1	1
930	2025-07-23 11:20:12.33921+00	2025-07-23 11:20:12.339236+00	Nok	930	0	1	83	0	0	t	554b40d2-40c4-4ea5-9b28-27c45758fe05	f	3	f	1	1
931	2025-07-23 11:20:12.34568+00	2025-07-23 11:20:12.345701+00	Shaftoli	931	25000	1	84	20000	30000	t	49e79556-281d-4e27-aa90-319d1a5a44e5	f	3	f	1	1
932	2025-07-23 11:20:12.353202+00	2025-07-23 11:20:12.353217+00	Gilos	932	0	1	519	0	0	t	71788f9d-49d7-4e7e-9f20-2c647051765b	f	3	f	1	1
933	2025-07-23 11:20:12.358507+00	2025-07-23 11:20:12.358521+00	Orik	933	0	1	520	0	0	t	8afec3b1-77fd-4582-aba5-e95a880f0c6d	f	3	f	1	1
934	2025-07-23 11:20:12.363004+00	2025-07-23 11:20:12.363014+00	Bexi	934	0	1	521	0	0	t	b71a7d79-ccde-4d0f-9c24-e5307b00dc3f	f	3	f	1	1
935	2025-07-23 11:20:12.367408+00	2025-07-23 11:20:12.367418+00	Qulupnay	935	0	1	522	0	0	t	85f0fc30-6900-4b21-ab13-6014e18dfc52	f	3	f	1	1
936	2025-07-23 11:20:12.371681+00	2025-07-23 11:20:12.37169+00	Uzum	936	15000	1	85	12000	18000	t	fd369c32-a660-4652-8d51-4df185b70eda	f	3	f	1	1
937	2025-07-23 11:20:12.37581+00	2025-07-23 11:20:12.37582+00	Qovoq	937	12000	1	105	9600	14400	t	6b2b310c-5279-4ed7-8369-cda1bea80e74	f	3	f	1	1
938	2025-07-23 11:20:12.381788+00	2025-07-23 11:20:12.381797+00	Piyoz sariq mayda	938	0	1	110	0	0	t	f1b6502e-7e0c-42ba-ac81-c6a3e23eceef	f	3	f	1	1
939	2025-07-23 11:20:12.385727+00	2025-07-23 11:20:12.385736+00	Piyoz sariq katta	939	7000	1	110	5600	8400	t	a9c2b673-f0df-4b2d-829f-99feafdf548d	f	3	f	1	1
940	2025-07-23 11:20:12.389828+00	2025-07-23 11:20:12.389837+00	Piyoz sariq ortacha	940	0	1	110	0	0	t	3562881e-2311-4bb1-8241-96c9dadcfa70	f	3	f	1	1
941	2025-07-23 11:20:12.393855+00	2025-07-23 11:20:12.393864+00	Xoraki lavlagi	941	7000	1	106	5600	8400	t	7ec9a13d-7467-45fd-b8ac-2d42a194fbe2	f	3	f	1	1
942	2025-07-23 11:20:12.397589+00	2025-07-23 11:20:12.397598+00	Sabzi	942	2500	1	107	2000	3000	t	88f0aa69-e24a-4ba2-a914-dc8541baf76e	f	3	f	1	1
943	2025-07-23 11:20:12.40139+00	2025-07-23 11:20:12.401401+00	Limon	943	0	1	79	0	0	t	630b7772-a9a9-4394-91d2-5ce1ea31dc07	f	3	f	1	1
944	2025-07-23 11:20:12.407098+00	2025-07-23 11:20:12.407108+00	Kishmish	944	52000	1	89	41600	62400	t	5d308c26-1fc7-4398-b0a6-6a9de36f77c8	f	3	f	1	1
945	2025-07-23 11:20:12.411019+00	2025-07-23 11:20:12.411028+00	Bodring	945	12000	1	101	9600	14400	t	4bc3d125-e547-4737-8fab-e40778c0257e	f	3	f	1	1
946	2025-07-23 11:20:12.414974+00	2025-07-23 11:20:12.414984+00	Bulgor qalampiri	946	8000	1	104	6400	9600	t	822e4139-f7d9-442a-958c-0cb437525511	f	3	f	1	1
947	2025-07-23 11:20:12.418735+00	2025-07-23 11:20:12.418744+00	Sarimsoq	947	30000	1	109	24000	36000	t	bb47c9c0-1461-45cc-aef8-0262ef90f8ba	f	3	f	1	1
948	2025-07-23 11:20:12.422942+00	2025-07-23 11:20:12.422951+00	Orta kartoshka	948	4000	1	113	3200	4800	t	6f62cedf-63d4-4476-be42-bd60708ba26b	f	3	f	1	1
949	2025-07-23 11:20:12.428999+00	2025-07-23 11:20:12.429008+00	Kichik kartoshka	949	7000	1	113	5600	8400	t	cc0bd71f-1d31-4b56-8cf6-67462f1b093d	f	3	f	1	1
950	2025-07-23 11:20:12.432963+00	2025-07-23 11:20:12.432974+00	Katta kartoshka	950	7000	1	113	5600	8400	t	967d35d5-aa10-4ae7-a172-58bb622f3464	f	3	f	1	1
951	2025-07-23 11:20:12.436834+00	2025-07-23 11:20:12.436843+00	Shakar Xorazm	951	13500	1	123	10800	16200	t	b071bba5-15fb-4d13-9fb0-534bc32e0a87	f	3	f	1	1
952	2025-07-23 11:20:12.440761+00	2025-07-23 11:20:12.44077+00	Shakar	952	13000	1	123	10400	15600	t	87415b1c-8277-48ba-9d6d-39418c1d3a19	f	3	f	1	1
953	2025-07-23 11:20:12.446751+00	2025-07-23 11:20:12.446772+00	Bugdoy	953	5500	1	512	4400	6600	t	b7e8cd9f-4fe2-4228-9fab-02c319233298	f	3	f	1	1
954	2025-07-23 11:20:12.453016+00	2025-07-23 11:20:12.453028+00	Johori	954	7000	1	513	5600	8400	t	66239270-b65c-4b47-bb92-e6c53389372e	f	3	f	1	1
955	2025-07-23 11:20:12.459579+00	2025-07-23 11:20:12.45959+00	Oliy navli bugdoy uni (mahalliy)	955	7000	1	9	5600	8400	t	8bf0e177-16ce-4225-a95f-ffba650b0933	f	3	f	1	1
956	2025-07-23 11:20:12.46402+00	2025-07-23 11:20:12.464031+00	Oliy navli bugdoy uni (import)	956	10000	1	9	8000	12000	t	e866a290-5c2b-4a0c-80a8-86bd94533d9d	f	3	f	1	1
957	2025-07-23 11:20:12.468422+00	2025-07-23 11:20:12.468435+00	Birinchi navli bugdoy uni (mahalliy)	957	5000	1	10	4000	6000	t	9307b00a-4d29-459e-ac55-e08c2eb713c2	f	3	f	1	1
958	2025-07-23 11:20:12.47255+00	2025-07-23 11:20:12.47256+00	Birinchi navli bugdoy uni (import)	958	7000	1	10	5600	8400	t	2a0b8c69-5b54-4cb1-8b3a-e74c0b8b1dc1	f	3	f	1	1
959	2025-07-23 11:20:12.476795+00	2025-07-23 11:20:12.476804+00	Qadoqlangan sut	959	0	1	56	0	0	t	56ff8b3d-cb13-4e31-8f4c-3559f3a225d8	f	3	f	1	1
186	2025-07-23 11:20:08.960412+00	2025-07-23 13:37:07.400131+00	Allergolog maslahat	186	220000	22	447	176000	264000	t	cfc23d15-19c6-47b2-884d-8e314998abe4	f	3	f	2	1
\.


--
-- Data for Name: product_category; Type: TABLE DATA; Schema: public; Owner: postgres
--

COPY public.product_category (id, created_at, updated_at, name, number, code, rasfas, union_id, logo, product_type, weekly_type) FROM stdin;
4	2025-07-23 11:20:06.092385+00	2025-07-23 12:38:40.491003+00	Manniy yormasi	4	11111009	1000	1		1	1
5	2025-07-23 11:20:06.095625+00	2025-07-23 12:38:40.493144+00	Grechixa (doni)	5	11111011	1000	1		1	1
6	2025-07-23 11:20:06.100413+00	2025-07-23 12:38:40.496493+00	Suli yormasi	6	11111016	1000	1		1	1
7	2025-07-23 11:20:06.103427+00	2025-07-23 12:38:40.50036+00	Arpa yormasi	7	11111012	1000	1		1	1
9	2025-07-23 11:20:06.110142+00	2025-07-23 12:38:40.508487+00	Oliy navli bugdoy uni	9	11111200	1000	1		1	1
10	2025-07-23 11:20:06.113049+00	2025-07-23 12:38:40.511675+00	Birinchi navli bugdoy uni	10	11111300	1000	1		1	1
11	2025-07-23 11:20:06.115949+00	2025-07-23 12:38:40.514943+00	Oliy navli bugdoy unidan tayyorlangan non	11	11114004	1000	1		1	1
12	2025-07-23 11:20:06.120636+00	2025-07-23 12:38:40.518237+00	Birinchi navli bugdoy unidan tayyorlangan non	12	11114005	1000	1		1	1
13	2025-07-23 11:20:06.123641+00	2025-07-23 12:38:40.520982+00	Obinon	13	11113002	1000	1		1	1
14	2025-07-23 11:20:06.126636+00	2025-07-23 12:38:40.523806+00	Javdar va javdar-bugdoy noni	14	11114003	1000	1		1	1
15	2025-07-23 11:20:06.129604+00	2025-07-23 12:38:40.528314+00	Bulochka, bublik va boshqa yogli mahsulotlar	15	11115006	1000	1		1	1
16	2025-07-23 11:20:06.132519+00	2025-07-23 12:38:40.531026+00	Suxari (qoq non), qarsillama non, galeta	16	11115007	1000	1		1	1
17	2025-07-23 11:20:06.138118+00	2025-07-23 12:38:40.533926+00	Pechene	17	11178076	1000	1		1	1
18	2025-07-23 11:20:06.143458+00	2025-07-23 12:38:40.536543+00	Vafli	18	11178074	1000	1		1	1
19	2025-07-23 11:20:06.148012+00	2025-07-23 12:38:40.539028+00	Pryaniklar	19	11178075	1000	1		1	1
20	2025-07-23 11:20:06.152021+00	2025-07-23 12:38:40.541393+00	Tortlar	20	11178077	1000	1		1	1
21	2025-07-23 11:20:06.15602+00	2025-07-23 12:38:40.54363+00	Turli xil pirojniylar	21	11178078	1000	1		1	1
22	2025-07-23 11:20:06.159357+00	2025-07-23 12:38:40.546302+00	Kekslar	22	11178079	1000	1		1	1
23	2025-07-23 11:20:06.162858+00	2025-07-23 12:38:40.549018+00	Korjiklar	23	11178080	1	2		1	1
24	2025-07-23 11:20:06.167904+00	2025-07-23 12:38:40.551446+00	Chak chak	24	11178081	1000	1		1	1
25	2025-07-23 11:20:06.171258+00	2025-07-23 12:38:40.554403+00	Tayyor nonushtalar shaklidagi boshoqli donlar (quruq nonushtalar)	25	11111017	1000	1		1	1
26	2025-07-23 11:20:06.174957+00	2025-07-23 12:38:40.556754+00	Vermishel	26	11116007	1000	1		1	1
27	2025-07-23 11:20:06.179535+00	2025-07-23 12:38:40.559123+00	Ugra (shu jumladan lagmon uchun)	27	11116008	1000	1		1	1
28	2025-07-23 11:20:06.184101+00	2025-07-23 12:38:40.56147+00	Makaronlar, spagetti	28	11116009	1000	1		1	1
29	2025-07-23 11:20:06.18811+00	2025-07-23 12:38:40.563879+00	Shakldor mahsulotlar (chiganoqlar, yulduzchalar va shu kabilar)	29	11116010	1000	1		1	1
30	2025-07-23 11:20:06.193321+00	2025-07-23 12:38:40.566214+00	Chuchvaralar va shu kabi mahsulotlar, xom	30	11123022	1000	1		1	1
31	2025-07-23 11:20:06.196811+00	2025-07-23 12:38:40.568468+00	Tez tayyorlanadigan ugra	31	11123025	100	1		1	1
32	2025-07-23 11:20:06.200137+00	2025-07-23 12:38:40.570933+00	Pop-korn	32	11123024	1000	1		1	1
34	2025-07-23 11:20:06.20997+00	2025-07-23 12:38:40.577287+00	Mol goshti (suyaksiz goshtidan tashqari)	34	11121014	1000	1		1	1
35	2025-07-23 11:20:06.216094+00	2025-07-23 12:38:40.579515+00	Suyaksiz mol goshti	35	11121018	1000	1		1	1
36	2025-07-23 11:20:06.219729+00	2025-07-23 12:38:40.582005+00	Qoy goshti	36	11121016	1000	1		1	1
37	2025-07-23 11:20:06.224637+00	2025-07-23 12:38:40.584454+00	Chochqa goshti	37	11121017	1000	1		1	1
38	2025-07-23 11:20:06.230286+00	2025-07-23 12:38:40.586797+00	Tovuq goshti (sonlaridan tashqari)	38	11122018	1000	1		1	1
39	2025-07-23 11:20:06.236539+00	2025-07-23 12:38:40.589454+00	Tovuq boldiri, son va boshqa qismlar	39	11122019	1000	1		1	1
40	2025-07-23 11:20:06.240987+00	2025-07-23 12:38:40.592065+00	Qiyma (yogli, yarim yogli)	40	11121019	1000	1		1	1
41	2025-07-23 11:20:06.245974+00	2025-07-23 12:38:40.59453+00	Yangi soyilgan, sovitilgan yoki muzlatilgan, quritilgan, tuzlangan, namakobga solingan  yoki dudlangan mol va qoy jigari	41	11121020	1000	1		1	1
42	2025-07-23 11:20:06.24922+00	2025-07-23 12:38:40.597166+00	Yangi soyilgan, sovitilgan yoki muzlatilgan, quritilgan, tuzlangan, namakobga solingan  yoki dudlangan mol oyoqlari	42	11121022	1	2		1	1
43	2025-07-23 11:20:06.252309+00	2025-07-23 12:38:40.599651+00	Yangi soyilgan, sovitilgan yoki muzlatilgan, quritilgan, tuzlangan, namakobga solingan  yoki dudlangan til	43	11121023	1000	1		1	1
44	2025-07-23 11:20:06.255466+00	2025-07-23 12:38:40.602376+00	Pishirilgan kolbasa	44	11123019	1000	1		1	1
45	2025-07-23 11:20:06.258598+00	2025-07-23 12:38:40.604861+00	Sosiskalar, sardelkalar	45	11123021	1000	1		1	1
46	2025-07-23 11:20:06.263296+00	2025-07-23 12:38:40.608772+00	Dudlangan va yarim dudlangan kolbasa	46	11123020	1000	1		1	1
47	2025-07-23 11:20:06.26612+00	2025-07-23 12:38:40.611328+00	Qazi	47	11121027	1000	1		1	1
48	2025-07-23 11:20:06.268912+00	2025-07-23 12:38:40.613934+00	Konservalangan dimlangan mol goshti	48	11125023	350	1		1	1
49	2025-07-23 11:20:06.271806+00	2025-07-23 12:38:40.616723+00	Tirik, yangi, sovutilgan  baliq	49	11121024	1000	1		1	1
50	2025-07-23 11:20:06.274701+00	2025-07-23 12:38:40.619238+00	Muzlatilgan baliq	50	11121025	1000	1		1	1
51	2025-07-23 11:20:06.277597+00	2025-07-23 12:38:40.621746+00	Quritilgan, tuzlangan, namakobga solingan  yoki dudlangan baliq	51	11122025	1000	1		1	1
52	2025-07-23 11:20:06.282049+00	2025-07-23 12:38:40.624145+00	Moyga solingan sardinalar	52	11122027	350	1		1	1
53	2025-07-23 11:20:06.284957+00	2025-07-23 12:38:40.626541+00	Moyga solingan shprotlar	53	11122028	350	1		1	1
54	2025-07-23 11:20:06.288186+00	2025-07-23 12:38:40.628927+00	Pomidor qaylasiga solingan kilka	54	11123026	350	1		1	1
55	2025-07-23 11:20:06.291878+00	2025-07-23 12:38:40.631407+00	Xom sut (yangi sogilgan)	55	11131027	1000	1		1	1
56	2025-07-23 11:20:06.294896+00	2025-07-23 12:38:40.634251+00	Pasterizatsiya qilingan sut	56	11131031	1000	1		1	1
57	2025-07-23 11:20:06.297777+00	2025-07-23 12:38:40.636933+00	Qaymoq	57	11131032	1000	1		1	1
58	2025-07-23 11:20:06.302562+00	2025-07-23 12:38:40.639339+00	Quyultirilgan sut	58	11135033	400	1		1	1
59	2025-07-23 11:20:06.305646+00	2025-07-23 12:38:40.641839+00	Quruq qaymoq	59	11131033	1000	1		1	1
60	2025-07-23 11:20:06.30868+00	2025-07-23 12:38:40.644695+00	Qattiq pishloqlar	60	11133031	1000	1		1	1
61	2025-07-23 11:20:06.311541+00	2025-07-23 12:38:40.647043+00	Yumshoq pishloqlar, kolbasa shaklidagi pishloq	61	11133033	1000	1		1	1
62	2025-07-23 11:20:06.314493+00	2025-07-23 12:38:40.649611+00	Brinza	62	11131034	1000	1		1	1
63	2025-07-23 11:20:06.317312+00	2025-07-23 12:38:40.652271+00	Tvorog	63	11133030	1000	1		1	1
64	2025-07-23 11:20:06.322939+00	2025-07-23 12:38:40.658047+00	Tvorogli siroklar va sirok massasi	64	11133035	50	1		1	1
65	2025-07-23 11:20:06.326026+00	2025-07-23 12:38:40.660185+00	Tayoqcha shaklidagi pishloqlar	65	11133036	1000	1		1	1
66	2025-07-23 11:20:06.328934+00	2025-07-23 12:38:40.663063+00	Smetana	66	11132029	1000	1		1	1
67	2025-07-23 11:20:06.33216+00	2025-07-23 12:38:40.665731+00	Kefir, prostokvasha va boshqalar	67	11132028	1000	1		1	1
68	2025-07-23 11:20:06.335548+00	2025-07-23 12:38:40.668337+00	Yogurt	68	11134033	500	1		1	1
69	2025-07-23 11:20:06.338693+00	2025-07-23 12:38:40.670882+00	Suzma	69	11133032	1000	1		1	1
70	2025-07-23 11:20:06.343242+00	2025-07-23 12:38:40.673316+00	Qurt	70	11133034	1000	1		1	1
71	2025-07-23 11:20:06.346413+00	2025-07-23 12:38:40.675738+00	Tovuq tuxumlari	71	11141035	10	2		1	1
72	2025-07-23 11:20:06.34922+00	2025-07-23 12:38:40.678252+00	Paxta moyi	72	11154040	1000	3		1	1
73	2025-07-23 11:20:06.35209+00	2025-07-23 12:38:40.680538+00	Kungaboqar moyi	73	11154039	1000	3		1	1
74	2025-07-23 11:20:06.354884+00	2025-07-23 12:38:40.683003+00	Sariyog	74	11151036	1000	1		1	1
75	2025-07-23 11:20:06.357685+00	2025-07-23 12:38:40.6853+00	Margarin	75	11152037	1000	1		1	1
77	2025-07-23 11:20:06.364942+00	2025-07-23 12:38:40.690008+00	Chochqa yogi, shpik	77	11153039	1000	1		1	1
78	2025-07-23 11:20:06.367849+00	2025-07-23 12:38:40.692256+00	Bananlar	78	11162049	1000	1		1	1
79	2025-07-23 11:20:06.370608+00	2025-07-23 12:38:40.696187+00	Limonlar	79	11163042	1000	1		1	1
80	2025-07-23 11:20:06.373442+00	2025-07-23 12:38:40.699093+00	Mandarinlar	80	11163043	1000	1		1	1
81	2025-07-23 11:20:06.376653+00	2025-07-23 12:38:40.701352+00	Apelsinlar	81	11163044	1000	1		1	1
82	2025-07-23 11:20:06.379848+00	2025-07-23 12:38:40.703667+00	Olmalar	82	11161040	1000	1		1	1
83	2025-07-23 11:20:06.385549+00	2025-07-23 12:38:40.706459+00	Noklar	83	11161041	1000	1		1	1
84	2025-07-23 11:20:06.39145+00	2025-07-23 12:38:40.709045+00	Shaftolilar	84	11161042	1000	1		1	1
85	2025-07-23 11:20:06.395103+00	2025-07-23 12:38:40.711464+00	Uzumlar	85	11162041	1000	1		1	1
86	2025-07-23 11:20:06.398426+00	2025-07-23 12:38:40.714294+00	Yangi uzilgan tarvuzlar	86	11161047	1000	1		1	1
87	2025-07-23 11:20:06.401778+00	2025-07-23 12:38:40.716764+00	Yangi uzilgan qovunlar	87	11162048	1000	1		1	1
88	2025-07-23 11:20:06.40483+00	2025-07-23 12:38:40.719802+00	Anorlar	88	11161043	1000	1		1	1
89	2025-07-23 11:20:06.409425+00	2025-07-23 12:38:40.723028+00	Mayiz, kishmish	89	11163045	1000	1		1	1
90	2025-07-23 11:20:06.412304+00	2025-07-23 12:38:40.72572+00	Bargak, turshak	90	11165044	1000	1		1	1
91	2025-07-23 11:20:06.416487+00	2025-07-23 12:38:40.728182+00	Quritilgan namatak	91	11165045	1000	1		1	1
92	2025-07-23 11:20:06.419525+00	2025-07-23 12:38:40.730978+00	Pochoqli yoki pochogi tozalangan yongoqlar	92	11168046	1000	1		1	1
93	2025-07-23 11:20:06.42244+00	2025-07-23 12:38:40.734079+00	Pochoqli yoki pochogi tozalangan pista	93	11168048	1000	1		1	1
94	2025-07-23 11:20:06.425579+00	2025-07-23 12:38:40.738109+00	Pochoqli yoki pochogi tozalangan bodom	94	11168049	1000	1		1	1
95	2025-07-23 11:20:06.430477+00	2025-07-23 12:38:40.742725+00	Pochoqli yoki pochogi tozalangan yeryongoqlar	95	11168047	1000	1		1	1
96	2025-07-23 11:20:06.435201+00	2025-07-23 12:38:40.746168+00	Tuzli abrikos yoki orik danaklari	96	11168050	1000	1		1	1
97	2025-07-23 11:20:06.438529+00	2025-07-23 12:38:40.750133+00	Qovurilgan kungaboqar urugi	97	11168051	1000	1		1	1
98	2025-07-23 11:20:06.441847+00	2025-07-23 12:38:40.753043+00	Konservalangan mevalar, kompot (murabbo va shu kabi mahsulotlardan tashqari)	98	11164001	1000	3		1	1
99	2025-07-23 11:20:06.445874+00	2025-07-23 12:38:40.755946+00	Karam	99	11161049	1000	1		1	1
100	2025-07-23 11:20:06.449272+00	2025-07-23 12:38:40.758792+00	Yangi uzilgan yoki sovutilgan kokatlar (ukrop, petrushka, yashil kashnich va shu kabi)	100	11163060	1000	1		1	1
101	2025-07-23 11:20:06.454277+00	2025-07-23 12:38:40.761645+00	Yangi uzilgan bodringlar	101	11163054	1000	1		1	1
102	2025-07-23 11:20:06.457202+00	2025-07-23 12:38:40.764677+00	Yangi uzilgan pomidorlar	102	11163056	1000	1		1	1
103	2025-07-23 11:20:06.4603+00	2025-07-23 12:38:40.767326+00	Baqlajonlar	103	11163310	1000	1		1	1
104	2025-07-23 11:20:06.463342+00	2025-07-23 12:38:40.7699+00	Yangi uzilgan bulgor qalampiri	104	11163059	1000	1		1	1
105	2025-07-23 11:20:06.466249+00	2025-07-23 12:38:40.77256+00	Qovoq	105	11162050	1000	1		1	1
106	2025-07-23 11:20:06.469027+00	2025-07-23 12:38:40.77524+00	Lavlagi	106	11162052	1000	1		1	1
107	2025-07-23 11:20:06.47364+00	2025-07-23 12:38:40.777981+00	Sabzi	107	11162053	1000	1		1	1
108	2025-07-23 11:20:06.476757+00	2025-07-23 12:38:40.780488+00	Sholgom	108	11163061	1000	1		1	1
109	2025-07-23 11:20:06.479744+00	2025-07-23 12:38:40.783097+00	Sarimsoq	109	11164058	1000	1		1	1
110	2025-07-23 11:20:06.482839+00	2025-07-23 12:38:40.785689+00	Piyoz	110	11162051	1000	1		1	1
111	2025-07-23 11:20:06.485872+00	2025-07-23 12:38:40.788317+00	Turp	111	11163311	1000	1		1	1
112	2025-07-23 11:20:06.489071+00	2025-07-23 12:38:40.790863+00	Yangi uzilgan, sovutilgan va marinadlangan qoziqorinlar	112	11163312	1000	3		1	1
114	2025-07-23 11:20:06.497522+00	2025-07-23 12:38:40.797489+00	Loviya	114	11112012	1000	1		1	1
115	2025-07-23 11:20:06.500698+00	2025-07-23 12:38:40.799901+00	Noxat	115	11112011	1000	1		1	1
116	2025-07-23 11:20:06.503737+00	2025-07-23 12:38:40.802473+00	Mosh	116	11112013	1000	1		1	1
117	2025-07-23 11:20:06.507086+00	2025-07-23 12:38:40.805065+00	Tuzlangan yoki marinadlangan bodringlar	117	11163055	1000	1		1	1
118	2025-07-23 11:20:06.510058+00	2025-07-23 12:38:40.807614+00	Tuzlangan karam	118	11163057	1000	1		1	1
119	2025-07-23 11:20:06.514245+00	2025-07-23 12:38:40.809992+00	Tuzlangan yoki marinadlangan pomidorlar	119	11163058	1000	1		1	1
120	2025-07-23 11:20:06.521403+00	2025-07-23 12:38:40.812559+00	Pomidor pastasi	120	11168062	1000	3		1	1
121	2025-07-23 11:20:06.526524+00	2025-07-23 12:38:40.815065+00	Kartoshka chips	121	11168063	1000	1		1	1
122	2025-07-23 11:20:06.53118+00	2025-07-23 12:38:40.817509+00	Konservalangan noxat	122	11168061	400	1		1	1
123	2025-07-23 11:20:06.535808+00	2025-07-23 12:38:40.819802+00	Shakar	123	11171064	1000	1		1	1
124	2025-07-23 11:20:06.539404+00	2025-07-23 12:38:40.822029+00	Oq qand	124	11171065	1000	1		1	1
125	2025-07-23 11:20:06.542923+00	2025-07-23 12:38:40.824319+00	Novvot	125	11175060	1000	1		1	1
127	2025-07-23 11:20:06.551003+00	2025-07-23 12:38:40.829176+00	Marmelad	127	11175063	1000	1		1	1
128	2025-07-23 11:20:06.554309+00	2025-07-23 12:38:40.831913+00	Asal	128	11176070	1000	1		1	1
129	2025-07-23 11:20:06.557557+00	2025-07-23 12:38:40.834656+00	Kakao	129	11174068	1000	1		1	1
130	2025-07-23 11:20:06.560553+00	2025-07-23 12:38:40.844681+00	Shokolad plitkasi	130	11177073	100	1		1	1
131	2025-07-23 11:20:06.563571+00	2025-07-23 12:38:40.847235+00	Shokoladli konfetlar, batonchiklar	131	11177072	1000	1		1	1
132	2025-07-23 11:20:06.568455+00	2025-07-23 12:38:40.850033+00	Shokoladli krem	132	11177074	1000	1		1	1
133	2025-07-23 11:20:06.57135+00	2025-07-23 12:38:40.852786+00	Muzqaymoq	133	11134032	1000	1		1	1
136	2025-07-23 11:20:06.580463+00	2025-07-23 12:38:40.860876+00	Zefir	136	11175062	1000	1		1	1
137	2025-07-23 11:20:06.583423+00	2025-07-23 12:38:40.863411+00	Saqich	137	11179079	1	4		1	1
138	2025-07-23 11:20:06.588418+00	2025-07-23 12:38:40.86596+00	Tayyor oziq-ovqat taomlar	138	11192085	1	5		1	1
139	2025-07-23 11:20:06.591463+00	2025-07-23 12:38:40.868594+00	Bolalar ovqatlanishi uchun quruq sutli aralashmalar	139	11136034	1000	1		1	1
140	2025-07-23 11:20:06.594525+00	2025-07-23 12:38:40.871045+00	Bolalar ovqatlanishi uchun botqalar	140	11172085	1000	1		1	1
141	2025-07-23 11:20:06.597482+00	2025-07-23 12:38:40.873519+00	Tuz	141	11171080	1000	1		1	1
142	2025-07-23 11:20:06.600506+00	2025-07-23 12:38:40.876143+00	Mayonez	142	11172082	1000	1		1	1
143	2025-07-23 11:20:06.60348+00	2025-07-23 12:38:40.880211+00	Uksus	143	11172087	250	1		1	1
144	2025-07-23 11:20:06.608191+00	2025-07-23 12:38:40.882531+00	Pomidor sousi, ketchup	144	11172084	1000	1		1	1
145	2025-07-23 11:20:06.611033+00	2025-07-23 12:38:40.884898+00	Lavr yaprogi	145	11172083	100	1		1	1
146	2025-07-23 11:20:06.614009+00	2025-07-23 12:38:40.88723+00	Kashnich urugi	146	11172088	100	1		1	1
147	2025-07-23 11:20:06.616956+00	2025-07-23 12:38:40.889734+00	Murch va qizil qalampir	147	11172089	100	1		1	1
148	2025-07-23 11:20:06.61984+00	2025-07-23 12:38:40.892158+00	Zira	148	11172090	100	1		1	1
149	2025-07-23 11:20:06.622646+00	2025-07-23 12:38:40.894773+00	Tayyor ziravorlar	149	11172091	100	1		1	1
150	2025-07-23 11:20:06.625439+00	2025-07-23 12:38:40.897465+00	Xamirturush	150	11172081	50	1		1	1
151	2025-07-23 11:20:06.629896+00	2025-07-23 12:38:40.899947+00	Ovqatga ishlatiladigan soda	151	11172086	1000	1		1	1
152	2025-07-23 11:20:06.632603+00	2025-07-23 12:38:40.902265+00	Meva va sabzavotlardan tayyorlangan soklar	152	11182084	1000	3		1	1
153	2025-07-23 11:20:06.635368+00	2025-07-23 12:38:40.905002+00	Kofe	153	11172065	1000	1		1	1
154	2025-07-23 11:20:06.638155+00	2025-07-23 12:38:40.907534+00	Tabiiy kofe donalari	154	11172066	1000	1		1	1
155	2025-07-23 11:20:06.641339+00	2025-07-23 12:38:40.909781+00	Qora choy	155	11173066	1000	1		1	1
156	2025-07-23 11:20:06.644236+00	2025-07-23 12:38:40.91212+00	Kok choy	156	11173067	1000	1		1	1
157	2025-07-23 11:20:06.648725+00	2025-07-23 12:38:40.914645+00	Kakao ichimliklari	157	11182086	1000	3		1	1
158	2025-07-23 11:20:06.651675+00	2025-07-23 12:38:40.916882+00	Mineral, gazlangan suvlar	158	11182083	1000	3		1	1
159	2025-07-23 11:20:06.654969+00	2025-07-23 12:38:40.919192+00	Koka-kola, limonad va shu kabi ichimliklar	159	11181082	1000	3		1	1
160	2025-07-23 11:20:06.658162+00	2025-07-23 12:38:40.921931+00	Kvas	160	11181083	1000	3		1	1
161	2025-07-23 11:20:06.660872+00	2025-07-23 12:38:40.926582+00	Mors	161	11181084	1000	3		1	1
162	2025-07-23 11:20:06.663652+00	2025-07-23 12:38:40.929341+00	Choy ekstrakti asosidagi salqin ichimliklar	162	11181086	1000	3		1	1
163	2025-07-23 11:20:06.668152+00	2025-07-23 12:38:40.931931+00	Energetik ichimliklar	163	11181085	1000	3		1	1
164	2025-07-23 11:20:06.670876+00	2025-07-23 12:38:40.934423+00	Aroq	164	11201088	1000	3		1	1
165	2025-07-23 11:20:06.673801+00	2025-07-23 12:38:40.93675+00	Konyak	165	11202089	1000	3		1	1
166	2025-07-23 11:20:06.676568+00	2025-07-23 12:38:40.939145+00	Uzum vinosi	166	11203090	750	3		1	1
167	2025-07-23 11:20:06.679366+00	2025-07-23 12:38:40.94157+00	Pivo	167	11204092	1000	3		1	1
168	2025-07-23 11:20:06.682192+00	2025-07-23 12:38:40.943953+00	Kafedagi tayyor taomlar	168	11192086	1	6		1	1
169	2025-07-23 11:20:06.686869+00	2025-07-23 12:38:40.94626+00	Oshxonadagi tayyor taomlar	169	11193086	1	7		1	1
171	2025-07-23 11:20:06.692557+00	2025-07-23 12:38:40.95099+00	Sigaretlar	171	12961236	1	8		1	1
172	2025-07-23 11:20:06.695522+00	2025-07-23 12:38:40.953221+00	Nosvoy	172	12963239	1	4		1	1
173	2025-07-23 11:20:06.698393+00	2025-07-23 12:38:40.955761+00	Kiyim tayyorlash uchun ip gazlamalar	173	12201143	1	9		1	1
174	2025-07-23 11:20:06.70155+00	2025-07-23 12:38:40.958352+00	Kiyim tayyorlash uchun jun gazlamalar	174	12202144	1	9		1	1
175	2025-07-23 11:20:06.706373+00	2025-07-23 12:38:40.964197+00	Kiyim tayyorlash uchun ipak gazlamalar	175	12203145	1	9		1	1
176	2025-07-23 11:20:06.709282+00	2025-07-23 12:38:40.968522+00	Kiyim tayyorlash uchun suniy gazlamalar	176	12204146	1	9		1	1
177	2025-07-23 11:20:06.712303+00	2025-07-23 12:38:40.97215+00	Erkaklar uchun qishki palto, kalta palto	177	12111094	1	2		1	1
178	2025-07-23 11:20:06.715461+00	2025-07-23 12:38:40.977096+00	Erkaklar uchun qishki kurtka	178	12112095	1	2		1	1
179	2025-07-23 11:20:06.718594+00	2025-07-23 12:38:40.980383+00	Erkaklar uchun yengil (demisezon) kurtka	179	12112097	1	2		1	1
180	2025-07-23 11:20:06.721619+00	2025-07-23 12:38:40.98373+00	Erkaklar uchun charm kurtka	180	12112096	1	2		1	1
181	2025-07-23 11:20:06.726503+00	2025-07-23 12:38:40.98963+00	Ogil bolalar uchun qishki kurtka	181	12131121	1	2		1	1
182	2025-07-23 11:20:06.729384+00	2025-07-23 12:38:40.994538+00	Ogil bolalar uchun engil (demisezon) kurtka	182	12131122	1	2		1	1
183	2025-07-23 11:20:06.733205+00	2025-07-23 12:38:40.998997+00	Ogil bolalar uchun charm kurtka	183	12131125	1	2		1	1
184	2025-07-23 11:20:06.738696+00	2025-07-23 12:38:41.003266+00	Erkaklar uchun plash	184	12114099	1	2		1	1
185	2025-07-23 11:20:06.743564+00	2025-07-23 12:38:41.007772+00	Erkaklar uchun choponlar, milliy ustki kamzullar, tonlar	185	12114100	1	2		1	1
186	2025-07-23 11:20:06.748239+00	2025-07-23 12:38:41.011675+00	Erkaklar uchun kostyum-shim	186	12113097	1	10		1	1
187	2025-07-23 11:20:06.754393+00	2025-07-23 12:38:41.015099+00	Ogil bolalar uchun kostyum-shim	187	12137132	1	10		1	1
188	2025-07-23 11:20:06.758445+00	2025-07-23 12:38:41.018387+00	Erkaklar uchun pidjaklar	188	12114101	1	2		1	1
189	2025-07-23 11:20:06.762133+00	2025-07-23 12:38:41.021526+00	Ogil bolalar uchun pidjaklar	189	12131128	1	2		1	1
190	2025-07-23 11:20:06.76573+00	2025-07-23 12:38:41.02426+00	Erkaklar uchun sviterlar, jemperlar, puloverlar	190	12141133	1	2		1	1
191	2025-07-23 11:20:06.769252+00	2025-07-23 12:38:41.027144+00	Ogil bolalar uchun sviterlar, jemperlar, puloverlar	191	12135134	1	2		1	1
192	2025-07-23 11:20:06.774679+00	2025-07-23 12:38:41.030871+00	Erkaklar uchun shimlar, djinsi shimlar	192	12115101	1	2		1	1
193	2025-07-23 11:20:06.777802+00	2025-07-23 12:38:41.034321+00	Ogil bolalar uchun shimlar, djinsi shimlar	193	12115102	1	2		1	1
194	2025-07-23 11:20:06.781078+00	2025-07-23 12:38:41.037225+00	Erkaklar uchun koylaklar	194	12116103	1	2		1	1
195	2025-07-23 11:20:06.784433+00	2025-07-23 12:38:41.04073+00	Ogil bolalar uchun sorochkalar, koylaklar	195	12133127	1	2		1	1
196	2025-07-23 11:20:06.787549+00	2025-07-23 12:38:41.044632+00	Erkaklar uchun maykalar	196	12143138	1	2		1	1
197	2025-07-23 11:20:06.790831+00	2025-07-23 12:38:41.04758+00	Erkaklar uchun trusiklar	197	12144140	1	2		1	1
198	2025-07-23 11:20:06.798922+00	2025-07-23 12:38:41.050873+00	Erkaklar uchun shortik va shalvarlar	198	12133131	1	2		1	1
200	2025-07-23 11:20:06.805126+00	2025-07-23 12:38:41.058176+00	Erkaklar uchun ich kiyim komplekti	200	12117105	1	2		1	1
201	2025-07-23 11:20:06.808419+00	2025-07-23 12:38:41.060797+00	Erkaklar paypogi	201	12117104	1	11		1	1
202	2025-07-23 11:20:06.811579+00	2025-07-23 12:38:41.063626+00	Ogil bolalar uchun maykalar	202	12133129	1	2		1	1
203	2025-07-23 11:20:06.814531+00	2025-07-23 12:38:41.066424+00	Ogil bolalar uchun trusiklar	203	12135131	1	2		1	1
204	2025-07-23 11:20:06.819289+00	2025-07-23 12:38:41.069182+00	Ogil bolalar uchun futbolkalar	204	12133128	1	2		1	1
205	2025-07-23 11:20:06.822675+00	2025-07-23 12:38:41.072185+00	Ogil bolalar uchun shortilar	205	12133130	1	2		1	1
206	2025-07-23 11:20:06.827308+00	2025-07-23 12:38:41.074737+00	Ogil bolalar uchun ich kiyim komplekti	206	12135132	1	2		1	1
207	2025-07-23 11:20:06.830143+00	2025-07-23 12:38:41.077467+00	Ogil bolalar uchun paypoq, kolgotka, chulki-paypoq mahsulotlari	207	12134130	1	11		1	1
208	2025-07-23 11:20:06.833054+00	2025-07-23 12:38:41.080152+00	Erkaklar uchun sport kostyumi	208	12113098	1	10		1	1
209	2025-07-23 11:20:06.835901+00	2025-07-23 12:38:41.082695+00	Ogil bolalar uchun sport kostyumi	209	12132131	1	10		1	1
210	2025-07-23 11:20:06.838709+00	2025-07-23 12:38:41.085286+00	Ayollar uchun qishki palto, kalta palto	210	12121108	1	2		1	1
211	2025-07-23 11:20:06.841581+00	2025-07-23 12:38:41.087813+00	Qiz bolalar uchun qishki palto, kalta palto	211	12131123	1	2		1	1
212	2025-07-23 11:20:06.846344+00	2025-07-23 12:38:41.090239+00	Ayollar uchun qishki kurtka	212	12121106	1	2		1	1
213	2025-07-23 11:20:06.85056+00	2025-07-23 12:38:41.092793+00	Ayollar uchun yengil (demisezon) kurtka	213	12121101	1	2		1	1
214	2025-07-23 11:20:06.85353+00	2025-07-23 12:38:41.095247+00	Ayollar uchun charm kurtka	214	12121102	1	2		1	1
215	2025-07-23 11:20:06.856623+00	2025-07-23 12:38:41.09759+00	Qiz bolalar uchun qishki kurtka	215	12131124	1	2		1	1
216	2025-07-23 11:20:06.85964+00	2025-07-23 12:38:41.09994+00	Qiz bolalar uchun yengil mavsumiy kurtka	216	12131126	1	2		1	1
217	2025-07-23 11:20:06.86269+00	2025-07-23 12:38:41.102275+00	Ayollar uchun shuba, kalta shuba	217	12121103	1	2		1	1
218	2025-07-23 11:20:06.867188+00	2025-07-23 12:38:41.106511+00	Ayollar uchun plash	218	12121109	1	2		1	1
219	2025-07-23 11:20:06.870038+00	2025-07-23 12:38:41.108793+00	Qiz bolalar uchun plash	219	12131127	1	2		1	1
221	2025-07-23 11:20:06.878214+00	2025-07-23 12:38:41.113241+00	Ayollar uchun kostyum (yubka yoki shim bilan birga)	221	12122112	1	10		1	1
222	2025-07-23 11:20:06.881272+00	2025-07-23 12:38:41.115533+00	Ayollar uchun koylaklar	222	12124116	1	2		1	1
223	2025-07-23 11:20:06.884417+00	2025-07-23 12:38:41.117844+00	Qiz bolalar uchun koylaklar	223	12134128	1	2		1	1
224	2025-07-23 11:20:06.889381+00	2025-07-23 12:38:41.120302+00	Ayollar uchun pidjaklar	224	12141135	1	2		1	1
225	2025-07-23 11:20:06.892337+00	2025-07-23 12:38:41.122709+00	Ayollar uchun sviterlar, jemperlar, puloverlar	225	12141134	1	2		1	1
226	2025-07-23 11:20:06.895532+00	2025-07-23 12:38:41.125141+00	Qiz bolalar uchun sviterlar, jemperlar, puloverlar	226	12141136	1	2		1	1
227	2025-07-23 11:20:06.898652+00	2025-07-23 12:38:41.127427+00	Ayollar uchun shimlar, djinsi shimlar	227	12121110	1	2		1	1
228	2025-07-23 11:20:06.901776+00	2025-07-23 12:38:41.129835+00	Qiz bolalar uchun shimlar, djinsi shimlar	228	12132125	1	2		1	1
229	2025-07-23 11:20:06.904677+00	2025-07-23 12:38:41.132178+00	Ayollar uchun trikolar, gamashlar, losinalar	229	12124115	1	2		1	1
230	2025-07-23 11:20:06.909334+00	2025-07-23 12:38:41.13453+00	Qiz bolalar uchun trikolar, gamashlar, losinalar	230	12132130	1	2		1	1
231	2025-07-23 11:20:06.912186+00	2025-07-23 12:38:41.136878+00	Ayollar uchun yubkalar	231	12123113	1	2		1	1
232	2025-07-23 11:20:06.915022+00	2025-07-23 12:38:41.139338+00	Ayollar uchun sorochkalar, bluzkalar	232	12124114	1	2		1	1
233	2025-07-23 11:20:06.917968+00	2025-07-23 12:38:41.14171+00	Qiz bolalar uchun yubkalar	233	12132128	1	2		1	1
234	2025-07-23 11:20:06.92089+00	2025-07-23 12:38:41.144049+00	Qiz bolalar uchun sorochkalar, bluzkalar	234	12132129	1	2		1	1
235	2025-07-23 11:20:06.925484+00	2025-07-23 12:38:41.146331+00	Ayollar uchun xalatlar, pijamalar	235	12124117	1	2		1	1
236	2025-07-23 11:20:06.928291+00	2025-07-23 12:38:41.150275+00	Qiz bolalar uchun xalatlar, pijamalar	236	12134129	1	2		1	1
237	2025-07-23 11:20:06.931074+00	2025-07-23 12:38:41.152548+00	Ayollar uchun maykalar	237	12124118	1	2		1	1
238	2025-07-23 11:20:06.933977+00	2025-07-23 12:38:41.155021+00	Ayollar uchun trusiklar, pantalonlar	238	12144141	1	2		1	1
239	2025-07-23 11:20:06.936816+00	2025-07-23 12:38:41.158069+00	Ayollar uchun byustgalterlar	239	12128121	1	2		1	1
240	2025-07-23 11:20:06.939667+00	2025-07-23 12:38:41.160504+00	Ayollar uchun tungi koylaklar	240	12126119	1	2		1	1
241	2025-07-23 11:20:06.944379+00	2025-07-23 12:38:41.163189+00	Ayollar uchun futbolkalar	241	12124119	1	2		1	1
242	2025-07-23 11:20:06.947312+00	2025-07-23 12:38:41.165785+00	Ayollar uchun ich kiyim komplekti	242	12124120	1	2		1	1
243	2025-07-23 11:20:06.950175+00	2025-07-23 12:38:41.168364+00	Ayollar uchun kolgotkalar, chulki-paypoq mahsulotlari	243	12127120	1	2		1	1
244	2025-07-23 11:20:06.953216+00	2025-07-23 12:38:41.170962+00	Qiz bolalar uchun maykalar	244	12143139	1	2		1	1
245	2025-07-23 11:20:06.955899+00	2025-07-23 12:38:41.173497+00	Qiz bolalar uchun trusiklar, pantalonlar	245	12141138	1	2		1	1
246	2025-07-23 11:20:06.958679+00	2025-07-23 12:38:41.177181+00	Qiz bolalar futbolkalar	246	12141137	1	2		1	1
247	2025-07-23 11:20:06.963365+00	2025-07-23 12:38:41.181354+00	Qiz bolalar uchun paypoq, kolgotka, chulki-paypoq mahsulotlari	247	12135130	1	11		1	1
248	2025-07-23 11:20:06.966267+00	2025-07-23 12:38:41.185212+00	Ayollar uchun sport kostyumi	248	12128122	1	10		1	1
249	2025-07-23 11:20:06.969185+00	2025-07-23 12:38:41.188614+00	Qiz bolalar uchun sport kostyumi	249	12132126	1	10		1	1
250	2025-07-23 11:20:06.972296+00	2025-07-23 12:38:41.192286+00	Yorgaklar	250	12135136	1	2		1	1
251	2025-07-23 11:20:06.975254+00	2025-07-23 12:38:41.195472+00	Godaklar uchun issiq kombinezonlar, kurtkalar	251	12135133	1	2		1	1
252	2025-07-23 11:20:06.978137+00	2025-07-23 12:38:41.19843+00	Godaklar uchun ich kiyimlar, chulki-paypoq mahsulotlari	252	12135135	1	2		1	1
253	2025-07-23 11:20:06.983176+00	2025-07-23 12:38:41.201643+00	Shlyapalar, kepkalar, doppilar	253	12118107	1	2		1	1
254	2025-07-23 11:20:06.988389+00	2025-07-23 12:38:41.204532+00	Trikotaj shapkalar	254	12118109	1	2		1	1
255	2025-07-23 11:20:06.993831+00	2025-07-23 12:38:41.207036+00	Erkaklar uchun moynali shapkalar	255	12118106	1	2		1	1
256	2025-07-23 11:20:06.997854+00	2025-07-23 12:38:41.209837+00	Ayollar uchun moynali shapkalar	256	12118108	1	2		1	1
258	2025-07-23 11:20:07.0069+00	2025-07-23 12:38:41.21681+00	Qolqoplar, varejkalar	258	12129122	1	11		1	1
260	2025-07-23 11:20:07.013941+00	2025-07-23 12:38:41.223582+00	Galstuklar va kapalaknusxa galstuklar	260	12304155	1	2		1	1
261	2025-07-23 11:20:07.017506+00	2025-07-23 12:38:41.226415+00	Dastromollar	261	12304159	1	2		1	1
262	2025-07-23 11:20:07.020513+00	2025-07-23 12:38:41.230392+00	Iplar	262	12311001	1	12		1	1
263	2025-07-23 11:20:07.02356+00	2025-07-23 12:38:41.233444+00	Yigirilgan iplar	263	12206148	100	1		1	1
264	2025-07-23 11:20:07.026474+00	2025-07-23 12:38:41.236355+00	Erkaklar uchun issiq etiklar va botinkalar	264	12411153	1	11		1	1
265	2025-07-23 11:20:07.031275+00	2025-07-23 12:38:41.239132+00	Erkaklar uchun yengil (demisezon) etiklar va botinkalar	265	12411154	1	11		1	1
266	2025-07-23 11:20:07.034412+00	2025-07-23 12:38:41.242216+00	Erkaklar uchun tuflilar	266	12414156	1	11		1	1
267	2025-07-23 11:20:07.037193+00	2025-07-23 12:38:41.245096+00	Erkaklar uchun bosonojkalar, sandallar, sandaletlar	267	12414157	1	11		1	1
268	2025-07-23 11:20:07.040203+00	2025-07-23 12:38:41.247807+00	Erkaklar uchun krossovkalar va shu kabi poyafzallar	268	12413155	1	11		1	1
269	2025-07-23 11:20:07.043207+00	2025-07-23 12:38:41.250398+00	Erkaklar uchun uyda kiyiladigan poyafzal	269	12415157	1	11		1	1
270	2025-07-23 11:20:07.047863+00	2025-07-23 12:38:41.253305+00	Kalishlar	270	12441001	1	11		1	1
271	2025-07-23 11:20:07.050563+00	2025-07-23 12:38:41.255872+00	Ayollar uchun issiq etiklar va botinkalar	271	12421159	1	11		1	1
272	2025-07-23 11:20:07.053332+00	2025-07-23 12:38:41.26013+00	Ayollar uchun yengil (demisezon) etiklar va botinkalar	272	12421160	1	11		1	1
273	2025-07-23 11:20:07.058246+00	2025-07-23 12:38:41.263027+00	Ayollar uchun tuflilar	273	12422161	1	11		1	1
274	2025-07-23 11:20:07.063387+00	2025-07-23 12:38:41.265594+00	Ayollar uchun bosonojkalar, sandallar, sandaletlar	274	12423165	1	11		1	1
275	2025-07-23 11:20:07.067665+00	2025-07-23 12:38:41.268209+00	Ayollar uchun krossovkalar va shu kabi poyafzallar	275	12422163	1	11		1	1
276	2025-07-23 11:20:07.073377+00	2025-07-23 12:38:41.271313+00	Ayollar uchun uyda kiyiladigan poyafzal	276	12423164	1	11		1	1
277	2025-07-23 11:20:07.076965+00	2025-07-23 12:38:41.273876+00	Ogil bolalar uchun etiklar, botinkalar	277	12431165	1	11		1	1
278	2025-07-23 11:20:07.080686+00	2025-07-23 12:38:41.276494+00	Qiz bolalar uchun etiklar, botinkalar	278	12431166	1	11		1	1
279	2025-07-23 11:20:07.084669+00	2025-07-23 12:38:41.279075+00	Ogil bolalar uchun tuflilar	279	12433168	1	11		1	1
280	2025-07-23 11:20:07.087821+00	2025-07-23 12:38:41.281599+00	Qiz bolalar uchun tuflilar	280	12433169	1	11		1	1
282	2025-07-23 11:20:07.095728+00	2025-07-23 12:38:41.286707+00	Qiz bolalar uchun bosonojkalar, sandallar, sandaletlar	282	12433171	1	11		1	1
283	2025-07-23 11:20:07.098866+00	2025-07-23 12:38:41.289245+00	Yosh bolalar uchun krossovkalar va shu kabi poyafzallar	283	12434170	1	11		1	1
284	2025-07-23 11:20:07.101994+00	2025-07-23 12:38:41.292112+00	Yosh bolalar uchun uyda kiyiladigan poyafzal	284	12435171	1	11		1	1
285	2025-07-23 11:20:07.105207+00	2025-07-23 12:38:41.294655+00	Sement	285	12504178	1000	1		1	1
286	2025-07-23 11:20:07.108088+00	2025-07-23 12:38:41.297062+00	Metall quvurlar, otvodlar, sgonlar, muftalar	286	12504186	1	2		1	1
287	2025-07-23 11:20:07.112497+00	2025-07-23 12:38:41.299413+00	Plastmassadan yasalgan quvurlar, sgonlar, muftalar	287	12504187	1	2		1	1
288	2025-07-23 11:20:07.115221+00	2025-07-23 12:38:41.301748+00	Qurilish uchun quruq qorishmalar (Shpaklevka, alebastr)	288	12504179	1000	1		1	1
289	2025-07-23 11:20:07.118088+00	2025-07-23 12:38:41.305785+00	Barcha turdagi boyoqlar	289	12504175	1000	1		1	1
290	2025-07-23 11:20:07.120836+00	2025-07-23 12:38:41.308112+00	Barcha turdagi laklar	290	12504176	1000	1		1	1
291	2025-07-23 11:20:07.123535+00	2025-07-23 12:38:41.310616+00	Suyultirgichlar, erituvchi suyuqlik	291	12504183	1000	3		1	1
292	2025-07-23 11:20:07.126294+00	2025-07-23 12:38:41.313341+00	Barcha turdagi  yelimlar	292	12504184	1000	1		1	1
293	2025-07-23 11:20:07.13111+00	2025-07-23 12:38:41.315777+00	Gulqogozlar, devorlar uchun barcha turdagi plenkalar	293	12502173	10	13		1	1
294	2025-07-23 11:20:07.133854+00	2025-07-23 12:38:41.318217+00	Faner, DSP, press-karton, orgalit plitalar,  mebel shchitlari, shpon	294	12502174	1	14		1	1
295	2025-07-23 11:20:07.136848+00	2025-07-23 12:38:41.320656+00	Reykalar, plintuslar, shtapiklar	295	12502175	1	9		1	1
296	2025-07-23 11:20:07.141384+00	2025-07-23 12:38:41.323473+00	Eshik va derazalar uchun ilgaklar, tutqichlar, naveslar, eshik va derazalar uchun qulflar, kalitlar va boshqa furnitura	296	12502176	1	2		1	1
297	2025-07-23 11:20:07.144294+00	2025-07-23 12:38:41.325962+00	Sirt qoplash uchun kafel, keramik plitkalar	297	12504181	1	14		1	1
298	2025-07-23 11:20:07.147251+00	2025-07-23 12:38:41.329424+00	Linoleum, plastik plitalar	298	12504182	1	14		1	1
299	2025-07-23 11:20:07.150497+00	2025-07-23 12:38:41.333381+00	Deraza oynasi	299	12504177	1	14		1	1
300	2025-07-23 11:20:07.154822+00	2025-07-23 12:38:41.33728+00	Jomraklar, aralashtirgichlar, ventillar va ularning detallari	300	12504185	1	2		1	1
301	2025-07-23 11:20:07.162093+00	2025-07-23 12:38:41.340592+00	Komir	301	12915213	1000	1		1	1
302	2025-07-23 11:20:07.167406+00	2025-07-23 12:38:41.343599+00	Mehmonxona va yemakxonalar uchun mebellar toplami	302	12603179	1	10		1	1
303	2025-07-23 11:20:07.171671+00	2025-07-23 12:38:41.347277+00	Yotoqxona uchun mebellar toplami	303	12604179	1	10		1	1
304	2025-07-23 11:20:07.175928+00	2025-07-23 12:38:41.350023+00	Oshxona uchun mebellar toplami	304	12602177	1	10		1	1
305	2025-07-23 11:20:07.179456+00	2025-07-23 12:38:41.352441+00	Yumshoq mebellar toplami	305	12605180	1	10		1	1
306	2025-07-23 11:20:07.182867+00	2025-07-23 12:38:41.354881+00	Stenkalar, servantlar, gorkalar	306	12606181	1	10		1	1
307	2025-07-23 11:20:07.188038+00	2025-07-23 12:38:41.357394+00	Shkaflar	307	12607183	1	2		1	1
308	2025-07-23 11:20:07.191382+00	2025-07-23 12:38:41.360026+00	Stollar	308	12601176	1	2		1	1
309	2025-07-23 11:20:07.194831+00	2025-07-23 12:38:41.365806+00	Stullar	309	12603178	1	2		1	1
310	2025-07-23 11:20:07.198034+00	2025-07-23 12:38:41.370322+00	Krovatlar	310	12607182	1	2		1	1
311	2025-07-23 11:20:07.201158+00	2025-07-23 12:38:41.374445+00	Yoritish uskunalari	311	12713195	1	2		1	1
312	2025-07-23 11:20:07.204217+00	2025-07-23 12:38:41.378557+00	Jun va yarim jun gilamlar	312	12611183	1	14		1	1
313	2025-07-23 11:20:07.216721+00	2025-07-23 12:38:41.381622+00	Sintetik paloslar	313	12612184	1	14		1	1
314	2025-07-23 11:20:07.220078+00	2025-07-23 12:38:41.384775+00	Kozgular	314	12956241	1	2		1	1
315	2025-07-23 11:20:07.224617+00	2025-07-23 12:38:41.387815+00	Jalyuzalar	315	12956242	1	14		1	1
317	2025-07-23 11:20:07.235393+00	2025-07-23 12:38:41.393542+00	Tyul va gardinabop tyul mahsulotlari	317	12704190	1	9		1	1
318	2025-07-23 11:20:07.240145+00	2025-07-23 12:38:41.39633+00	Korpa-toshak toplami	318	12701185	1	10		1	1
320	2025-07-23 11:20:07.250063+00	2025-07-23 12:38:41.401858+00	Dasturxonlar	320	12704191	1	2		1	1
321	2025-07-23 11:20:07.253648+00	2025-07-23 12:38:41.404815+00	Sochiqlar	321	12703189	1	2		1	1
322	2025-07-23 11:20:07.257272+00	2025-07-23 12:38:41.407555+00	Yirik oshxona priborlari	322	12711191	1	2		1	1
323	2025-07-23 11:20:07.260462+00	2025-07-23 12:38:41.410494+00	Kir yuvish va quritish uchun yirik priborlar	323	12711192	1	2		1	1
324	2025-07-23 11:20:07.263626+00	2025-07-23 12:38:41.415347+00	Isitgichlar, konditsionerlar	324	12714199	1	2		1	1
325	2025-07-23 11:20:07.270052+00	2025-07-23 12:38:41.418712+00	Chang yutkichlar	325	12711193	1	2		1	1
326	2025-07-23 11:20:07.273601+00	2025-07-23 12:38:41.421991+00	Ovqat tayyorlash va oziq-ovqat mahsulotlariga ishlov berish uchun kichik priborlar	326	12711196	1	2		1	1
327	2025-07-23 11:20:07.277106+00	2025-07-23 12:38:41.424944+00	Ichimliklar tayyorlash uchun kichik priborlar	327	12712195	1	2		1	1
328	2025-07-23 11:20:07.280426+00	2025-07-23 12:38:41.427849+00	Kichik maishiy priborlar	328	12712194	1	2		1	1
329	2025-07-23 11:20:07.283697+00	2025-07-23 12:38:41.430472+00	Shisha idishlar	329	12723200	1	2		1	1
330	2025-07-23 11:20:07.286969+00	2025-07-23 12:38:41.432986+00	Chinni va fayans idishlar	330	12721197	1	2		1	1
331	2025-07-23 11:20:07.291746+00	2025-07-23 12:38:41.435498+00	Zanglamaydigan polatdan ishlangan ovqatlanish uchun priborlar	331	12724201	1	2		1	1
332	2025-07-23 11:20:07.29665+00	2025-07-23 12:38:41.438034+00	Kastryullar	332	12722198	1	2		1	1
333	2025-07-23 11:20:07.30164+00	2025-07-23 12:38:41.440424+00	Qozonlar	333	12722199	1	2		1	1
334	2025-07-23 11:20:07.3067+00	2025-07-23 12:38:41.442883+00	Tovalar	334	12722200	1	2		1	1
335	2025-07-23 11:20:07.310929+00	2025-07-23 12:38:41.445428+00	Choynak	335	12712196	1	2		1	1
336	2025-07-23 11:20:07.314723+00	2025-07-23 12:38:41.448275+00	Belkuraklar, ketmonlar, panshaxalar, xaskashlar	336	12981001	1	2		1	1
337	2025-07-23 11:20:07.320151+00	2025-07-23 12:38:41.450608+00	Bolgalar, teshalar, boltalar, iskanalar	337	12981002	1	2		1	1
338	2025-07-23 11:20:07.323512+00	2025-07-23 12:38:41.452793+00	Otvyortkalar, ombirlar, qisqichlar va boshqalar	338	12981003	1	2		1	1
339	2025-07-23 11:20:07.326848+00	2025-07-23 12:38:41.455053+00	Karnizlar	339	12714200	1	9		1	1
340	2025-07-23 11:20:07.330187+00	2025-07-23 12:38:41.457259+00	Elektr lampochkalar	340	12714196	1	2		1	1
341	2025-07-23 11:20:07.334836+00	2025-07-23 12:38:41.459431+00	Elektr batareykalar	341	12714198	1	2		1	1
342	2025-07-23 11:20:07.340177+00	2025-07-23 12:38:41.462356+00	Xojalik sovuni	342	12801202	300	1		1	1
343	2025-07-23 11:20:07.346423+00	2025-07-23 12:38:41.464484+00	Kir yuvish kukuni	343	12802203	1000	1		1	1
344	2025-07-23 11:20:07.350792+00	2025-07-23 12:38:41.466771+00	Tozalash vositalari	344	12802204	500	1		1	1
346	2025-07-23 11:20:07.359346+00	2025-07-23 12:38:41.472843+00	Mixlar, shuruplar, boltlar, strubtsinalar va shu kabi  mayda-chuyda metall buyumlar	346	12502177	1000	1		1	1
347	2025-07-23 11:20:07.362827+00	2025-07-23 12:38:41.475588+00	Yelimli chelak	347	12502178	1	2		1	1
348	2025-07-23 11:20:07.368068+00	2025-07-23 12:38:41.477893+00	Gugurt	348	12971001	1	4		1	1
349	2025-07-23 11:20:07.371359+00	2025-07-23 12:38:41.480262+00	Igna, tognogich, spitsa va shu kabi buyumlar	349	12971002	1	2		1	1
350	2025-07-23 11:20:07.375084+00	2025-07-23 12:38:41.482583+00	Vitaminlar	350	12902205	10	15		1	1
351	2025-07-23 11:20:07.378368+00	2025-07-23 12:38:41.485206+00	Antibiotiklar	351	12901204	10	15		1	1
352	2025-07-23 11:20:07.38152+00	2025-07-23 12:38:41.487467+00	Antigistamin preparatlar	352	12901205	10	15		1	1
353	2025-07-23 11:20:07.385+00	2025-07-23 12:38:41.489922+00	Tomir kengaytiruvchi preparatlar	353	12904206	10	15		1	1
354	2025-07-23 11:20:07.388351+00	2025-07-23 12:38:41.492108+00	Shamollashga qarshi dori vositalari	354	12905207	10	15		1	1
355	2025-07-23 11:20:07.393367+00	2025-07-23 12:38:41.494476+00	Antiseptik dori vositalari	355	12906208	1	2		1	1
356	2025-07-23 11:20:07.396477+00	2025-07-23 12:38:41.496765+00	Tibbiyot diagnostika mahsulotlari	356	12906210	1	2		1	1
357	2025-07-23 11:20:07.39953+00	2025-07-23 12:38:41.499069+00	Tibbiyot maskalari va perchatkalari	357	12906213	1	2		1	1
358	2025-07-23 11:20:07.402548+00	2025-07-23 12:38:41.501536+00	Shpritslar	358	12906212	1	2		1	1
359	2025-07-23 11:20:07.405507+00	2025-07-23 12:38:41.504038+00	Bintlar va shu kabi yara boglash materiallari	359	12906209	1	2		1	1
360	2025-07-23 11:20:07.410311+00	2025-07-23 12:38:41.508346+00	Koz uchun yordamchi mahsulotlar	360	12906211	1	2		1	1
361	2025-07-23 11:20:07.415611+00	2025-07-23 12:38:41.510596+00	Yengil avtomobillar	361	12911209	1	2		1	1
362	2025-07-23 11:20:07.418744+00	2025-07-23 12:38:41.512991+00	Velosipedlar	362	12912210	1	2		1	1
363	2025-07-23 11:20:07.422383+00	2025-07-23 12:38:41.515407+00	Shinalar	363	12913202	1	2		1	1
364	2025-07-23 11:20:07.42599+00	2025-07-23 12:38:41.518102+00	Ot oldirish svechasi	364	12913203	1	10		1	1
365	2025-07-23 11:20:07.4295+00	2025-07-23 12:38:41.520618+00	Akkumulyator	365	12913201	1	2		1	1
366	2025-07-23 11:20:07.432838+00	2025-07-23 12:38:41.522988+00	Benzin	366	12914202	1000	16		1	1
367	2025-07-23 11:20:07.437898+00	2025-07-23 12:38:41.526586+00	Shaxsiy transport vositalari uchun propan	367	12914203	1000	16		1	1
368	2025-07-23 11:20:07.440714+00	2025-07-23 12:38:41.530632+00	Shaxsiy transport vositalari uchun metan	368	12914204	1	17		1	1
369	2025-07-23 11:20:07.443686+00	2025-07-23 12:38:41.534598+00	Motor moylari, jumladan avtol	369	12913204	1000	3		1	1
370	2025-07-23 11:20:07.446553+00	2025-07-23 12:38:41.538268+00	Tormoz suyuqligi, ulovchi mexanizm uchun suyuqlik	370	12913205	1000	3		1	1
371	2025-07-23 11:20:07.449506+00	2025-07-23 12:38:41.541854+00	Sovituvchi suyuqliklar va qoshimchalar	371	12913206	1000	3		1	1
372	2025-07-23 11:20:07.452457+00	2025-07-23 12:38:41.544951+00	Mustahkam ornatilgan (turgun) telefon uskunalari	372	12991002	1	2		1	1
373	2025-07-23 11:20:07.457469+00	2025-07-23 12:38:41.547996+00	Mobil telefon uskunalari	373	12991001	1	2		1	1
374	2025-07-23 11:20:07.460451+00	2025-07-23 12:38:41.551038+00	Noutbuk	374	13911002	1	2		1	1
375	2025-07-23 11:20:07.463657+00	2025-07-23 12:38:41.553619+00	Kompyuterlar va planshetlar	375	13911004	1	2		1	1
376	2025-07-23 11:20:07.466774+00	2025-07-23 12:38:41.556107+00	Periferik uskunalar va ularning sarflash komponentlari	376	13911001	1	2		1	1
377	2025-07-23 11:20:07.469836+00	2025-07-23 12:38:41.558691+00	Televizor	377	12921214	1	2		1	1
379	2025-07-23 11:20:07.477673+00	2025-07-23 12:38:41.566577+00	Yumshoq oyinchoqlar	379	12926002	1	2		1	1
380	2025-07-23 11:20:07.480597+00	2025-07-23 12:38:41.570591+00	Uch gildirakli velosipedlar, samokatlar, pedalli avtomobillar va shu kabi gildirakli oyinchoqlar	380	12924220	1	2		1	1
382	2025-07-23 11:20:07.486706+00	2025-07-23 12:38:41.577832+00	Sport uchun jihozlar	382	12924219	1	2		1	1
383	2025-07-23 11:20:07.489747+00	2025-07-23 12:38:41.581185+00	Ryukzaklar	383	12304158	1	2		1	1
384	2025-07-23 11:20:07.494639+00	2025-07-23 12:38:41.584176+00	Gul tuvaklar	384	12981004	1	2		1	1
385	2025-07-23 11:20:07.49759+00	2025-07-23 12:38:41.586997+00	Tabiiy gullar	385	12981005	1	2		1	1
386	2025-07-23 11:20:07.500601+00	2025-07-23 12:38:41.589776+00	Kitob (sanalganda 300 v. atrofida)	386	12934225	1	2		1	1
387	2025-07-23 11:20:07.503726+00	2025-07-23 12:38:41.592774+00	Har hafta chiqadigan gazetalar (chakana sotuvda)	387	12932223	1	2		1	1
388	2025-07-23 11:20:07.506767+00	2025-07-23 12:38:41.595635+00	Har oy chiqadigan jurnallar (chakana sotuvda)	388	12933224	1	2		1	1
389	2025-07-23 11:20:07.509853+00	2025-07-23 12:38:41.598522+00	Maktab daftari	389	12941226	1	2		1	1
390	2025-07-23 11:20:07.514628+00	2025-07-23 12:38:41.601173+00	A4 formatdagi qogoz	390	12943233	1	18		1	1
391	2025-07-23 11:20:07.517633+00	2025-07-23 12:38:41.603717+00	Rasm daftari	391	12943229	1	2		1	1
392	2025-07-23 11:20:07.520709+00	2025-07-23 12:38:41.606177+00	Sharikli ruchka	392	12942227	1	2		1	1
393	2025-07-23 11:20:07.523848+00	2025-07-23 12:38:41.608644+00	Rangli qalamlar	393	12943228	1	2		1	1
394	2025-07-23 11:20:07.526699+00	2025-07-23 12:38:41.612787+00	Flomasterlar toplami	394	12943232	1	19		1	1
395	2025-07-23 11:20:07.529648+00	2025-07-23 12:38:41.615283+00	Rassomlar uchun boyoqlar	395	12943230	1	19		1	1
396	2025-07-23 11:20:07.538111+00	2025-07-23 12:38:41.617867+00	Daftarlar, kitoblar, hujjatlar uchun muqova (jild)	396	12943234	1	2		1	1
397	2025-07-23 11:20:07.541313+00	2025-07-23 12:38:41.620459+00	Yelim	397	12943231	1	2		1	1
398	2025-07-23 11:20:07.54448+00	2025-07-23 12:38:41.623023+00	Fenlar	398	12714197	1	2		1	1
399	2025-07-23 11:20:07.547889+00	2025-07-23 12:38:41.625427+00	Ustara, soqol olish uchun lezviya	399	12303151	1	2		1	1
400	2025-07-23 11:20:07.551357+00	2025-07-23 12:38:41.627773+00	Tish chotkalari	400	12304152	1	2		1	1
401	2025-07-23 11:20:07.554688+00	2025-07-23 12:38:41.630312+00	Tish pastalari	401	12952230	75	1		1	1
402	2025-07-23 11:20:07.559643+00	2025-07-23 12:38:41.632751+00	Tualet qogozi	402	12957236	1	2		1	1
403	2025-07-23 11:20:07.562761+00	2025-07-23 12:38:41.635127+00	Soch uchun shampunlar	403	12951229	250	1		1	1
404	2025-07-23 11:20:07.565874+00	2025-07-23 12:38:41.637341+00	Soch uchun boyoqlar	404	12957238	1	2		1	1
405	2025-07-23 11:20:07.568984+00	2025-07-23 12:38:41.639662+00	Atir sovun	405	12953231	150	1		1	1
406	2025-07-23 11:20:07.572071+00	2025-07-23 12:38:41.642037+00	Soqol olish uchun kopik, krem, gel	406	12957239	1	20		1	1
407	2025-07-23 11:20:07.575103+00	2025-07-23 12:38:41.644326+00	Atir, pardoz suvi, odekolon	407	12954232	1	20		1	1
408	2025-07-23 11:20:07.580013+00	2025-07-23 12:38:41.646632+00	Dezodorant	408	12956234	1	20		1	1
409	2025-07-23 11:20:07.583088+00	2025-07-23 12:38:41.648866+00	Upa	409	12956240	1	2		1	1
410	2025-07-23 11:20:07.586+00	2025-07-23 12:38:41.651211+00	Lab boyogi	410	12957235	1	2		1	1
411	2025-07-23 11:20:07.588989+00	2025-07-23 12:38:41.653423+00	Bolalar uchun tagliklar	411	12957237	1	2		1	1
412	2025-07-23 11:20:07.591953+00	2025-07-23 12:38:41.655728+00	Qol va yuz uchun kremlar	412	12955233	1	21		1	1
414	2025-07-23 11:20:07.599439+00	2025-07-23 12:38:41.663558+00	Qimmatbaho metallardan yasalgan nikoh uzuklari	414	12321001	1	1		1	1
415	2025-07-23 11:20:07.602458+00	2025-07-23 12:38:41.666083+00	Ayollar sumkalari	415	12302150	1	2		1	1
416	2025-07-23 11:20:07.605475+00	2025-07-23 12:38:41.668807+00	Oquvchilar sumkalari, jumladan portfellar, ranetslar, ryukzaklar	416	12304153	1	2		1	1
417	2025-07-23 11:20:07.608575+00	2025-07-23 12:38:41.671476+00	Chemodanlar va yol sumkalari	417	12304154	1	2		1	1
418	2025-07-23 11:20:07.611654+00	2025-07-23 12:38:41.674187+00	Bolalar aravachalari	418	12925221	1	2		1	1
419	2025-07-23 11:20:07.616454+00	2025-07-23 12:38:41.676728+00	Quyoshdan saqlaydigan kozoynaklar	419	12304160	1	2		1	1
420	2025-07-23 11:20:07.619452+00	2025-07-23 12:38:41.679395+00	Yomgirdan va quyoshdan saqlovchi soyabonlar	420	12304157	1	2		1	1
421	2025-07-23 11:20:07.622567+00	2025-07-23 12:38:41.682087+00	Kimyoviy tozalash xizmatlari	421	21022243	1	22		1	1
422	2025-07-23 11:20:07.625599+00	2025-07-23 12:38:41.684709+00	Kiyim tikish	422	21011239	1	22		1	1
423	2025-07-23 11:20:07.628524+00	2025-07-23 12:38:41.687362+00	Kiyimlarni tamirlash	423	21012240	1	22		1	1
424	2025-07-23 11:20:07.631693+00	2025-07-23 12:38:41.689853+00	Kiyimlarni ijaraga berish	424	21011240	1	22		1	1
425	2025-07-23 11:20:07.636595+00	2025-07-23 12:38:41.692579+00	Poyafzal tamirlash	425	21051243	1	22		1	1
426	2025-07-23 11:20:07.639534+00	2025-07-23 12:38:41.695576+00	Kvartirani ijaraga olgan shaxslar tomonidan asosiy turar joy uchun tolanadigan amaldagi ijara xaqi	426	29101293	1	23		1	1
427	2025-07-23 11:20:07.64303+00	2025-07-23 12:38:41.69975+00	Slesarlar va santexniklarning xizmatlari	427	21051244	1	22		1	1
428	2025-07-23 11:20:07.645963+00	2025-07-23 12:38:41.703805+00	Elektriklarning xizmatlari	428	21051245	1	22		1	1
429	2025-07-23 11:20:07.648649+00	2025-07-23 12:38:41.707647+00	Boyash ishlari	429	21051246	1	22		1	1
430	2025-07-23 11:20:07.652017+00	2025-07-23 12:38:41.71066+00	Sovuq suv va kanalizatsiya uchun haq tolash	430	22101259	1	17		1	1
431	2025-07-23 11:20:07.657018+00	2025-07-23 12:38:41.714025+00	Maishiy chiqindi uchun haq tolash	431	22203266	1	24		1	1
432	2025-07-23 11:20:07.661083+00	2025-07-23 12:38:41.716983+00	Kop xonadonli uylarda korsatilgan xizmatlarga xaq tolash	432	22001258	1	14		1	1
433	2025-07-23 11:20:07.663998+00	2025-07-23 12:38:41.721417+00	Elektr energiyasi uchun haq tolash	433	22201262	1	25		1	1
434	2025-07-23 11:20:07.66702+00	2025-07-23 12:38:41.724192+00	Tarmoq gaz uchun haq tolash	434	22202263	1	26		1	1
435	2025-07-23 11:20:07.670031+00	2025-07-23 12:38:41.726955+00	Suyultirilgan gaz uchun haq tolash	435	22202264	1000	1		1	1
436	2025-07-23 11:20:07.674789+00	2025-07-23 12:38:41.729637+00	Issiq suv taminoti uchun xaq tolash	436	22103261	1	26		1	1
437	2025-07-23 11:20:07.677644+00	2025-07-23 12:38:41.732602+00	Markaziy isitish uchun haq tolash	437	22203265	1	14		1	1
438	2025-07-23 11:20:07.681207+00	2025-07-23 12:38:41.735781+00	Mebellarni, uy-rozgor asboblarini va tukli gilamlarni tamirlash va ornatish	438	21071249	1	22		1	1
440	2025-07-23 11:20:07.687408+00	2025-07-23 12:38:41.744312+00	Maishiy priborlarni tamirlash va ornatish	440	21081250	1	22		1	1
441	2025-07-23 11:20:07.692117+00	2025-07-23 12:38:41.748268+00	Maishiy priborlarni ijaraga berish	441	21121254	1	27		1	1
442	2025-07-23 11:20:07.694895+00	2025-07-23 12:38:41.751548+00	Gilamlar va gilam mahsulotlarini yuvish va tozalash boyicha xizmatlar	442	21121255	1	14		1	1
444	2025-07-23 11:20:07.700958+00	2025-07-23 12:38:41.758179+00	Immunizatsiya boyicha xizmatlar	444	28101298	1	22		1	1
445	2025-07-23 11:20:07.703951+00	2025-07-23 12:38:41.761041+00	Davolovchi massaj	445	28101297	1	22		1	1
446	2025-07-23 11:20:07.706846+00	2025-07-23 12:38:41.763964+00	Stomatologik profilaktik xizmatlar	446	28101290	1	22		1	1
447	2025-07-23 11:20:07.711876+00	2025-07-23 12:38:41.767972+00	Ambulatoriyada davolash va reabilitatsiya xizmatlari	447	28101295	1	22		1	1
448	2025-07-23 11:20:07.717377+00	2025-07-23 12:38:41.770596+00	Statsionar davolash va reabilitatsiya xizmatlari	448	29201294	1	22		1	1
449	2025-07-23 11:20:07.720619+00	2025-07-23 12:38:41.773236+00	Tibbiyot laboratoriyalari xizmatlari	449	28102291	1	22		1	1
450	2025-07-23 11:20:07.723946+00	2025-07-23 12:38:41.775992+00	Diagnostika vizualizatsiyasi xizmatlari	450	28101296	1	22		1	1
451	2025-07-23 11:20:07.727197+00	2025-07-23 12:38:41.77866+00	Shaxsiy transport vositalarini yuvish boyicha xizmatlar	451	21021243	1	22		1	1
452	2025-07-23 11:20:07.730265+00	2025-07-23 12:38:41.781299+00	Shaxsiy transport vositalariga texnik xizmat korsatish va tamirlash	452	21091251	1	22		1	1
453	2025-07-23 11:20:07.735196+00	2025-07-23 12:38:41.783888+00	Avtomobil toxtash joylari xizmatlari	453	21021244	1	28		1	1
454	2025-07-23 11:20:07.73818+00	2025-07-23 12:38:41.786328+00	Haydovchilikka tayyorlash boyicha kurslar	454	26110003	1	29		1	1
455	2025-07-23 11:20:07.741295+00	2025-07-23 12:38:41.788844+00	Shahar atrofidagi poezdda yol haqi	455	23103271	1	30		1	1
456	2025-07-23 11:20:07.744513+00	2025-07-23 12:38:41.791347+00	Uzoq masofaga qatnaydigan poezdda yol haqi	456	23103272	1	30		1	1
457	2025-07-23 11:20:07.747864+00	2025-07-23 12:38:41.793794+00	Metroda yol haqi	457	23101269	1	30		1	1
458	2025-07-23 11:20:07.750896+00	2025-07-23 12:38:41.796257+00	Tramvayda yol haqi	458	23101270	1	30		1	1
459	2025-07-23 11:20:07.755587+00	2025-07-23 12:38:41.79866+00	Shaharlararo avtobusda yol haqi	459	23104273	1	30		1	1
460	2025-07-23 11:20:07.758534+00	2025-07-23 12:38:41.801048+00	Shahar avtobusida yol haqi	460	23101266	1	31		1	1
461	2025-07-23 11:20:07.761582+00	2025-07-23 12:38:41.803409+00	Trolleybusda yol haqi	461	23101267	1	30		1	1
462	2025-07-23 11:20:07.764765+00	2025-07-23 12:38:41.805984+00	Yonalishli taksida yol haqi	462	23102271	1	30		1	1
463	2025-07-23 11:20:07.767808+00	2025-07-23 12:38:41.808412+00	Taksida yol haqi	463	23102270	1	30		1	1
464	2025-07-23 11:20:07.7708+00	2025-07-23 12:38:41.810903+00	Ichki yolovchi havo transporti	464	23105274	1	30		1	1
465	2025-07-23 11:20:07.775737+00	2025-07-23 12:38:41.813328+00	Xalqaro yolovchi havo transporti	465	23105275	1	30		1	1
467	2025-07-23 11:20:07.781814+00	2025-07-23 12:38:41.820026+00	Tashish (kochish) va saqlash boyicha xizmatlar	467	21141256	1	22		1	1
468	2025-07-23 11:20:07.784864+00	2025-07-23 12:38:41.822417+00	Tayyor ovqatlarni yetkazib berish xizmati	468	21141258	1	22		1	1
469	2025-07-23 11:20:07.787975+00	2025-07-23 12:38:41.825013+00	Mustahkam ornatilgan (turgun) aloqa xizmatlari uchun telefon abonent tolovi	469	24102276	1	32		1	1
470	2025-07-23 11:20:07.792749+00	2025-07-23 12:38:41.827938+00	Mobil aloqa xizmatlari	470	24104279	1	33		1	1
471	2025-07-23 11:20:07.796013+00	2025-07-23 12:38:41.83072+00	Simli Internet uchun abonent tolovi	471	24104280	1	33		1	1
472	2025-07-23 11:20:07.799044+00	2025-07-23 12:38:41.833385+00	Mobil Internet uchun abonent tolovi	472	24104281	1	23		1	1
473	2025-07-23 11:20:07.80214+00	2025-07-23 12:38:41.835815+00	Kompleks telekommunikatsiya xizmatlari	473	24104282	1	23		1	1
474	2025-07-23 11:20:07.805252+00	2025-07-23 12:38:41.838202+00	Axborot va kommunikatsiya uskunalarini tamirlash	474	21091252	1	22		1	1
475	2025-07-23 11:20:07.808516+00	2025-07-23 12:38:41.840527+00	Video-fotosurat xizmatlari	475	21111254	1	22		1	1
476	2025-07-23 11:20:07.813285+00	2025-07-23 12:38:41.842878+00	Uy hayvonlari uchun veterinariya va boshqa xizmatlar	476	31000101	1	22		1	1
477	2025-07-23 11:20:07.817532+00	2025-07-23 12:38:41.845313+00	Madaniyat va istirohat boglari xizmatlari	477	27102289	1	34		1	1
478	2025-07-23 11:20:07.820437+00	2025-07-23 12:38:41.847614+00	Sport tadbirlarini tashkil etish boyicha xizmatlar	478	26220001	1	23		1	1
479	2025-07-23 11:20:07.823693+00	2025-07-23 12:38:41.849957+00	Kinoteatrlarning xizmatlari	479	25102280	1	34		1	1
480	2025-07-23 11:20:07.826848+00	2025-07-23 12:38:41.852324+00	Teatrlarning xizmatlari	480	25103281	1	34		1	1
481	2025-07-23 11:20:07.829885+00	2025-07-23 12:38:41.854639+00	Kontsert zallarining xizmatlari	481	25104282	1	34		1	1
482	2025-07-23 11:20:07.834648+00	2025-07-23 12:38:41.856993+00	Muzeylarning xizmatlari	482	25105283	1	34		1	1
483	2025-07-23 11:20:07.837693+00	2025-07-23 12:38:41.859447+00	Hayvonot boglarining xizmatlari	483	25106284	1	34		1	1
484	2025-07-23 11:20:07.841139+00	2025-07-23 12:38:41.861764+00	Fotografiya (suratga olish) sohasidagi xizmatlar	484	21111253	1	22		1	1
485	2025-07-23 11:20:07.844164+00	2025-07-23 12:38:41.864078+00	Toy va boshqa tadbirlarni otkazish uchun joy ijarasiga haq tolash	485	21091253	1	27		1	1
486	2025-07-23 11:20:07.847125+00	2025-07-23 12:38:41.867889+00	Taklifnomalar va otkritkalar chop etish xizmatlari	486	21101253	1	2		1	1
487	2025-07-23 11:20:07.851753+00	2025-07-23 12:38:41.870278+00	Turistik sayohat	487	27102288	1	35		1	1
488	2025-07-23 11:20:07.854596+00	2025-07-23 12:38:41.872688+00	Davlat maktabgacha talim tashkiloti	488	26101285	1	36		1	1
489	2025-07-23 11:20:07.857559+00	2025-07-23 12:38:41.875207+00	Nodavlat (xususiy)  maktabgacha talim tashkiloti	489	26101286	1	36		1	1
490	2025-07-23 11:20:07.860419+00	2025-07-23 12:38:41.877797+00	Shartnoma asosida davlat OTM larida oqish	490	26110002	1	37		1	1
491	2025-07-23 11:20:07.86326+00	2025-07-23 12:38:41.880352+00	Shartnoma asosida nodavlat OTM larida oqish	491	26110004	1	37		1	1
492	2025-07-23 11:20:07.866176+00	2025-07-23 12:38:41.882788+00	Repetitorlik	492	26110005	1	38		1	1
493	2025-07-23 11:20:07.87086+00	2025-07-23 12:38:41.885221+00	Chet tili kurslarida va shu kabi kurslarda mashgulot	493	26110001	1	38		1	1
494	2025-07-23 11:20:07.873752+00	2025-07-23 12:38:41.887591+00	Otellar, motellar, mehmonxonalar va shu kabi mehmonxona xizmatlari	494	27103289	1	35		1	1
495	2025-07-23 11:20:07.876701+00	2025-07-23 12:38:41.889981+00	Dam olish markazlari, kempinglar, yoshlar yotoqxonalari va shu kabi mehmonxona xizmatlari	495	27101287	1	35		1	1
496	2025-07-23 11:20:07.87962+00	2025-07-23 12:38:41.892413+00	Shaxsiy transport vositalarini sugurtalash	496	30000101	1	22		1	1
497	2025-07-23 11:20:07.882479+00	2025-07-23 12:38:41.894796+00	Banklar kreditlarini sugurtalash	497	30000103	1	22		1	1
498	2025-07-23 11:20:07.88707+00	2025-07-23 12:38:41.89722+00	Bank muassasalari xizmatlari	498	29201293	1	22		1	1
499	2025-07-23 11:20:07.890001+00	2025-07-23 12:38:41.899665+00	Pul otkazmalari uchun xaq tolash	499	29201295	1	22		1	1
500	2025-07-23 11:20:07.89296+00	2025-07-23 12:38:41.902053+00	Elektron tolov tizimlari orqali pul vositalarini otkazish boyicha xizmatlar	500	29201296	1	22		1	1
1	2025-07-23 11:20:06.081194+00	2025-07-23 12:38:40.482132+00	Uzun boshoqli guruch	1	11111013	1000	1	product_category_logos/recipe-rice-icon_DWTgsCZ.png	1	1
2	2025-07-23 11:20:06.085813+00	2025-07-23 12:38:40.486302+00	Yumaloq boshoqli guruch	2	11111014	1000	1	product_category_logos/recipe-rice-icon_Aq5ldEe.png	1	1
113	2025-07-23 11:20:06.494519+00	2025-07-23 12:38:40.793291+00	Kartoshka	113	11169063	1000	1	product_category_logos/potato_3_XJYML3p.png	1	1
501	2025-07-23 11:20:07.895796+00	2025-07-23 12:38:41.90453+00	Ayollar va qizlar uchun sartaroshxona xizmatlari	502	21101256	1	22		1	1
502	2025-07-23 11:20:07.898705+00	2025-07-23 12:38:41.90699+00	Erkaklar va ogil bolalar uchun sartaroshxonalar xizmatlari	503	21102257	1	22		1	1
503	2025-07-23 11:20:07.901598+00	2025-07-23 12:38:41.909289+00	Kosmetologlar xizmatlari	504	21102258	1	22		1	1
504	2025-07-23 11:20:07.906123+00	2025-07-23 12:38:41.911637+00	Xammom va dushxonalar xizmatlari	505	21031244	1	22		1	1
505	2025-07-23 11:20:07.908808+00	2025-07-23 12:38:41.913941+00	Soatlarni tamirlash	506	21041235	1	22		1	1
506	2025-07-23 11:20:07.91162+00	2025-07-23 12:38:41.916239+00	Diniy xizmatlar	508	21131255	1	22		1	1
507	2025-07-23 11:20:07.914494+00	2025-07-23 12:38:41.918459+00	Huquqiy tusdagi xizmatlar	509	29101292	1	22		1	1
508	2025-07-23 11:20:07.917515+00	2025-07-23 12:38:41.920846+00	Xujjatlardan nusxa kochirish (kserokopiyalash) boyicha xizmatlar	510	21141257	1	22		1	1
509	2025-07-23 11:20:07.922486+00	2025-07-23 12:38:41.923108+00	Mikromoliyaviy tashkilotlar va lombardlar tomonidan korsatiladigan xizmatlar	501	29201297	1	22		1	1
510	2025-07-23 11:20:07.925361+00	2025-07-23 12:38:41.927138+00	Zargarlik xizmatlari	507	21041236	1	22		1	1
511	2025-07-23 11:20:07.928289+00	2025-07-23 12:38:41.929406+00	Arpa	511	31001018	1000	1		1	1
512	2025-07-23 11:20:07.931186+00	2025-07-23 12:38:41.931704+00	Bug'doy	512	31001017	1000	1		1	1
513	2025-07-23 11:20:07.934299+00	2025-07-23 12:38:41.934145+00	Jo'hori	513	31001019	1000	1		1	1
514	2025-07-23 11:20:07.937251+00	2025-07-23 12:38:41.936589+00	Kepak	514	31001020	1000	1		1	1
515	2025-07-23 11:20:07.940274+00	2025-07-23 12:38:41.939283+00	Kunjara	515	31001021	1000	1		1	1
516	2025-07-23 11:20:07.944795+00	2025-07-23 12:38:41.941767+00	Shrot	516	31001022	1000	1		1	1
517	2025-07-23 11:20:07.948721+00	2025-07-23 12:38:41.944322+00	Shulha	517	31001023	1000	1		1	1
518	2025-07-23 11:20:07.951764+00	2025-07-23 12:38:41.946792+00	Kombikorm	518	31001024	1000	1		1	1
519	2025-07-23 11:20:07.954676+00	2025-07-23 12:38:41.949191+00	Gilos	519	11161101	1000	1		1	1
520	2025-07-23 11:20:07.957566+00	2025-07-23 12:38:41.951674+00	O'rik	520	11161103	1000	1		1	1
521	2025-07-23 11:20:07.960453+00	2025-07-23 12:38:41.954093+00	Bexi	521	11161105	1000	1		1	1
522	2025-07-23 11:20:07.965302+00	2025-07-23 12:38:41.956632+00	Qulupnay	522	11161107	1000	1		1	1
523	2025-07-23 11:20:07.96835+00	2025-07-23 12:38:41.958941+00	Pishgan g'isht	523	12501172	1000	2		1	1
524	2025-07-23 11:20:07.971198+00	2025-07-23 12:38:41.961144+00	Yog'och materiali	524	12503174	1	17		1	1
3	2025-07-23 11:20:06.089178+00	2025-07-23 12:38:40.488559+00	Guruch oqshogi	3	11111015	1000	1	product_category_logos/recipe-rice-icon_SbXYzwU.png	1	1
8	2025-07-23 11:20:06.106402+00	2025-07-23 12:38:40.50445+00	Sok (yorma), jumladan briketlarda	8	11111010	1000	1		1	1
33	2025-07-23 11:20:06.20531+00	2025-07-23 12:38:40.574879+00	Non-bulka mahsulotlarini tayyorlash uchun aralashmalar va xamir	33	11123023	1000	1		1	1
76	2025-07-23 11:20:06.360474+00	2025-07-23 12:38:40.687618+00	Xom xayvon yoglari, dumba yogi va shu kabilar  (shpikdan tashqari)	76	11153038	1000	1		1	1
126	2025-07-23 11:20:06.547841+00	2025-07-23 12:38:40.826539+00	Mevali murabbo, jem	126	11175069	1000	3		1	1
134	2025-07-23 11:20:06.574345+00	2025-07-23 12:38:40.855606+00	Karamel konfetlar	134	11177071	1000	1		1	1
135	2025-07-23 11:20:06.57729+00	2025-07-23 12:38:40.858247+00	Xolva, parvarda va shu kabi milliy shirinlik turlari	135	11175061	1000	1		1	1
170	2025-07-23 11:20:06.689586+00	2025-07-23 12:38:40.948631+00	Boshqa oshxonalar, kafeteriylar va gazakxonalar	170	11194087	1	2		1	1
199	2025-07-23 11:20:06.801913+00	2025-07-23 12:38:41.055359+00	Erkaklar uchun futbolkalar	199	12116104	1	2		1	1
220	2025-07-23 11:20:06.872964+00	2025-07-23 12:38:41.110934+00	Ayollar uchun milliy ustki kamzullar, xalatlar	220	12121104	1	2		1	1
257	2025-07-23 11:20:07.00175+00	2025-07-23 12:38:41.214241+00	Sharflar, romollar, sholromollar va shu kabi buyumlar	257	12129123	1	2		1	1
259	2025-07-23 11:20:07.010298+00	2025-07-23 12:38:41.220158+00	Kamarlar, belboglar	259	12304156	1	2		1	1
281	2025-07-23 11:20:07.092701+00	2025-07-23 12:38:41.284203+00	Ogil bolalar uchun bosonojkalar, sandallar, sandaletlar	281	12433170	1	11		1	1
316	2025-07-23 11:20:07.230094+00	2025-07-23 12:38:41.390715+00	Korpa-toshak belyosi va shu kabilarni tikish uchun ip gazlamalar	316	12206149	1	9		1	1
319	2025-07-23 11:20:07.246271+00	2025-07-23 12:38:41.39909+00	Korpacha (paxtali, junli, parli)	319	12702188	1	2		1	1
345	2025-07-23 11:20:07.355033+00	2025-07-23 12:38:41.470292+00	Tozalash uchun buyumlar (supurgilar, chotkalar, lattalar, qolqoplar va shu kabilar)	345	12802205	1	2		1	1
378	2025-07-23 11:20:07.472974+00	2025-07-23 12:38:41.561169+00	Boshqa ovoz va tasvirlarni qabul qilish, yozib olish va aks ettirish uchun uskunalar	378	12921216	1	2		1	1
381	2025-07-23 11:20:07.483654+00	2025-07-23 12:38:41.574338+00	Bolalar uchun plastmassa oyinchoqlar	381	12926001	1	2		1	1
413	2025-07-23 11:20:07.596578+00	2025-07-23 12:38:41.657861+00	Qol soatlari, chontak soatlari va sekundomerlar	413	12301149	1	2		1	1
439	2025-07-23 11:20:07.684382+00	2025-07-23 12:38:41.74007+00	Uy xojaliklarida ishlatiladigan toqimachilik mahsulotlarini tikish boyicha xizmatlar	439	21071250	1	22		1	1
443	2025-07-23 11:20:07.697958+00	2025-07-23 12:38:41.754891+00	Dezinfektsiyalash va zararkunandalarni yoqotish boyicha xizmatlar	443	31000102	1	14		1	1
466	2025-07-23 11:20:07.778679+00	2025-07-23 12:38:41.815736+00	Kuryerlik xizmatlari va posilkalarni eltib berish boyicha xizmatlar	466	21141259	1	22		1	1
\.


--
-- Data for Name: product_history; Type: TABLE DATA; Schema: public; Owner: postgres
--

COPY public.product_history (id, created_at, updated_at, price, is_checked, is_active, employee_id, period_id, unit_miqdor, unit_price, status, is_alternative, is_from_application, tochka_product_id, alternative_for_id, hudud_id, ntochka_id, product_id) FROM stdin;
17	2025-07-28 14:58:52.780997+00	2025-07-28 14:58:52.78101+00	0	f	t	1	5	0	0	vaqtinchalik	f	f	406	\N	1	2	11
16	2025-07-28 14:58:38.720339+00	2025-07-30 13:25:51.374776+00	15000	f	t	1	5	0	0	mavsumiy	f	f	407	\N	1	2	12
15	2025-07-28 14:54:55.934657+00	2025-07-30 13:26:03.037427+00	17000	f	t	1	5	0	0	mavjud	f	f	1187	\N	2	95	150
18	2025-07-30 13:22:39.334641+00	2025-07-30 13:28:50.657013+00	60000	f	t	1	7	0	0	mavjud	f	f	1395	\N	2	12	181
\.


--
-- Data for Name: rasta; Type: TABLE DATA; Schema: public; Owner: postgres
--

COPY public.rasta (id, created_at, updated_at, name, is_active, hudud_id, uuid, in_proccess, is_weekly, code, product_type, weekly_type) FROM stdin;
1	2025-07-23 11:20:05.560077+00	2025-07-23 11:20:05.560089+00	Elga xizmat	t	1	8f05f244-6152-4c2d-a478-00117677fb57	f	t	1	1	1
2	2025-07-23 11:20:05.56482+00	2025-07-23 11:20:05.56483+00	150 dokon qolipli non	t	1	8f28d68c-9968-41e2-b8fa-91cdfce832b4	f	t	2	1	1
3	2025-07-23 11:20:05.568547+00	2025-07-23 11:20:05.568567+00	618 rasta Non mahsulotlari	t	1	fe1f377a-4975-423a-8f72-b22d3cb9f7be	f	t	3	1	1
4	2025-07-23 11:20:05.571986+00	2025-07-23 11:20:05.571995+00	Gusht paviloni 1-rasta	t	1	801f731e-aa70-40ab-ac4a-ae8e5116c58a	f	t	4	1	1
5	2025-07-23 11:20:05.575479+00	2025-07-23 11:20:05.575489+00	Chochqa gushti paviloni	t	1	0d36ff97-7e8a-4d16-82bf-b8331768166a	f	t	5	1	1
6	2025-07-23 11:20:05.578849+00	2025-07-23 11:20:05.578859+00	Gusht paviloni	t	1	d343044e-4b86-48c3-9a1f-4056eac44880	f	t	6	1	1
7	2025-07-23 11:20:05.583995+00	2025-07-23 11:20:05.584004+00	Sut va sut mahsulotlari paviloni	t	1	d2266ce3-076f-4dca-85cd-1d649327b32a	f	t	7	1	1
8	2025-07-23 11:20:05.587082+00	2025-07-23 11:20:05.587092+00	38 rasta quruq mevalar	t	1	34fd11b2-1326-4c8c-b474-fcf8db536ebb	f	t	8	1	1
9	2025-07-23 11:20:05.590305+00	2025-07-23 11:20:05.590315+00	505 Poliz mahsulotlar rastasi	t	1	c444c3df-1701-42dc-9150-5a0264904e6f	f	t	9	1	1
10	2025-07-23 11:20:05.593776+00	2025-07-23 11:20:05.593785+00	294 Guruch mahsulotlari rastasi	t	1	2da8692f-2cea-4386-b10a-8ca2463b39cb	f	t	10	1	1
11	2025-07-23 11:20:05.596877+00	2025-07-23 11:20:05.596886+00	146-147 oziq-ovqat dokoni	t	1	80e497b5-8cb0-4ab5-ad44-078682b27e71	f	t	11	1	1
12	2025-07-23 11:20:05.600405+00	2025-07-23 11:20:05.600415+00	128-129 rasta	t	1	cfdd3561-29c9-4fc2-8e5c-be26d838597d	f	t	12	1	1
13	2025-07-23 11:20:05.603656+00	2025-07-23 11:20:05.603666+00	Oshxonadagi tayyor taomlar	t	3	d01b514a-5242-4b31-8075-208e3a3e6e73	f	t	13	1	1
14	2025-07-23 11:20:05.608464+00	2025-07-23 11:20:05.608473+00	Lavashlar	t	20	a77c64d1-b078-4c6d-86c7-d531ab7bdfa4	f	t	14	1	1
15	2025-07-23 11:20:05.611532+00	2025-07-23 11:20:05.611542+00	Tamaki mahsulotlari	t	1	233f708a-2575-40fb-bfc7-570172a440be	f	t	15	1	1
16	2025-07-23 11:20:05.61553+00	2025-07-23 11:20:05.61554+00	Nosvoy 607 rasta	t	1	abf19caf-3774-435d-bc6b-2d1dd642c660	f	t	16	1	1
17	2025-07-23 11:20:05.640741+00	2025-07-23 11:20:05.640768+00	Parfumeriya 123 dukon	t	1	af1d1e37-7288-4bb8-abc5-4300f81716a4	f	t	17	1	1
18	2025-07-23 11:20:05.646357+00	2025-07-23 11:20:05.646377+00	Unversal Market	t	4	288fa096-6859-45dc-ba63-8e9c3c8a7078	f	t	18	1	1
19	2025-07-23 11:20:05.651102+00	2025-07-23 11:20:05.651121+00	Benzin	t	6	3e5107eb-d349-4f2e-9228-03054bc5eee4	f	t	19	1	1
20	2025-07-23 11:20:05.655863+00	2025-07-23 11:20:05.655883+00	MIROBOD GAZ (Metan)	t	7	e05c1a1f-d964-4d21-8cb2-92c209bac61f	f	t	20	1	1
21	2025-07-23 11:20:05.659856+00	2025-07-23 11:20:05.659869+00	Gul dokon 184	t	1	d7725da0-1297-4dc0-acb8-e54bca67b60b	f	t	21	1	1
22	2025-07-23 11:20:05.665472+00	2025-07-23 11:20:05.665488+00	Lavanderiya MCHJ. Ximchistka	t	7	ae40de05-fcd3-4429-b363-7527704c9b96	f	t	22	1	1
23	2025-07-23 11:20:05.669037+00	2025-07-23 11:20:05.669048+00	82 dukon	t	1	dda34c33-5024-4ae8-b615-8d51568c2f7e	f	t	23	1	1
24	2025-07-23 11:20:05.672548+00	2025-07-23 11:20:05.672558+00	THCHSJ YANGI MIROBOD OBOD SERVIS MCHJ	t	7	66eae6a0-51b0-477b-8a65-992b19cb721c	f	t	24	1	1
25	2025-07-23 11:20:05.676445+00	2025-07-23 11:20:05.676455+00	Shox Med Center MChJ. Tibbiyot	t	7	a70efa78-14ef-4a00-bab5-077b6e81adf9	f	t	25	1	1
26	2025-07-23 11:20:05.679922+00	2025-07-23 11:20:05.679932+00	Ulmas Denta Servis MChJ. Stomatologiya	t	7	92c33189-d05d-4b1d-95f0-231d857864ef	f	t	26	1	1
27	2025-07-23 11:20:05.683246+00	2025-07-23 11:20:05.683255+00	Toshkent temiryol vokzali	t	7	f4383a91-d5ca-4f93-8ed2-fa2e10108a10	f	t	27	1	1
28	2025-07-23 11:20:05.686817+00	2025-07-23 11:20:05.686826+00	Kompliment Avto Trans MChJ 163-mashrut	t	7	6130625e-dd53-430c-a716-5b67c8017a8a	f	t	28	1	1
29	2025-07-23 11:20:05.692331+00	2025-07-23 11:20:05.692339+00	Turon telecom MChJ	t	7	3cce8f1e-f887-40ad-9c6b-77a50524e488	f	t	29	1	1
30	2025-07-23 11:20:05.695555+00	2025-07-23 11:20:05.695565+00	A Navoiy nomidagi Opera va Balet Teatri	t	7	bfed9fbb-9adb-4e01-a4ce-f610ae2c361a	f	t	30	1	1
31	2025-07-23 11:20:05.699026+00	2025-07-23 11:20:05.699036+00	Toshkent Politexnika Muzeyi	t	7	1f0f3282-e2a1-46b8-a75d-195e18cf49a0	f	t	31	1	1
32	2025-07-23 11:20:05.703182+00	2025-07-23 11:20:05.703193+00	Bozor hududi 2-etaj	t	1	b3c5f850-1515-48ce-9576-c3006cc82542	f	t	32	1	1
33	2025-07-23 11:20:05.70669+00	2025-07-23 11:20:05.7067+00	Erkatoy Kichkintoy MTM. Bolalar bogchasi	t	7	c27d1889-0425-4e1c-a191-65b6ca1cc16e	f	t	33	1	1
34	2025-07-23 11:20:05.709855+00	2025-07-23 11:20:05.709864+00	Soat tamirlash	t	1	8f6e6912-f526-4632-b896-6caa80801c82	f	t	34	1	1
35	2025-07-23 11:20:05.713033+00	2025-07-23 11:20:05.713042+00	Yopiqlik ota qabristoni. Diniy xizmatlar	t	7	e60f3e33-f114-4521-87ca-69f210790d53	f	t	35	1	1
36	2025-07-23 11:20:05.71799+00	2025-07-23 11:20:05.718+00	Sartaroshxona	t	8	15a1f085-a591-4485-b243-1a0ad981a0ba	f	t	36	1	1
37	2025-07-23 11:20:05.721556+00	2025-07-23 11:20:05.721566+00	TIM XLEBNIY GOROD MCHJ	t	1	2cc18726-a14c-453e-ad25-8db039cde19b	f	t	37	1	1
38	2025-07-23 11:20:05.724828+00	2025-07-23 11:20:05.724839+00	131 dokon baliq mahsulotlari	t	1	88b6e515-8e8e-40be-b91e-9d0489bc295a	f	t	38	1	1
39	2025-07-23 11:20:05.728188+00	2025-07-23 11:20:05.728198+00	555 Tuzlamalar rastasi	t	1	c358f9ce-06e7-4c17-bf93-7a8d319d9dbd	f	t	39	1	1
40	2025-07-23 11:20:05.731754+00	2025-07-23 11:20:05.731763+00	AL Hosilot MChJ. Mehmonxona	t	7	d94aee75-49f2-4ad1-ab9e-034949fbd8b5	f	t	40	1	1
41	2025-07-23 11:20:05.735+00	2025-07-23 11:20:05.73501+00	Hotel Asia Tashkent MChJ. Mehmonxona	t	7	09c1c085-1e89-4f15-bc6c-994aff63db8b	f	t	41	1	1
42	2025-07-23 11:20:05.738214+00	2025-07-23 11:20:05.738223+00	Yangi Sergeli AVA boshqaruv serv komp Slesar va santexnik xizmatlari	t	7	b6cc4e38-ebe0-4213-ac47-131305f4ef0b	f	t	42	1	1
43	2025-07-23 11:20:05.743266+00	2025-07-23 11:20:05.743274+00	Yangi Sergeli AVA boshqaruv serv komp Elektrik xizmatlari	t	7	f5865172-4759-47ac-b0f1-6aa2fa1d5b14	f	t	43	1	1
44	2025-07-23 11:20:05.746483+00	2025-07-23 11:20:05.746493+00	Tayyor taomlar	t	7	ad6a3918-db5a-4a1d-b4e0-5311097d1b1f	f	t	44	1	1
45	2025-07-23 11:20:05.749658+00	2025-07-23 11:20:05.749667+00	Gosht mahsulotlari	t	2	212b050a-be5a-4fef-a2e3-794743e81277	f	t	45	1	1
46	2025-07-23 11:20:05.752816+00	2025-07-23 11:20:05.752825+00	Mevalar	t	2	d5b389df-31e4-452c-8623-5f916c618dac	f	t	46	1	1
47	2025-07-23 11:20:05.755886+00	2025-07-23 11:20:05.755896+00	Sabzavotlar	t	2	e7b2d97c-2de6-4a2b-ac12-7f546f74e181	f	t	47	1	1
48	2025-07-23 11:20:05.758954+00	2025-07-23 11:20:05.758963+00	Komir	t	2	80eda0a3-78e7-47f3-94f1-716c76dcd3a7	f	t	48	1	1
49	2025-07-23 11:20:05.76208+00	2025-07-23 11:20:05.762089+00	Turon Toyna Shota Rustavelli	t	7	a57bdb2f-4450-4268-a283-407d1c15f5e2	f	t	49	1	1
50	2025-07-23 11:20:05.767159+00	2025-07-23 11:20:05.767168+00	Next cinema	t	7	cffbb6f3-2c96-43ec-9e18-b96c4cb5ed14	f	t	50	1	1
51	2025-07-23 11:20:05.770353+00	2025-07-23 11:20:05.770365+00	Next Croods	t	7	777c21fa-67b6-408e-a027-087691774574	f	t	51	1	1
52	2025-07-23 11:20:05.773803+00	2025-07-23 11:20:05.773812+00	Yandeks Go	t	9	c26354d2-c5e2-4cdc-983a-804c9898353a	f	t	52	1	1
53	2025-07-23 11:20:05.777224+00	2025-07-23 11:20:05.777234+00	My Taxi	t	9	6cbc6dd9-459b-4edb-bbfe-ce23f796af0a	f	t	53	1	1
54	2025-07-23 11:20:05.780596+00	2025-07-23 11:20:05.780606+00	Uklon	t	9	616cae72-3516-40b8-b926-226a09ce77f9	f	t	54	1	1
55	2025-07-23 11:20:05.783929+00	2025-07-23 11:20:05.783939+00	Fasten	t	9	fd632d08-e608-4bf6-997c-f98e6dc2091d	f	t	55	1	1
56	2025-07-23 11:20:05.787228+00	2025-07-23 11:20:05.787237+00	Zor tovuq dokoni	t	1	e03ff0c0-0004-4a66-8371-a97d14d5a476	f	t	56	1	1
57	2025-07-23 11:20:05.79037+00	2025-07-23 11:20:05.790379+00	Kiyim tikish 61 dukon	t	1	821b1f45-1955-4f9b-989d-8460574f16e2	f	t	57	1	1
58	2025-07-23 11:20:05.795429+00	2025-07-23 11:20:05.795438+00	Gusht paviloni 2-rasta	t	1	e7c3a163-15ef-4689-a0c5-bc8fc17d39a5	f	t	58	1	1
59	2025-07-23 11:20:05.798591+00	2025-07-23 11:20:05.7986+00	288-291 dukkakli mahsulotlar rastasi	t	1	a73b4714-e92e-47b7-97f5-4030b61c6565	f	t	59	1	1
60	2025-07-23 11:20:05.801754+00	2025-07-23 11:20:05.801763+00	262-267 sabzavotlar rastasi	t	1	bdf595ac-89ae-4579-b8ba-3c4e89546101	f	t	60	1	1
61	2025-07-23 11:20:05.805055+00	2025-07-23 11:20:05.805065+00	Asal rastasi	t	1	37af2bb4-1368-4330-9e4d-e213475f269f	f	t	61	1	1
62	2025-07-23 11:20:05.808231+00	2025-07-23 11:20:05.80824+00	Dorixona	t	10	5a3b1c30-6935-456c-a8c8-abd00eb9e6ba	f	t	62	1	1
63	2025-07-23 11:20:05.81135+00	2025-07-23 11:20:05.811359+00	Safia konditerlik yetkazib berish (Dostavka)	t	7	21c5033c-676b-4ffa-9221-f94eee02e991	f	t	63	1	1
64	2025-07-23 11:20:05.814523+00	2025-07-23 11:20:05.814532+00	AVTORITET TEXNIK DISEL SERVICE	t	5	b74f1b09-6f92-4d12-a22f-4d5dcb69d8f4	f	t	64	1	1
65	2025-07-23 11:20:05.819724+00	2025-07-23 11:20:05.819734+00	Moyka	t	11	9b64a753-0826-4ab3-a212-8553470f05b8	f	t	65	1	1
66	2025-07-23 11:20:05.823001+00	2025-07-23 11:20:05.823011+00	Xalqaro Kimyo universiteti Toshkent filliali	t	7	71eb2e06-179f-4d8a-b114-9ee13a5d512f	f	t	66	1	1
67	2025-07-23 11:20:05.82655+00	2025-07-23 11:20:05.826559+00	Pokiza.uz Gilam yuvish	t	7	c2fb1327-e743-415c-a98c-edf07f12ed46	f	t	67	1	1
68	2025-07-23 11:20:05.829854+00	2025-07-23 11:20:05.829863+00	Prokat24.uz Maishiy priborlarni ijaraga berish	t	7	2cc40456-008f-4ae3-9ec1-17881a107e2c	f	t	68	1	1
69	2025-07-23 11:20:05.833083+00	2025-07-23 11:20:05.833092+00	Epileir news. Kosmetologiya xizmatlari	t	7	0e45ead8-87cd-41a2-834a-e608df48559a	f	t	69	1	1
70	2025-07-23 11:20:05.836227+00	2025-07-23 11:20:05.836236+00	Lombard Profit Servis	t	7	ee05f27a-1fad-44f4-bf2e-3a5c4779fed4	f	t	70	1	1
71	2025-07-23 11:20:05.839341+00	2025-07-23 11:20:05.839351+00	Bozor ichidagi 53-dokon	t	1	2740d215-9087-4fa7-a31b-d9996dc60b35	f	t	71	1	1
72	2025-07-23 11:20:05.844306+00	2025-07-23 11:20:05.844315+00	Bozor asosiy darvoza kirish qismi Podvol	t	1	0138f8ae-a3a1-488d-9fae-dcfd3d3015a2	f	t	72	1	1
73	2025-07-23 11:20:05.847943+00	2025-07-23 11:20:05.847953+00	Jis shaxs Tilavof Bahtiyor	t	7	979e64b6-79f0-4c55-886d-83da8b92af92	f	t	73	1	1
74	2025-07-23 11:20:05.851412+00	2025-07-23 11:20:05.851422+00	Jis shaxs Xasanov Saidakrom	t	7	da2575d5-d866-4dc0-ace3-754b52c717f8	f	t	74	1	1
75	2025-07-23 11:20:05.854785+00	2025-07-23 11:20:05.854795+00	Jis shaxs Sadikov Sarvar	t	7	7181bf20-c86d-4a7a-b842-e411aac00946	f	t	75	1	1
76	2025-07-23 11:20:05.858025+00	2025-07-23 11:20:05.858035+00	Jis shaxs Ibrohimbekov Sanjar	t	7	f0c05675-1778-492b-829b-85d94c248ab5	f	t	76	1	1
77	2025-07-23 11:20:05.861613+00	2025-07-23 11:20:05.861622+00	Gos.mebel.uz Mebel, maishiy texnikalar urnatish	t	7	cd554379-cec3-43a3-9c43-f2c8ddfccaa7	f	t	77	1	1
78	2025-07-23 11:20:05.864791+00	2025-07-23 11:20:05.8648+00	Dezin_House Dezinfeksiya xizmatlari	t	7	e08742f9-d77d-4446-951d-e68f14623f5d	f	t	78	1	1
79	2025-07-23 11:20:05.869726+00	2025-07-23 11:20:05.869735+00	Immunolab MCHJ. Immunizatsiya xizmatlari	t	7	611b8899-0a51-4043-bbf9-3d1a20f8d5e7	f	t	79	1	1
80	2025-07-23 11:20:05.873052+00	2025-07-23 11:20:05.873061+00	Mirobod Uquv STK. Avtomaktab	t	7	f9f718a3-4a6d-4b30-a44b-ecf35c64f6cb	f	t	80	1	1
81	2025-07-23 11:20:05.876349+00	2025-07-23 11:20:05.876358+00	Kolesnitsa. Avtomaktab	t	7	1551f495-658b-4501-8715-b1169d172457	f	t	81	1	1
82	2025-07-23 11:20:05.879755+00	2025-07-23 11:20:05.879764+00	Uquv ishlab chiqarish markazi. Avtomaktab	t	7	fda3febd-0e55-4a9e-8d65-52c00d9cb84c	f	t	82	1	1
83	2025-07-23 11:20:05.882976+00	2025-07-23 11:20:05.882985+00	Uzdigital Tv	t	7	ec6c9d8f-7148-4743-ae13-e5daa5b711bb	f	t	83	1	1
84	2025-07-23 11:20:05.886236+00	2025-07-23 11:20:05.886245+00	Rina Med MCHJ. Sport togaraklari	t	7	2b2f7327-91c8-4428-a31b-0c6b052a9c9e	f	t	84	1	1
85	2025-07-23 11:20:05.889429+00	2025-07-23 11:20:05.889438+00	Askona.uz Mebel dukoni	t	7	ef27c28a-e716-4f1a-9245-cafb7e966da2	f	t	85	1	1
86	2025-07-23 11:20:05.894286+00	2025-07-23 11:20:05.894295+00	Safia bakery	t	12	384157b1-1dc3-4d23-98ff-79d680985931	f	t	86	1	1
87	2025-07-23 11:20:05.897248+00	2025-07-23 11:20:05.897257+00	Pentazone Amazon Qushbegi	t	7	9d593602-5e39-4b04-b29e-75ddcdc208b3	f	t	87	1	1
88	2025-07-23 11:20:05.900223+00	2025-07-23 11:20:05.900232+00	Harrison Land bogcha	t	7	bcaa1fec-22a3-4655-8d99-109289e66d1d	f	t	88	1	1
89	2025-07-23 11:20:05.903343+00	2025-07-23 11:20:05.903352+00	Hammom Lotus_spa.uz	t	7	5d1b0a67-92eb-40d0-be8d-6f288284c965	f	t	89	1	1
90	2025-07-23 11:20:05.906443+00	2025-07-23 11:20:05.906451+00	Jis shaxs Abdulla Abdunabiyevich	t	7	1e47ba94-c3e9-45c5-93ae-dd4545e0d4cb	f	t	90	1	1
91	2025-07-23 11:20:05.909605+00	2025-07-23 11:20:05.909613+00	Registon oquv markazi	t	7	8afa7fcc-fe1e-4d4d-bfd0-570092bf2fe7	f	t	91	1	1
92	2025-07-23 11:20:05.912755+00	2025-07-23 11:20:05.912763+00	Yakkasaroy toyxonasi	t	7	66009709-26ad-410a-b797-497755221600	f	t	92	1	1
93	2025-07-23 11:20:05.917515+00	2025-07-23 11:20:05.917524+00	Sok yormasi	t	2	8c29403e-0203-4cf3-98ba-617bb02d8f46	f	t	93	1	1
94	2025-07-23 11:20:05.922217+00	2025-07-23 11:20:05.922227+00	Oliy navli un	t	2	a801d1a1-d3d3-41b4-a867-a7e5213398ef	f	t	94	1	1
95	2025-07-23 11:20:05.926372+00	2025-07-23 11:20:05.926382+00	Boshqa mahsulotlar	t	2	ba88dd34-7d2d-49e9-9c1f-e56b4023e16a	f	t	95	1	1
96	2025-07-23 11:20:05.929853+00	2025-07-23 11:20:05.929863+00	Boyash ishlari	t	13	ddd529cc-c92e-4c4b-86d4-da24ae7ab509	f	t	96	1	1
97	2025-07-23 11:20:05.93324+00	2025-07-23 11:20:05.93325+00	Video va Foto xizmatlari	t	15	9669db3e-16e1-499d-b060-a4d3ae562b10	f	t	97	1	1
98	2025-07-23 11:20:05.936617+00	2025-07-23 11:20:05.936626+00	Kompyuter xizmati	t	17	abce864a-30c3-48c6-bcf7-fa38df04083c	f	t	98	1	1
99	2025-07-23 11:20:05.939999+00	2025-07-23 11:20:05.940008+00	Tur paketlar	t	18	cf8f6317-42c6-45f5-af99-ea1108984f31	f	t	99	1	1
100	2025-07-23 11:20:05.943427+00	2025-07-23 11:20:05.943439+00	Parda tikish	t	19	a2bc7de8-948f-4824-9ed3-c566171933df	f	t	100	1	1
101	2025-07-23 11:20:05.948531+00	2025-07-23 11:20:05.94854+00	Ziravorlar 457 rasta	t	1	99b1f6bc-37ef-41b2-8b8a-4292e5005123	f	t	101	1	1
102	2025-07-23 11:20:05.951726+00	2025-07-23 11:20:05.951735+00	Burgerlar	t	20	bddd7573-3e5b-4dda-ba09-725961a348f1	f	t	102	1	1
103	2025-07-23 11:20:05.954943+00	2025-07-23 11:20:05.954953+00	Pitsalar	t	20	aa712c06-a2ca-4182-b5aa-de7184e2ed75	f	t	103	1	1
104	2025-07-23 11:20:05.958021+00	2025-07-23 11:20:05.95803+00	Tuxum rastasi	t	1	f35a45a2-0ce3-4f2b-8e4a-7a57a046b64d	f	t	104	1	1
105	2025-07-23 11:20:05.960989+00	2025-07-23 11:20:05.960998+00	Mevalar rastasi	t	1	b6507c9d-f1b3-4a6b-a4e2-85a87ac1be3e	f	t	105	1	1
106	2025-07-23 11:20:05.963999+00	2025-07-23 11:20:05.964007+00	Ginyal Invest MCHJ	t	7	b305f948-9ca5-4c9d-8852-481571e67e7f	f	t	106	1	1
107	2025-07-23 11:20:05.967032+00	2025-07-23 11:20:05.967057+00	Dukkakli mahsulotlar rastasi	t	1	ad525abc-7fb7-4815-bc42-46414da7946d	f	t	107	1	1
108	2025-07-23 11:20:05.972394+00	2025-07-23 11:20:05.972407+00	Arzonlashtirilgan oziq-ovqat mahsulotlari rastasi	t	1	cfaca73c-bdfd-4c3a-a28f-f5dda9fd84b7	f	t	108	1	1
109	2025-07-23 11:20:05.975828+00	2025-07-23 11:20:05.975841+00	Non mahsulotlari rastasi	t	1	54a8e22c-d8c4-4de0-857a-d05c272109ed	f	t	109	1	1
110	2025-07-23 11:20:05.979157+00	2025-07-23 11:20:05.979167+00	Oziq-ovqat savdo do'koni	t	1	4fe89c62-046c-4a55-a3c3-88b3ef0e1251	f	t	110	1	1
111	2025-07-23 11:20:05.982386+00	2025-07-23 11:20:05.982398+00	Arzonlashtirilgan go'sht mahsulotlari rastasi	t	1	0e71247a-d571-49a1-a98b-e31bb4a32896	f	t	111	1	1
112	2025-07-23 11:20:05.985571+00	2025-07-23 11:20:05.98558+00	Go'sht mahsulotlari pavilioni	t	1	08e63fda-2a94-426d-a1a3-6f6e767cc2e2	f	t	112	1	1
113	2025-07-23 11:20:05.988785+00	2025-07-23 11:20:05.988795+00	Baliq mahsulotlari rastasi	t	1	c2f72585-0816-4e26-93c3-d40e1c519313	f	t	113	1	1
114	2025-07-23 11:20:05.991967+00	2025-07-23 11:20:05.991976+00	Sut mahsulotlari rastasi	t	1	9f784261-4812-446c-8576-fd915b2ba2f7	f	t	114	1	1
115	2025-07-23 11:20:05.997054+00	2025-07-23 11:20:05.997063+00	Arzonlashtirilgan tuxum rastasi	t	1	920ce193-37f1-47e2-96de-1f6940f75447	f	t	115	1	1
116	2025-07-23 11:20:06.000361+00	2025-07-23 11:20:06.00037+00	Tuxumlar rastasi	t	1	4bd1e314-b62b-4d62-a2e5-3e09f3c10266	f	t	116	1	1
117	2025-07-23 11:20:06.003615+00	2025-07-23 11:20:06.003624+00	Poliz ekinlari rastasi	t	1	0fb716be-813c-4f0e-bf84-3ab8ee8a074c	f	t	117	1	1
118	2025-07-23 11:20:06.006878+00	2025-07-23 11:20:06.006888+00	Sabzavotlar rastasi	t	1	ac1aa6b2-ec32-43fe-be74-c1ff23194899	f	t	118	1	1
119	2025-07-23 11:20:06.010218+00	2025-07-23 11:20:06.010228+00	Quruq mevalar rastasi	t	1	3a1363d0-67eb-47d2-99df-2871ae07854c	f	t	119	1	1
120	2025-07-23 11:20:06.013501+00	2025-07-23 11:20:06.01351+00	D	t	22	a21ae236-d67b-4dfa-9940-277051d7ff22	f	t	120	1	1
121	2025-07-23 11:20:06.016611+00	2025-07-23 11:20:06.01662+00	HD	t	22	2c367316-cc94-4591-93d9-84049b330111	f	t	121	1	1
122	2025-07-23 11:20:06.021459+00	2025-07-23 11:20:06.021469+00	Don mahsulotlari rastasi	t	1	59a6cc34-2d0f-4d91-880d-bbc5969744e5	f	t	122	1	1
123	2025-07-23 13:28:55.365437+00	2025-07-25 14:44:38.91957+00	151 rasta	t	1	24b0326b-c526-4940-b52f-cdc7b8eb6403	t	f	123	1	1
133	2025-07-25 15:22:31.267229+00	2025-07-25 15:22:31.273677+00	34 r44r	t	5	75f34dfa-d68f-4a8b-b2a7-0bb6fc30c6a3	t	f	5-133	1	1
139	2025-07-30 14:43:22.457994+00	2025-07-30 14:43:22.464164+00	Thdjyyfiyf	t	1	17bcd46e-00c5-437d-b047-95bfc792473f	t	f	1-139	1	1
140	2025-07-30 14:43:36.032109+00	2025-07-30 14:43:36.035524+00	7iti6fiyfu6f	t	1	cc573017-9ae7-46ac-94d1-1bda0365dc5b	t	f	1-140	1	1
141	2025-07-30 14:45:10.226712+00	2025-07-30 14:45:10.230961+00	Fiyfjyu5r	t	1	d8f140ed-9577-43e2-8d45-ddc7ba74364b	t	f	1-141	1	1
142	2025-07-30 14:47:05.904765+00	2025-07-30 14:47:05.909723+00	Rgsgrsfv	t	33	b4c1a7ed-81c8-459d-b956-66c146ca82e2	t	f	172627333-142	1	1
\.


--
-- Data for Name: rasta_product; Type: TABLE DATA; Schema: public; Owner: postgres
--

COPY public.rasta_product (id, created_at, updated_at, last_price, product_id, is_active, is_udalen, ntochka_id, hudud_id, previous_price, miqdor, is_weekly) FROM stdin;
1	2025-07-23 11:20:12.639466+00	2025-07-23 11:20:12.639482+00	0	906	t	f	107	1	0	0	t
2	2025-07-23 11:20:12.647793+00	2025-07-23 11:20:12.647806+00	0	906	t	f	108	1	0	0	t
3	2025-07-23 11:20:12.652893+00	2025-07-23 11:20:12.652918+00	0	906	t	f	108	1	0	0	t
4	2025-07-23 11:20:12.657251+00	2025-07-23 11:20:12.65726+00	0	906	t	f	107	1	0	0	t
5	2025-07-23 11:20:12.661304+00	2025-07-23 11:20:12.661312+00	0	906	t	f	107	1	0	0	t
6	2025-07-23 11:20:12.665371+00	2025-07-23 11:20:12.66538+00	0	906	t	f	107	1	0	0	t
7	2025-07-23 11:20:12.671493+00	2025-07-23 11:20:12.671502+00	0	906	t	f	107	1	0	0	t
8	2025-07-23 11:20:12.675122+00	2025-07-23 11:20:12.67513+00	0	906	t	f	107	1	0	0	t
9	2025-07-23 11:20:12.678681+00	2025-07-23 11:20:12.678689+00	0	906	t	f	107	1	0	0	t
10	2025-07-23 11:20:12.682726+00	2025-07-23 11:20:12.682734+00	0	906	t	f	108	1	0	0	t
11	2025-07-23 11:20:12.686462+00	2025-07-23 11:20:12.686471+00	0	906	t	f	108	1	0	0	t
12	2025-07-23 11:20:12.690137+00	2025-07-23 11:20:12.690145+00	0	906	t	f	107	1	0	0	t
13	2025-07-23 11:20:12.693742+00	2025-07-23 11:20:12.69375+00	0	906	t	f	107	1	0	0	t
14	2025-07-23 11:20:12.699017+00	2025-07-23 11:20:12.699026+00	0	906	t	f	107	1	0	0	t
15	2025-07-23 11:20:12.702721+00	2025-07-23 11:20:12.70273+00	0	906	t	f	107	1	0	0	t
16	2025-07-23 11:20:12.706519+00	2025-07-23 11:20:12.706528+00	0	906	t	f	107	1	0	0	t
17	2025-07-23 11:20:12.710281+00	2025-07-23 11:20:12.710289+00	0	112	t	f	107	1	0	0	t
18	2025-07-23 11:20:12.714211+00	2025-07-23 11:20:12.71422+00	0	112	t	f	107	1	0	0	t
19	2025-07-23 11:20:12.717949+00	2025-07-23 11:20:12.717958+00	0	112	t	f	107	1	0	0	t
20	2025-07-23 11:20:12.72155+00	2025-07-23 11:20:12.721559+00	0	112	t	f	107	1	0	0	t
21	2025-07-23 11:20:12.727139+00	2025-07-23 11:20:12.727148+00	0	112	t	f	107	1	0	0	t
22	2025-07-23 11:20:12.730864+00	2025-07-23 11:20:12.730872+00	0	112	t	f	107	1	0	0	t
23	2025-07-23 11:20:12.734774+00	2025-07-23 11:20:12.734782+00	0	112	t	f	107	1	0	0	t
24	2025-07-23 11:20:12.738919+00	2025-07-23 11:20:12.738928+00	0	112	t	f	107	1	0	0	t
25	2025-07-23 11:20:12.742761+00	2025-07-23 11:20:12.742769+00	0	907	t	f	108	1	0	0	t
26	2025-07-23 11:20:12.746491+00	2025-07-23 11:20:12.7465+00	0	907	t	f	108	1	0	0	t
27	2025-07-23 11:20:12.750787+00	2025-07-23 11:20:12.750795+00	0	907	t	f	107	1	0	0	t
28	2025-07-23 11:20:12.756308+00	2025-07-23 11:20:12.756316+00	0	907	t	f	107	1	0	0	t
29	2025-07-23 11:20:12.762685+00	2025-07-23 11:20:12.762707+00	0	907	t	f	107	1	0	0	t
30	2025-07-23 11:20:12.769267+00	2025-07-23 11:20:12.769278+00	0	907	t	f	107	1	0	0	t
31	2025-07-23 11:20:12.774496+00	2025-07-23 11:20:12.774507+00	0	907	t	f	107	1	0	0	t
32	2025-07-23 11:20:12.779683+00	2025-07-23 11:20:12.779692+00	0	907	t	f	107	1	0	0	t
33	2025-07-23 11:20:12.784324+00	2025-07-23 11:20:12.784333+00	0	114	t	f	108	1	0	0	t
34	2025-07-23 11:20:12.789797+00	2025-07-23 11:20:12.789806+00	0	114	t	f	108	1	0	0	t
35	2025-07-23 11:20:12.793116+00	2025-07-23 11:20:12.793125+00	0	114	t	f	107	1	0	0	t
36	2025-07-23 11:20:12.796515+00	2025-07-23 11:20:12.796524+00	0	114	t	f	107	1	0	0	t
37	2025-07-23 11:20:12.799861+00	2025-07-23 11:20:12.799869+00	0	114	t	f	107	1	0	0	t
38	2025-07-23 11:20:12.803267+00	2025-07-23 11:20:12.803276+00	0	114	t	f	107	1	0	0	t
39	2025-07-23 11:20:12.806722+00	2025-07-23 11:20:12.80673+00	0	114	t	f	107	1	0	0	t
40	2025-07-23 11:20:12.810141+00	2025-07-23 11:20:12.810149+00	0	908	t	f	109	1	0	0	t
41	2025-07-23 11:20:12.815208+00	2025-07-23 11:20:12.815216+00	0	908	t	f	109	1	0	0	t
42	2025-07-23 11:20:12.818624+00	2025-07-23 11:20:12.818632+00	0	908	t	f	109	1	0	0	t
43	2025-07-23 11:20:12.822219+00	2025-07-23 11:20:12.822227+00	0	908	t	f	109	1	0	0	t
44	2025-07-23 11:20:12.826158+00	2025-07-23 11:20:12.826167+00	0	908	t	f	109	1	0	0	t
45	2025-07-23 11:20:12.8298+00	2025-07-23 11:20:12.829809+00	0	908	t	f	109	1	0	0	t
46	2025-07-23 11:20:12.833421+00	2025-07-23 11:20:12.833429+00	0	908	t	f	109	1	0	0	t
47	2025-07-23 11:20:12.837131+00	2025-07-23 11:20:12.83714+00	0	909	t	f	110	1	0	0	t
48	2025-07-23 11:20:12.843714+00	2025-07-23 11:20:12.843723+00	0	909	t	f	110	1	0	0	t
49	2025-07-23 11:20:12.84744+00	2025-07-23 11:20:12.847449+00	0	909	t	f	110	1	0	0	t
50	2025-07-23 11:20:12.851188+00	2025-07-23 11:20:12.851196+00	0	910	t	f	110	1	0	0	t
51	2025-07-23 11:20:12.855098+00	2025-07-23 11:20:12.855106+00	0	910	t	f	110	1	0	0	t
52	2025-07-23 11:20:12.859503+00	2025-07-23 11:20:12.859511+00	0	910	t	f	110	1	0	0	t
53	2025-07-23 11:20:12.863454+00	2025-07-23 11:20:12.863463+00	0	910	t	f	110	1	0	0	t
54	2025-07-23 11:20:12.869055+00	2025-07-23 11:20:12.869063+00	0	910	t	f	110	1	0	0	t
55	2025-07-23 11:20:12.87285+00	2025-07-23 11:20:12.872859+00	0	910	t	f	110	1	0	0	t
56	2025-07-23 11:20:12.876738+00	2025-07-23 11:20:12.876747+00	0	910	t	f	110	1	0	0	t
57	2025-07-23 11:20:12.880694+00	2025-07-23 11:20:12.880703+00	0	910	t	f	110	1	0	0	t
58	2025-07-23 11:20:12.8854+00	2025-07-23 11:20:12.885409+00	0	910	t	f	110	1	0	0	t
59	2025-07-23 11:20:12.889583+00	2025-07-23 11:20:12.889592+00	0	911	t	f	111	1	0	0	t
60	2025-07-23 11:20:12.893862+00	2025-07-23 11:20:12.893871+00	0	911	t	f	112	1	0	0	t
61	2025-07-23 11:20:12.899519+00	2025-07-23 11:20:12.899528+00	0	911	t	f	112	1	0	0	t
62	2025-07-23 11:20:12.903675+00	2025-07-23 11:20:12.903684+00	0	911	t	f	112	1	0	0	t
63	2025-07-23 11:20:12.907864+00	2025-07-23 11:20:12.907873+00	0	912	t	f	112	1	0	0	t
64	2025-07-23 11:20:12.912097+00	2025-07-23 11:20:12.912106+00	0	911	t	f	112	1	0	0	t
65	2025-07-23 11:20:12.916209+00	2025-07-23 11:20:12.916218+00	0	407	t	f	111	1	0	0	t
66	2025-07-23 11:20:12.920141+00	2025-07-23 11:20:12.92015+00	0	913	t	f	112	1	0	0	t
67	2025-07-23 11:20:12.924309+00	2025-07-23 11:20:12.924319+00	0	407	t	f	112	1	0	0	t
68	2025-07-23 11:20:12.929959+00	2025-07-23 11:20:12.929968+00	0	407	t	f	112	1	0	0	t
69	2025-07-23 11:20:12.933605+00	2025-07-23 11:20:12.933614+00	0	407	t	f	112	1	0	0	t
70	2025-07-23 11:20:12.937321+00	2025-07-23 11:20:12.937329+00	0	407	t	f	112	1	0	0	t
71	2025-07-23 11:20:12.941028+00	2025-07-23 11:20:12.941036+00	0	914	t	f	112	1	0	0	t
72	2025-07-23 11:20:12.944729+00	2025-07-23 11:20:12.944737+00	0	914	t	f	112	1	0	0	t
73	2025-07-23 11:20:12.948282+00	2025-07-23 11:20:12.94829+00	0	914	t	f	112	1	0	0	t
74	2025-07-23 11:20:12.953553+00	2025-07-23 11:20:12.953562+00	0	914	t	f	112	1	0	0	t
75	2025-07-23 11:20:12.957624+00	2025-07-23 11:20:12.957633+00	0	914	t	f	112	1	0	0	t
76	2025-07-23 11:20:12.961591+00	2025-07-23 11:20:12.9616+00	0	914	t	f	112	1	0	0	t
77	2025-07-23 11:20:12.965549+00	2025-07-23 11:20:12.965558+00	0	914	t	f	112	1	0	0	t
78	2025-07-23 11:20:12.971835+00	2025-07-23 11:20:12.97186+00	0	914	t	f	112	1	0	0	t
79	2025-07-23 11:20:12.979343+00	2025-07-23 11:20:12.979366+00	0	914	t	f	112	1	0	0	t
80	2025-07-23 11:20:12.985511+00	2025-07-23 11:20:12.985525+00	0	915	t	f	113	1	0	0	t
81	2025-07-23 11:20:12.992642+00	2025-07-23 11:20:12.992656+00	0	915	t	f	113	1	0	0	t
82	2025-07-23 11:20:12.997397+00	2025-07-23 11:20:12.997411+00	0	915	t	f	113	1	0	0	t
83	2025-07-23 11:20:13.002076+00	2025-07-23 11:20:13.002086+00	0	915	t	f	113	1	0	0	t
84	2025-07-23 11:20:13.006344+00	2025-07-23 11:20:13.006353+00	0	915	t	f	113	1	0	0	t
85	2025-07-23 11:20:13.010829+00	2025-07-23 11:20:13.010838+00	0	915	t	f	113	1	0	0	t
86	2025-07-23 11:20:13.015063+00	2025-07-23 11:20:13.015071+00	0	915	t	f	113	1	0	0	t
87	2025-07-23 11:20:13.019761+00	2025-07-23 11:20:13.01977+00	0	916	t	f	113	1	0	0	t
88	2025-07-23 11:20:13.029338+00	2025-07-23 11:20:13.029361+00	0	916	t	f	113	1	0	0	t
89	2025-07-23 11:20:13.035826+00	2025-07-23 11:20:13.035841+00	0	916	t	f	113	1	0	0	t
90	2025-07-23 11:20:13.041313+00	2025-07-23 11:20:13.041327+00	0	917	t	f	112	1	0	0	t
91	2025-07-23 11:20:13.045817+00	2025-07-23 11:20:13.045826+00	0	917	t	f	112	1	0	0	t
92	2025-07-23 11:20:13.050062+00	2025-07-23 11:20:13.050071+00	0	917	t	f	112	1	0	0	t
93	2025-07-23 11:20:13.05441+00	2025-07-23 11:20:13.054418+00	0	917	t	f	112	1	0	0	t
94	2025-07-23 11:20:13.060136+00	2025-07-23 11:20:13.060144+00	0	917	t	f	112	1	0	0	t
95	2025-07-23 11:20:13.064082+00	2025-07-23 11:20:13.064091+00	0	917	t	f	110	1	0	0	t
96	2025-07-23 11:20:13.068031+00	2025-07-23 11:20:13.068039+00	0	917	t	f	112	1	0	0	t
97	2025-07-23 11:20:13.071994+00	2025-07-23 11:20:13.072003+00	0	917	t	f	110	1	0	0	t
98	2025-07-23 11:20:13.079625+00	2025-07-23 11:20:13.079648+00	0	918	t	f	112	1	0	0	t
99	2025-07-23 11:20:13.087526+00	2025-07-23 11:20:13.087551+00	0	918	t	f	112	1	0	0	t
100	2025-07-23 11:20:13.094953+00	2025-07-23 11:20:13.094967+00	0	918	t	f	110	1	0	0	t
101	2025-07-23 11:20:13.111661+00	2025-07-23 11:20:13.111681+00	0	918	t	f	110	1	0	0	t
102	2025-07-23 11:20:13.117697+00	2025-07-23 11:20:13.117712+00	0	918	t	f	112	1	0	0	t
103	2025-07-23 11:20:13.123295+00	2025-07-23 11:20:13.123309+00	0	918	t	f	112	1	0	0	t
104	2025-07-23 11:20:13.128064+00	2025-07-23 11:20:13.128074+00	0	918	t	f	112	1	0	0	t
105	2025-07-23 11:20:13.132598+00	2025-07-23 11:20:13.132608+00	0	919	t	f	114	1	0	0	t
106	2025-07-23 11:20:13.136932+00	2025-07-23 11:20:13.136941+00	0	919	t	f	114	1	0	0	t
109	2025-07-23 11:20:13.15102+00	2025-07-23 11:20:13.151028+00	0	264	t	f	115	1	0	0	t
110	2025-07-23 11:20:13.15517+00	2025-07-23 11:20:13.155179+00	0	921	t	f	116	1	0	0	t
111	2025-07-23 11:20:13.15908+00	2025-07-23 11:20:13.159089+00	0	921	t	f	116	1	0	0	t
112	2025-07-23 11:20:13.162921+00	2025-07-23 11:20:13.16293+00	0	921	t	f	116	1	0	0	t
113	2025-07-23 11:20:13.166816+00	2025-07-23 11:20:13.166824+00	0	265	t	f	115	1	0	0	t
114	2025-07-23 11:20:13.172474+00	2025-07-23 11:20:13.172483+00	0	263	t	f	115	1	0	0	t
115	2025-07-23 11:20:13.176522+00	2025-07-23 11:20:13.176531+00	0	922	t	f	110	1	0	0	t
116	2025-07-23 11:20:13.181182+00	2025-07-23 11:20:13.181193+00	0	923	t	f	108	1	0	0	t
117	2025-07-23 11:20:13.185769+00	2025-07-23 11:20:13.185777+00	0	923	t	f	108	1	0	0	t
118	2025-07-23 11:20:13.190383+00	2025-07-23 11:20:13.190392+00	0	923	t	f	108	1	0	0	t
119	2025-07-23 11:20:13.194752+00	2025-07-23 11:20:13.19476+00	0	923	t	f	108	1	0	0	t
120	2025-07-23 11:20:13.199013+00	2025-07-23 11:20:13.199022+00	0	923	t	f	108	1	0	0	t
121	2025-07-23 11:20:13.204717+00	2025-07-23 11:20:13.204725+00	0	924	t	f	108	1	0	0	t
122	2025-07-23 11:20:13.208794+00	2025-07-23 11:20:13.208803+00	0	925	t	f	108	1	0	0	t
123	2025-07-23 11:20:13.212717+00	2025-07-23 11:20:13.212725+00	0	926	t	f	108	1	0	0	t
124	2025-07-23 11:20:13.216688+00	2025-07-23 11:20:13.216697+00	0	927	t	f	108	1	0	0	t
125	2025-07-23 11:20:13.220668+00	2025-07-23 11:20:13.220677+00	0	927	t	f	108	1	0	0	t
126	2025-07-23 11:20:13.224793+00	2025-07-23 11:20:13.224802+00	0	927	t	f	108	1	0	0	t
127	2025-07-23 11:20:13.22898+00	2025-07-23 11:20:13.228988+00	0	928	t	f	108	1	0	0	t
128	2025-07-23 11:20:13.234639+00	2025-07-23 11:20:13.234648+00	0	928	t	f	108	1	0	0	t
129	2025-07-23 11:20:13.238561+00	2025-07-23 11:20:13.238569+00	0	928	t	f	108	1	0	0	t
130	2025-07-23 11:20:13.242614+00	2025-07-23 11:20:13.242622+00	0	928	t	f	108	1	0	0	t
108	2025-07-23 11:20:13.146956+00	2025-07-25 14:49:50.79352+00	0	920	t	f	114	1	0	0	t
131	2025-07-23 11:20:13.246555+00	2025-07-23 11:20:13.246564+00	0	928	t	f	108	1	0	0	t
132	2025-07-23 11:20:13.250747+00	2025-07-23 11:20:13.250755+00	0	929	t	f	105	1	0	0	t
133	2025-07-23 11:20:13.254719+00	2025-07-23 11:20:13.254727+00	0	929	t	f	105	1	0	0	t
134	2025-07-23 11:20:13.260397+00	2025-07-23 11:20:13.260406+00	0	929	t	f	105	1	0	0	t
135	2025-07-23 11:20:13.264377+00	2025-07-23 11:20:13.264385+00	0	929	t	f	105	1	0	0	t
136	2025-07-23 11:20:13.268399+00	2025-07-23 11:20:13.268407+00	0	929	t	f	105	1	0	0	t
137	2025-07-23 11:20:13.272276+00	2025-07-23 11:20:13.272284+00	0	929	t	f	105	1	0	0	t
138	2025-07-23 11:20:13.279885+00	2025-07-23 11:20:13.279983+00	0	930	t	f	105	1	0	0	t
139	2025-07-23 11:20:13.288191+00	2025-07-23 11:20:13.288214+00	0	930	t	f	105	1	0	0	t
140	2025-07-23 11:20:13.294174+00	2025-07-23 11:20:13.294188+00	0	930	t	f	105	1	0	0	t
141	2025-07-23 11:20:13.301546+00	2025-07-23 11:20:13.301558+00	0	930	t	f	105	1	0	0	t
142	2025-07-23 11:20:13.306813+00	2025-07-23 11:20:13.306825+00	0	930	t	f	105	1	0	0	t
143	2025-07-23 11:20:13.311809+00	2025-07-23 11:20:13.311818+00	0	931	t	f	105	1	0	0	t
144	2025-07-23 11:20:13.316447+00	2025-07-23 11:20:13.316459+00	0	931	t	f	105	1	0	0	t
145	2025-07-23 11:20:13.32071+00	2025-07-23 11:20:13.320718+00	0	931	t	f	105	1	0	0	t
146	2025-07-23 11:20:13.325254+00	2025-07-23 11:20:13.325262+00	0	931	t	f	105	1	0	0	t
147	2025-07-23 11:20:13.329201+00	2025-07-23 11:20:13.329209+00	0	931	t	f	105	1	0	0	t
148	2025-07-23 11:20:13.334766+00	2025-07-23 11:20:13.334774+00	0	884	t	f	117	1	0	0	t
149	2025-07-23 11:20:13.338484+00	2025-07-23 11:20:13.338492+00	0	884	t	f	117	1	0	0	t
150	2025-07-23 11:20:13.34248+00	2025-07-23 11:20:13.342489+00	0	884	t	f	117	1	0	0	t
151	2025-07-23 11:20:13.350071+00	2025-07-23 11:20:13.350095+00	0	884	t	f	117	1	0	0	t
152	2025-07-23 11:20:13.35675+00	2025-07-23 11:20:13.356767+00	0	884	t	f	117	1	0	0	t
153	2025-07-23 11:20:13.362635+00	2025-07-23 11:20:13.362647+00	0	89	t	f	118	1	0	0	t
154	2025-07-23 11:20:13.367804+00	2025-07-23 11:20:13.367816+00	0	89	t	f	108	1	0	0	t
155	2025-07-23 11:20:13.393641+00	2025-07-23 11:20:13.39367+00	0	932	t	f	105	1	0	0	t
156	2025-07-23 11:20:13.41255+00	2025-07-23 11:20:13.412579+00	0	932	t	f	105	1	0	0	t
157	2025-07-23 11:20:13.420046+00	2025-07-23 11:20:13.420069+00	0	932	t	f	105	1	0	0	t
158	2025-07-23 11:20:13.426168+00	2025-07-23 11:20:13.426182+00	0	932	t	f	105	1	0	0	t
159	2025-07-23 11:20:13.43194+00	2025-07-23 11:20:13.431955+00	0	932	t	f	105	1	0	0	t
160	2025-07-23 11:20:13.436829+00	2025-07-23 11:20:13.436839+00	0	933	t	f	105	1	0	0	t
161	2025-07-23 11:20:13.443274+00	2025-07-23 11:20:13.443282+00	0	933	t	f	105	1	0	0	t
162	2025-07-23 11:20:13.447656+00	2025-07-23 11:20:13.447665+00	0	933	t	f	105	1	0	0	t
163	2025-07-23 11:20:13.451898+00	2025-07-23 11:20:13.451923+00	0	933	t	f	105	1	0	0	t
164	2025-07-23 11:20:13.456502+00	2025-07-23 11:20:13.456511+00	0	933	t	f	105	1	0	0	t
165	2025-07-23 11:20:13.460956+00	2025-07-23 11:20:13.460965+00	0	934	t	f	105	1	0	0	t
166	2025-07-23 11:20:13.465547+00	2025-07-23 11:20:13.465555+00	0	934	t	f	105	1	0	0	t
167	2025-07-23 11:20:13.469658+00	2025-07-23 11:20:13.469667+00	0	934	t	f	105	1	0	0	t
168	2025-07-23 11:20:13.475491+00	2025-07-23 11:20:13.4755+00	0	934	t	f	105	1	0	0	t
169	2025-07-23 11:20:13.479761+00	2025-07-23 11:20:13.47977+00	0	934	t	f	105	1	0	0	t
170	2025-07-23 11:20:13.483836+00	2025-07-23 11:20:13.483845+00	0	935	t	f	105	1	0	0	t
171	2025-07-23 11:20:13.488126+00	2025-07-23 11:20:13.488135+00	0	935	t	f	105	1	0	0	t
172	2025-07-23 11:20:13.492368+00	2025-07-23 11:20:13.492378+00	0	935	t	f	105	1	0	0	t
173	2025-07-23 11:20:13.496247+00	2025-07-23 11:20:13.496256+00	0	935	t	f	105	1	0	0	t
174	2025-07-23 11:20:13.500048+00	2025-07-23 11:20:13.500056+00	0	935	t	f	105	1	0	0	t
175	2025-07-23 11:20:13.505966+00	2025-07-23 11:20:13.505975+00	0	936	t	f	105	1	0	0	t
176	2025-07-23 11:20:13.510025+00	2025-07-23 11:20:13.510034+00	0	936	t	f	105	1	0	0	t
177	2025-07-23 11:20:13.514162+00	2025-07-23 11:20:13.514172+00	0	936	t	f	105	1	0	0	t
178	2025-07-23 11:20:13.518371+00	2025-07-23 11:20:13.51838+00	0	936	t	f	105	1	0	0	t
179	2025-07-23 11:20:13.522934+00	2025-07-23 11:20:13.522943+00	0	936	t	f	105	1	0	0	t
180	2025-07-23 11:20:13.527122+00	2025-07-23 11:20:13.527131+00	0	936	t	f	105	1	0	0	t
181	2025-07-23 11:20:13.537199+00	2025-07-23 11:20:13.537223+00	0	936	t	f	105	1	0	0	t
182	2025-07-23 11:20:13.544767+00	2025-07-23 11:20:13.544784+00	0	936	t	f	105	1	0	0	t
183	2025-07-23 11:20:13.550257+00	2025-07-23 11:20:13.550271+00	0	936	t	f	105	1	0	0	t
184	2025-07-23 11:20:13.555478+00	2025-07-23 11:20:13.555488+00	0	936	t	f	105	1	0	0	t
185	2025-07-23 11:20:13.559951+00	2025-07-23 11:20:13.55996+00	0	885	t	f	117	1	0	0	t
186	2025-07-23 11:20:13.564524+00	2025-07-23 11:20:13.564532+00	0	885	t	f	117	1	0	0	t
187	2025-07-23 11:20:13.568941+00	2025-07-23 11:20:13.56895+00	0	885	t	f	117	1	0	0	t
188	2025-07-23 11:20:13.575268+00	2025-07-23 11:20:13.575276+00	0	885	t	f	117	1	0	0	t
189	2025-07-23 11:20:13.579671+00	2025-07-23 11:20:13.57968+00	0	885	t	f	117	1	0	0	t
190	2025-07-23 11:20:13.584327+00	2025-07-23 11:20:13.584336+00	0	885	t	f	117	1	0	0	t
191	2025-07-23 11:20:13.588362+00	2025-07-23 11:20:13.58837+00	0	885	t	f	117	1	0	0	t
192	2025-07-23 11:20:13.592512+00	2025-07-23 11:20:13.592523+00	0	885	t	f	117	1	0	0	t
193	2025-07-23 11:20:13.596379+00	2025-07-23 11:20:13.596388+00	0	885	t	f	117	1	0	0	t
194	2025-07-23 11:20:13.600195+00	2025-07-23 11:20:13.600203+00	0	885	t	f	117	1	0	0	t
195	2025-07-23 11:20:13.60584+00	2025-07-23 11:20:13.605848+00	0	937	t	f	108	1	0	0	t
196	2025-07-23 11:20:13.609849+00	2025-07-23 11:20:13.609857+00	0	937	t	f	117	1	0	0	t
197	2025-07-23 11:20:13.614022+00	2025-07-23 11:20:13.614031+00	0	937	t	f	117	1	0	0	t
198	2025-07-23 11:20:13.618211+00	2025-07-23 11:20:13.618219+00	0	937	t	f	108	1	0	0	t
199	2025-07-23 11:20:13.622118+00	2025-07-23 11:20:13.622127+00	0	937	t	f	117	1	0	0	t
200	2025-07-23 11:20:13.626028+00	2025-07-23 11:20:13.626037+00	0	938	t	f	108	1	0	0	t
201	2025-07-23 11:20:13.63363+00	2025-07-23 11:20:13.633638+00	0	939	t	f	118	1	0	0	t
202	2025-07-23 11:20:13.637897+00	2025-07-23 11:20:13.637922+00	0	940	t	f	108	1	0	0	t
203	2025-07-23 11:20:13.642237+00	2025-07-23 11:20:13.642247+00	0	343	t	f	118	1	0	0	t
204	2025-07-23 11:20:13.646499+00	2025-07-23 11:20:13.646507+00	0	343	t	f	118	1	0	0	t
205	2025-07-23 11:20:13.650365+00	2025-07-23 11:20:13.650373+00	0	343	t	f	118	1	0	0	t
206	2025-07-23 11:20:13.654394+00	2025-07-23 11:20:13.654403+00	0	941	t	f	118	1	0	0	t
207	2025-07-23 11:20:13.658234+00	2025-07-23 11:20:13.658243+00	0	941	t	f	108	1	0	0	t
208	2025-07-23 11:20:13.664086+00	2025-07-23 11:20:13.664097+00	0	941	t	f	118	1	0	0	t
209	2025-07-23 11:20:13.667976+00	2025-07-23 11:20:13.667986+00	0	941	t	f	118	1	0	0	t
210	2025-07-23 11:20:13.671916+00	2025-07-23 11:20:13.671925+00	0	941	t	f	118	1	0	0	t
211	2025-07-23 11:20:13.676048+00	2025-07-23 11:20:13.676057+00	0	942	t	f	108	1	0	0	t
212	2025-07-23 11:20:13.680108+00	2025-07-23 11:20:13.680118+00	0	942	t	f	108	1	0	0	t
213	2025-07-23 11:20:13.684096+00	2025-07-23 11:20:13.684105+00	0	942	t	f	118	1	0	0	t
214	2025-07-23 11:20:13.68816+00	2025-07-23 11:20:13.688169+00	0	942	t	f	118	1	0	0	t
215	2025-07-23 11:20:13.694068+00	2025-07-23 11:20:13.694076+00	0	942	t	f	118	1	0	0	t
216	2025-07-23 11:20:13.698098+00	2025-07-23 11:20:13.698107+00	0	943	t	f	105	1	0	0	t
217	2025-07-23 11:20:13.702457+00	2025-07-23 11:20:13.702466+00	0	943	t	f	105	1	0	0	t
218	2025-07-23 11:20:13.706811+00	2025-07-23 11:20:13.706819+00	0	943	t	f	105	1	0	0	t
219	2025-07-23 11:20:13.710989+00	2025-07-23 11:20:13.710998+00	0	943	t	f	105	1	0	0	t
220	2025-07-23 11:20:13.715278+00	2025-07-23 11:20:13.715288+00	0	944	t	f	119	1	0	0	t
221	2025-07-23 11:20:13.721763+00	2025-07-23 11:20:13.721773+00	0	944	t	f	119	1	0	0	t
222	2025-07-23 11:20:13.725581+00	2025-07-23 11:20:13.72559+00	0	944	t	f	119	1	0	0	t
223	2025-07-23 11:20:13.729684+00	2025-07-23 11:20:13.729693+00	0	944	t	f	119	1	0	0	t
224	2025-07-23 11:20:13.733879+00	2025-07-23 11:20:13.733888+00	0	944	t	f	119	1	0	0	t
225	2025-07-23 11:20:13.737988+00	2025-07-23 11:20:13.737996+00	0	945	t	f	118	1	0	0	t
226	2025-07-23 11:20:13.742025+00	2025-07-23 11:20:13.742034+00	0	945	t	f	118	1	0	0	t
227	2025-07-23 11:20:13.74595+00	2025-07-23 11:20:13.745959+00	0	945	t	f	118	1	0	0	t
228	2025-07-23 11:20:13.751422+00	2025-07-23 11:20:13.751433+00	0	945	t	f	118	1	0	0	t
229	2025-07-23 11:20:13.755367+00	2025-07-23 11:20:13.755375+00	0	945	t	f	108	1	0	0	t
230	2025-07-23 11:20:13.759371+00	2025-07-23 11:20:13.759379+00	0	945	t	f	108	1	0	0	t
231	2025-07-23 11:20:13.763572+00	2025-07-23 11:20:13.763581+00	0	422	t	f	108	1	0	0	t
232	2025-07-23 11:20:13.767641+00	2025-07-23 11:20:13.767649+00	0	422	t	f	108	1	0	0	t
233	2025-07-23 11:20:13.771575+00	2025-07-23 11:20:13.771584+00	0	422	t	f	118	1	0	0	t
234	2025-07-23 11:20:13.775479+00	2025-07-23 11:20:13.775488+00	0	422	t	f	118	1	0	0	t
235	2025-07-23 11:20:13.781109+00	2025-07-23 11:20:13.781118+00	0	422	t	f	118	1	0	0	t
236	2025-07-23 11:20:13.78484+00	2025-07-23 11:20:13.784849+00	0	946	t	f	108	1	0	0	t
237	2025-07-23 11:20:13.788664+00	2025-07-23 11:20:13.788672+00	0	946	t	f	118	1	0	0	t
238	2025-07-23 11:20:13.793074+00	2025-07-23 11:20:13.793082+00	0	946	t	f	118	1	0	0	t
239	2025-07-23 11:20:13.797026+00	2025-07-23 11:20:13.797035+00	0	946	t	f	118	1	0	0	t
240	2025-07-23 11:20:13.800889+00	2025-07-23 11:20:13.800897+00	0	946	t	f	118	1	0	0	t
241	2025-07-23 11:20:13.806547+00	2025-07-23 11:20:13.806557+00	0	94	t	f	108	1	0	0	t
242	2025-07-23 11:20:13.811515+00	2025-07-23 11:20:13.811528+00	0	94	t	f	108	1	0	0	t
243	2025-07-23 11:20:13.818804+00	2025-07-23 11:20:13.818823+00	0	94	t	f	118	1	0	0	t
244	2025-07-23 11:20:13.825682+00	2025-07-23 11:20:13.825702+00	0	94	t	f	118	1	0	0	t
245	2025-07-23 11:20:13.831246+00	2025-07-23 11:20:13.831258+00	0	94	t	f	118	1	0	0	t
246	2025-07-23 11:20:13.836294+00	2025-07-23 11:20:13.836306+00	0	947	t	f	118	1	0	0	t
247	2025-07-23 11:20:13.840726+00	2025-07-23 11:20:13.840735+00	0	947	t	f	108	1	0	0	t
248	2025-07-23 11:20:13.846756+00	2025-07-23 11:20:13.846765+00	0	947	t	f	118	1	0	0	t
249	2025-07-23 11:20:13.850932+00	2025-07-23 11:20:13.850941+00	0	947	t	f	108	1	0	0	t
250	2025-07-23 11:20:13.855048+00	2025-07-23 11:20:13.855057+00	0	947	t	f	118	1	0	0	t
251	2025-07-23 11:20:13.859144+00	2025-07-23 11:20:13.859153+00	0	108	t	f	118	1	0	0	t
252	2025-07-23 11:20:13.863036+00	2025-07-23 11:20:13.863045+00	0	948	t	f	118	1	0	0	t
253	2025-07-23 11:20:13.866931+00	2025-07-23 11:20:13.866939+00	0	949	t	f	118	1	0	0	t
254	2025-07-23 11:20:13.870713+00	2025-07-23 11:20:13.870721+00	0	950	t	f	118	1	0	0	t
255	2025-07-23 11:20:13.876347+00	2025-07-23 11:20:13.876355+00	0	108	t	f	108	1	0	0	t
256	2025-07-23 11:20:13.880142+00	2025-07-23 11:20:13.88015+00	0	108	t	f	108	1	0	0	t
257	2025-07-23 11:20:13.88417+00	2025-07-23 11:20:13.884178+00	0	951	t	f	110	1	0	0	t
258	2025-07-23 11:20:13.888172+00	2025-07-23 11:20:13.888182+00	0	952	t	f	110	1	0	0	t
259	2025-07-23 11:20:13.892199+00	2025-07-23 11:20:13.892207+00	0	906	t	f	120	22	0	0	t
260	2025-07-23 11:20:13.896345+00	2025-07-23 11:20:13.896353+00	0	906	t	f	120	22	0	0	t
261	2025-07-23 11:20:13.900177+00	2025-07-23 11:20:13.900186+00	0	906	t	f	120	22	0	0	t
262	2025-07-23 11:20:13.921542+00	2025-07-23 11:20:13.92156+00	0	906	t	f	120	22	0	0	t
263	2025-07-23 11:20:13.927414+00	2025-07-23 11:20:13.92743+00	0	906	t	f	120	22	0	0	t
264	2025-07-23 11:20:13.932969+00	2025-07-23 11:20:13.93298+00	0	907	t	f	120	22	0	0	t
265	2025-07-23 11:20:13.937534+00	2025-07-23 11:20:13.937544+00	0	907	t	f	120	22	0	0	t
266	2025-07-23 11:20:13.942012+00	2025-07-23 11:20:13.942021+00	0	907	t	f	120	22	0	0	t
267	2025-07-23 11:20:13.946114+00	2025-07-23 11:20:13.946123+00	0	907	t	f	120	22	0	0	t
268	2025-07-23 11:20:13.951795+00	2025-07-23 11:20:13.951803+00	0	907	t	f	120	22	0	0	t
269	2025-07-23 11:20:13.955647+00	2025-07-23 11:20:13.955656+00	0	908	t	f	120	22	0	0	t
270	2025-07-23 11:20:13.95957+00	2025-07-23 11:20:13.959579+00	0	908	t	f	120	22	0	0	t
271	2025-07-23 11:20:13.963365+00	2025-07-23 11:20:13.963374+00	0	908	t	f	120	22	0	0	t
272	2025-07-23 11:20:13.967093+00	2025-07-23 11:20:13.967102+00	0	909	t	f	120	22	0	0	t
273	2025-07-23 11:20:13.971093+00	2025-07-23 11:20:13.971102+00	0	909	t	f	120	22	0	0	t
274	2025-07-23 11:20:13.974974+00	2025-07-23 11:20:13.974983+00	0	911	t	f	120	22	0	0	t
275	2025-07-23 11:20:13.981047+00	2025-07-23 11:20:13.981056+00	0	407	t	f	120	22	0	0	t
276	2025-07-23 11:20:13.985325+00	2025-07-23 11:20:13.985333+00	0	914	t	f	120	22	0	0	t
277	2025-07-23 11:20:13.989487+00	2025-07-23 11:20:13.989496+00	0	917	t	f	120	22	0	0	t
278	2025-07-23 11:20:13.993549+00	2025-07-23 11:20:13.993558+00	0	917	t	f	120	22	0	0	t
279	2025-07-23 11:20:13.997631+00	2025-07-23 11:20:13.99764+00	0	918	t	f	120	22	0	0	t
280	2025-07-23 11:20:14.003114+00	2025-07-23 11:20:14.003123+00	0	927	t	f	120	22	0	0	t
281	2025-07-23 11:20:14.008893+00	2025-07-23 11:20:14.008902+00	0	927	t	f	120	22	0	0	t
282	2025-07-23 11:20:14.013337+00	2025-07-23 11:20:14.013346+00	0	928	t	f	120	22	0	0	t
283	2025-07-23 11:20:14.017612+00	2025-07-23 11:20:14.017621+00	0	928	t	f	120	22	0	0	t
284	2025-07-23 11:20:14.021822+00	2025-07-23 11:20:14.02183+00	0	931	t	f	120	22	0	0	t
285	2025-07-23 11:20:14.026227+00	2025-07-23 11:20:14.026235+00	0	931	t	f	120	22	0	0	t
286	2025-07-23 11:20:14.030336+00	2025-07-23 11:20:14.030345+00	0	931	t	f	120	22	0	0	t
287	2025-07-23 11:20:14.034384+00	2025-07-23 11:20:14.034393+00	0	931	t	f	120	22	0	0	t
288	2025-07-23 11:20:14.040041+00	2025-07-23 11:20:14.04005+00	0	931	t	f	120	22	0	0	t
289	2025-07-23 11:20:14.044032+00	2025-07-23 11:20:14.04404+00	0	884	t	f	120	22	0	0	t
290	2025-07-23 11:20:14.048119+00	2025-07-23 11:20:14.048127+00	0	884	t	f	120	22	0	0	t
291	2025-07-23 11:20:14.052167+00	2025-07-23 11:20:14.052175+00	0	884	t	f	120	22	0	0	t
292	2025-07-23 11:20:14.059489+00	2025-07-23 11:20:14.059512+00	0	884	t	f	120	22	0	0	t
293	2025-07-23 11:20:14.065988+00	2025-07-23 11:20:14.066004+00	0	884	t	f	120	22	0	0	t
294	2025-07-23 11:20:14.071634+00	2025-07-23 11:20:14.071649+00	0	89	t	f	120	22	0	0	t
295	2025-07-23 11:20:14.078263+00	2025-07-23 11:20:14.078272+00	0	89	t	f	120	22	0	0	t
296	2025-07-23 11:20:14.082764+00	2025-07-23 11:20:14.082773+00	0	932	t	f	120	22	0	0	t
297	2025-07-23 11:20:14.08708+00	2025-07-23 11:20:14.087089+00	0	932	t	f	120	22	0	0	t
298	2025-07-23 11:20:14.09132+00	2025-07-23 11:20:14.091329+00	0	932	t	f	120	22	0	0	t
299	2025-07-23 11:20:14.095413+00	2025-07-23 11:20:14.095421+00	0	932	t	f	120	22	0	0	t
300	2025-07-23 11:20:14.099376+00	2025-07-23 11:20:14.099385+00	0	932	t	f	120	22	0	0	t
301	2025-07-23 11:20:14.105078+00	2025-07-23 11:20:14.105086+00	0	933	t	f	120	22	0	0	t
302	2025-07-23 11:20:14.109424+00	2025-07-23 11:20:14.109432+00	0	933	t	f	120	22	0	0	t
303	2025-07-23 11:20:14.113611+00	2025-07-23 11:20:14.11362+00	0	933	t	f	120	22	0	0	t
304	2025-07-23 11:20:14.117657+00	2025-07-23 11:20:14.117665+00	0	933	t	f	120	22	0	0	t
305	2025-07-23 11:20:14.121628+00	2025-07-23 11:20:14.121636+00	0	933	t	f	120	22	0	0	t
306	2025-07-23 11:20:14.125507+00	2025-07-23 11:20:14.125515+00	0	934	t	f	120	22	0	0	t
307	2025-07-23 11:20:14.129309+00	2025-07-23 11:20:14.129317+00	0	934	t	f	120	22	0	0	t
308	2025-07-23 11:20:14.134573+00	2025-07-23 11:20:14.134582+00	0	934	t	f	120	22	0	0	t
309	2025-07-23 11:20:14.138345+00	2025-07-23 11:20:14.138354+00	0	934	t	f	120	22	0	0	t
310	2025-07-23 11:20:14.142325+00	2025-07-23 11:20:14.142333+00	0	934	t	f	120	22	0	0	t
311	2025-07-23 11:20:14.146575+00	2025-07-23 11:20:14.146583+00	0	935	t	f	120	22	0	0	t
312	2025-07-23 11:20:14.150633+00	2025-07-23 11:20:14.150642+00	0	935	t	f	120	22	0	0	t
313	2025-07-23 11:20:14.154737+00	2025-07-23 11:20:14.154745+00	0	935	t	f	120	22	0	0	t
314	2025-07-23 11:20:14.158722+00	2025-07-23 11:20:14.158731+00	0	935	t	f	120	22	0	0	t
315	2025-07-23 11:20:14.165548+00	2025-07-23 11:20:14.165557+00	0	935	t	f	120	22	0	0	t
316	2025-07-23 11:20:14.169654+00	2025-07-23 11:20:14.169663+00	0	936	t	f	120	22	0	0	t
317	2025-07-23 11:20:14.17385+00	2025-07-23 11:20:14.173859+00	0	936	t	f	120	22	0	0	t
318	2025-07-23 11:20:14.177779+00	2025-07-23 11:20:14.177788+00	0	936	t	f	120	22	0	0	t
319	2025-07-23 11:20:14.181749+00	2025-07-23 11:20:14.181758+00	0	936	t	f	120	22	0	0	t
320	2025-07-23 11:20:14.185597+00	2025-07-23 11:20:14.185606+00	0	936	t	f	120	22	0	0	t
321	2025-07-23 11:20:14.189553+00	2025-07-23 11:20:14.189562+00	0	885	t	f	120	22	0	0	t
322	2025-07-23 11:20:14.195083+00	2025-07-23 11:20:14.195092+00	0	885	t	f	120	22	0	0	t
323	2025-07-23 11:20:14.198919+00	2025-07-23 11:20:14.198928+00	0	885	t	f	120	22	0	0	t
324	2025-07-23 11:20:14.202766+00	2025-07-23 11:20:14.202774+00	0	885	t	f	120	22	0	0	t
325	2025-07-23 11:20:14.206593+00	2025-07-23 11:20:14.206602+00	0	885	t	f	120	22	0	0	t
326	2025-07-23 11:20:14.210453+00	2025-07-23 11:20:14.210462+00	0	937	t	f	120	22	0	0	t
327	2025-07-23 11:20:14.214471+00	2025-07-23 11:20:14.21448+00	0	937	t	f	120	22	0	0	t
328	2025-07-23 11:20:14.220163+00	2025-07-23 11:20:14.220174+00	0	937	t	f	120	22	0	0	t
329	2025-07-23 11:20:14.226414+00	2025-07-23 11:20:14.226426+00	0	937	t	f	120	22	0	0	t
330	2025-07-23 11:20:14.230675+00	2025-07-23 11:20:14.230685+00	0	937	t	f	120	22	0	0	t
331	2025-07-23 11:20:14.23493+00	2025-07-23 11:20:14.23494+00	0	343	t	f	120	22	0	0	t
332	2025-07-23 11:20:14.238938+00	2025-07-23 11:20:14.238946+00	0	343	t	f	120	22	0	0	t
333	2025-07-23 11:20:14.24305+00	2025-07-23 11:20:14.243059+00	0	941	t	f	120	22	0	0	t
334	2025-07-23 11:20:14.247182+00	2025-07-23 11:20:14.247191+00	0	941	t	f	120	22	0	0	t
335	2025-07-23 11:20:14.252921+00	2025-07-23 11:20:14.25293+00	0	941	t	f	120	22	0	0	t
336	2025-07-23 11:20:14.256641+00	2025-07-23 11:20:14.25665+00	0	942	t	f	120	22	0	0	t
337	2025-07-23 11:20:14.260557+00	2025-07-23 11:20:14.260566+00	0	942	t	f	120	22	0	0	t
338	2025-07-23 11:20:14.264615+00	2025-07-23 11:20:14.264624+00	0	942	t	f	120	22	0	0	t
339	2025-07-23 11:20:14.268783+00	2025-07-23 11:20:14.268792+00	0	943	t	f	120	22	0	0	t
340	2025-07-23 11:20:14.272729+00	2025-07-23 11:20:14.272738+00	0	943	t	f	120	22	0	0	t
341	2025-07-23 11:20:14.276704+00	2025-07-23 11:20:14.276712+00	0	943	t	f	120	22	0	0	t
342	2025-07-23 11:20:14.282286+00	2025-07-23 11:20:14.282295+00	0	943	t	f	120	22	0	0	t
343	2025-07-23 11:20:14.286099+00	2025-07-23 11:20:14.286107+00	0	422	t	f	120	22	0	0	t
344	2025-07-23 11:20:14.289938+00	2025-07-23 11:20:14.289947+00	0	422	t	f	120	22	0	0	t
345	2025-07-23 11:20:14.293796+00	2025-07-23 11:20:14.293804+00	0	422	t	f	120	22	0	0	t
346	2025-07-23 11:20:14.297759+00	2025-07-23 11:20:14.297768+00	0	94	t	f	120	22	0	0	t
347	2025-07-23 11:20:14.30152+00	2025-07-23 11:20:14.301529+00	0	94	t	f	120	22	0	0	t
348	2025-07-23 11:20:14.30698+00	2025-07-23 11:20:14.306988+00	0	94	t	f	120	22	0	0	t
349	2025-07-23 11:20:14.310809+00	2025-07-23 11:20:14.310818+00	0	94	t	f	120	22	0	0	t
350	2025-07-23 11:20:14.315175+00	2025-07-23 11:20:14.315186+00	0	94	t	f	120	22	0	0	t
351	2025-07-23 11:20:14.319502+00	2025-07-23 11:20:14.31951+00	0	947	t	f	120	22	0	0	t
352	2025-07-23 11:20:14.323578+00	2025-07-23 11:20:14.323586+00	0	947	t	f	120	22	0	0	t
353	2025-07-23 11:20:14.327467+00	2025-07-23 11:20:14.327476+00	0	947	t	f	120	22	0	0	t
354	2025-07-23 11:20:14.331284+00	2025-07-23 11:20:14.331293+00	0	947	t	f	120	22	0	0	t
355	2025-07-23 11:20:14.337247+00	2025-07-23 11:20:14.337256+00	0	947	t	f	120	22	0	0	t
356	2025-07-23 11:20:14.341043+00	2025-07-23 11:20:14.341051+00	0	108	t	f	120	22	0	0	t
357	2025-07-23 11:20:14.345032+00	2025-07-23 11:20:14.345041+00	0	108	t	f	120	22	0	0	t
358	2025-07-23 11:20:14.348855+00	2025-07-23 11:20:14.348863+00	0	108	t	f	120	22	0	0	t
359	2025-07-23 11:20:14.352836+00	2025-07-23 11:20:14.352844+00	0	952	t	f	120	22	0	0	t
360	2025-07-23 11:20:14.35666+00	2025-07-23 11:20:14.356668+00	0	952	t	f	120	22	0	0	t
361	2025-07-23 11:20:14.360396+00	2025-07-23 11:20:14.360405+00	0	952	t	f	120	22	0	0	t
362	2025-07-23 11:20:14.365888+00	2025-07-23 11:20:14.365897+00	0	953	t	f	122	1	0	0	t
363	2025-07-23 11:20:14.369659+00	2025-07-23 11:20:14.369668+00	0	953	t	f	122	1	0	0	t
364	2025-07-23 11:20:14.373655+00	2025-07-23 11:20:14.373663+00	0	953	t	f	122	1	0	0	t
365	2025-07-23 11:20:14.37765+00	2025-07-23 11:20:14.377658+00	0	954	t	f	122	1	0	0	t
366	2025-07-23 11:20:14.381422+00	2025-07-23 11:20:14.38143+00	0	954	t	f	122	1	0	0	t
367	2025-07-23 11:20:14.38527+00	2025-07-23 11:20:14.385279+00	0	954	t	f	122	1	0	0	t
368	2025-07-23 11:20:14.390901+00	2025-07-23 11:20:14.390923+00	0	955	t	f	110	1	0	0	t
369	2025-07-23 11:20:14.394808+00	2025-07-23 11:20:14.394816+00	0	955	t	f	110	1	0	0	t
370	2025-07-23 11:20:14.39865+00	2025-07-23 11:20:14.398659+00	0	955	t	f	110	1	0	0	t
371	2025-07-23 11:20:14.402557+00	2025-07-23 11:20:14.402568+00	0	955	t	f	110	1	0	0	t
372	2025-07-23 11:20:14.406587+00	2025-07-23 11:20:14.406595+00	0	955	t	f	110	1	0	0	t
373	2025-07-23 11:20:14.410467+00	2025-07-23 11:20:14.410476+00	0	956	t	f	110	1	0	0	t
374	2025-07-23 11:20:14.414319+00	2025-07-23 11:20:14.414328+00	0	956	t	f	110	1	0	0	t
375	2025-07-23 11:20:14.419852+00	2025-07-23 11:20:14.419861+00	0	956	t	f	110	1	0	0	t
376	2025-07-23 11:20:14.42389+00	2025-07-23 11:20:14.423898+00	0	956	t	f	110	1	0	0	t
377	2025-07-23 11:20:14.427933+00	2025-07-23 11:20:14.427942+00	0	956	t	f	110	1	0	0	t
378	2025-07-23 11:20:14.431857+00	2025-07-23 11:20:14.431865+00	0	957	t	f	110	1	0	0	t
379	2025-07-23 11:20:14.435792+00	2025-07-23 11:20:14.435801+00	0	957	t	f	110	1	0	0	t
380	2025-07-23 11:20:14.43966+00	2025-07-23 11:20:14.439668+00	0	957	t	f	110	1	0	0	t
381	2025-07-23 11:20:14.44348+00	2025-07-23 11:20:14.443489+00	0	957	t	f	110	1	0	0	t
382	2025-07-23 11:20:14.448955+00	2025-07-23 11:20:14.448964+00	0	957	t	f	110	1	0	0	t
383	2025-07-23 11:20:14.45303+00	2025-07-23 11:20:14.453039+00	0	958	t	f	110	1	0	0	t
384	2025-07-23 11:20:14.45748+00	2025-07-23 11:20:14.457495+00	0	958	t	f	110	1	0	0	t
385	2025-07-23 11:20:14.461696+00	2025-07-23 11:20:14.461704+00	0	958	t	f	110	1	0	0	t
386	2025-07-23 11:20:14.465621+00	2025-07-23 11:20:14.465629+00	0	958	t	f	110	1	0	0	t
387	2025-07-23 11:20:14.469549+00	2025-07-23 11:20:14.469557+00	0	958	t	f	110	1	0	0	t
388	2025-07-23 11:20:14.474895+00	2025-07-23 11:20:14.474903+00	0	959	t	f	110	1	0	0	t
389	2025-07-23 11:20:14.478663+00	2025-07-23 11:20:14.478671+00	0	959	t	f	110	1	0	0	t
390	2025-07-23 11:20:14.482621+00	2025-07-23 11:20:14.482629+00	0	959	t	f	110	1	0	0	t
391	2025-07-23 11:20:14.486686+00	2025-07-23 11:20:14.486695+00	0	959	t	f	110	1	0	0	t
392	2025-07-23 11:20:14.49083+00	2025-07-23 11:20:14.490839+00	0	959	t	f	110	1	0	0	t
393	2025-07-23 11:20:14.494796+00	2025-07-23 11:20:14.494805+00	0	957	t	f	120	22	0	0	t
394	2025-07-23 11:20:14.498539+00	2025-07-23 11:20:14.498547+00	0	958	t	f	120	22	0	0	t
395	2025-07-23 11:20:14.504407+00	2025-07-23 11:20:14.504415+00	0	407	t	f	120	22	0	0	t
396	2025-07-23 11:20:15.642352+00	2025-07-23 11:20:15.642366+00	0	1	t	f	1	1	0	0	t
397	2025-07-23 11:20:15.647438+00	2025-07-23 11:20:15.64745+00	0	2	t	f	1	1	0	0	t
398	2025-07-23 11:20:15.656517+00	2025-07-23 11:20:15.656528+00	0	3	t	f	1	1	0	0	t
399	2025-07-23 11:20:15.66069+00	2025-07-23 11:20:15.660699+00	0	4	t	f	1	1	0	0	t
400	2025-07-23 11:20:15.664967+00	2025-07-23 11:20:15.664977+00	0	5	t	f	1	1	0	0	t
401	2025-07-23 11:20:15.669069+00	2025-07-23 11:20:15.669077+00	0	6	t	f	1	1	0	0	t
402	2025-07-23 11:20:15.674827+00	2025-07-23 11:20:15.674835+00	0	7	t	f	1	1	0	0	t
403	2025-07-23 11:20:15.678684+00	2025-07-23 11:20:15.678693+00	0	8	t	f	1	1	0	0	t
404	2025-07-23 11:20:15.682698+00	2025-07-23 11:20:15.682706+00	0	9	t	f	1	1	0	0	t
405	2025-07-23 11:20:15.686665+00	2025-07-23 11:20:15.686673+00	0	10	t	f	1	1	0	0	t
408	2025-07-23 11:20:15.700337+00	2025-07-23 11:20:15.700346+00	0	13	t	f	3	1	0	0	t
409	2025-07-23 11:20:15.70453+00	2025-07-23 11:20:15.704541+00	0	14	t	f	3	1	0	0	t
410	2025-07-23 11:20:15.708477+00	2025-07-23 11:20:15.708486+00	0	15	t	f	3	1	0	0	t
411	2025-07-23 11:20:15.712414+00	2025-07-23 11:20:15.712423+00	0	16	t	f	4	1	0	0	t
412	2025-07-23 11:20:15.716284+00	2025-07-23 11:20:15.716293+00	0	17	t	f	4	1	0	0	t
413	2025-07-23 11:20:15.722132+00	2025-07-23 11:20:15.722141+00	0	18	t	f	4	1	0	0	t
414	2025-07-23 11:20:15.726238+00	2025-07-23 11:20:15.726247+00	0	19	t	f	4	1	0	0	t
415	2025-07-23 11:20:15.730462+00	2025-07-23 11:20:15.730473+00	0	20	t	f	4	1	0	0	t
416	2025-07-23 11:20:15.736258+00	2025-07-23 11:20:15.736266+00	0	21	t	f	4	1	0	0	t
417	2025-07-23 11:20:15.745673+00	2025-07-23 11:20:15.745696+00	0	22	t	f	4	1	0	0	t
418	2025-07-23 11:20:15.756058+00	2025-07-23 11:20:15.756077+00	0	23	t	f	4	1	0	0	t
419	2025-07-23 11:20:15.762365+00	2025-07-23 11:20:15.762384+00	0	24	t	f	4	1	0	0	t
420	2025-07-23 11:20:15.769501+00	2025-07-23 11:20:15.769511+00	0	25	t	f	5	1	0	0	t
421	2025-07-23 11:20:15.774257+00	2025-07-23 11:20:15.774268+00	0	26	t	f	6	1	0	0	t
422	2025-07-23 11:20:15.778703+00	2025-07-23 11:20:15.778713+00	0	27	t	f	6	1	0	0	t
423	2025-07-23 11:20:15.783079+00	2025-07-23 11:20:15.783089+00	0	28	t	f	6	1	0	0	t
424	2025-07-23 11:20:15.78747+00	2025-07-23 11:20:15.787478+00	0	29	t	f	6	1	0	0	t
425	2025-07-23 11:20:15.79186+00	2025-07-23 11:20:15.791869+00	0	30	t	f	6	1	0	0	t
426	2025-07-23 11:20:15.79571+00	2025-07-23 11:20:15.795719+00	0	31	t	f	6	1	0	0	t
427	2025-07-23 11:20:15.80154+00	2025-07-23 11:20:15.801549+00	0	31	t	f	6	1	0	0	t
428	2025-07-23 11:20:15.808134+00	2025-07-23 11:20:15.808158+00	0	32	t	f	6	1	0	0	t
429	2025-07-23 11:20:15.815833+00	2025-07-23 11:20:15.815852+00	0	33	t	f	6	1	0	0	t
430	2025-07-23 11:20:15.822345+00	2025-07-23 11:20:15.822362+00	0	34	t	f	6	1	0	0	t
431	2025-07-23 11:20:15.827559+00	2025-07-23 11:20:15.82757+00	0	35	t	f	7	1	0	0	t
432	2025-07-23 11:20:15.832295+00	2025-07-23 11:20:15.832306+00	0	36	t	f	7	1	0	0	t
433	2025-07-23 11:20:15.838888+00	2025-07-23 11:20:15.838897+00	0	37	t	f	7	1	0	0	t
434	2025-07-23 11:20:15.850925+00	2025-07-23 11:20:15.850937+00	0	38	t	f	7	1	0	0	t
435	2025-07-23 11:20:15.856725+00	2025-07-23 11:20:15.856736+00	0	39	t	f	7	1	0	0	t
436	2025-07-23 11:20:15.862585+00	2025-07-23 11:20:15.862597+00	0	40	t	f	7	1	0	0	t
437	2025-07-23 11:20:15.868692+00	2025-07-23 11:20:15.868702+00	0	41	t	f	7	1	0	0	t
438	2025-07-23 11:20:15.874767+00	2025-07-23 11:20:15.874777+00	0	42	t	f	7	1	0	0	t
439	2025-07-23 11:20:15.880703+00	2025-07-23 11:20:15.880712+00	0	43	t	f	1	1	0	0	t
440	2025-07-23 11:20:15.890953+00	2025-07-23 11:20:15.890965+00	0	44	t	f	1	1	0	0	t
441	2025-07-23 11:20:15.897983+00	2025-07-23 11:20:15.897997+00	0	45	t	f	1	1	0	0	t
442	2025-07-23 11:20:15.903865+00	2025-07-23 11:20:15.903889+00	0	46	t	f	1	1	0	0	t
443	2025-07-23 11:20:15.912049+00	2025-07-23 11:20:15.912073+00	0	47	t	f	1	1	0	0	t
444	2025-07-23 11:20:15.918571+00	2025-07-23 11:20:15.918585+00	0	48	t	f	6	1	0	0	t
445	2025-07-23 11:20:15.924066+00	2025-07-23 11:20:15.92408+00	0	48	t	f	6	1	0	0	t
446	2025-07-23 11:20:16.033012+00	2025-07-23 11:20:16.033042+00	0	49	t	f	1	1	0	0	t
447	2025-07-23 11:20:16.045648+00	2025-07-23 11:20:16.045677+00	0	50	t	f	1	1	0	0	t
448	2025-07-23 11:20:16.052982+00	2025-07-23 11:20:16.053003+00	0	51	t	f	1	1	0	0	t
449	2025-07-23 11:20:16.059602+00	2025-07-23 11:20:16.059616+00	0	52	t	f	1	1	0	0	t
450	2025-07-23 11:20:16.064549+00	2025-07-23 11:20:16.06456+00	0	53	t	f	1	1	0	0	t
451	2025-07-23 11:20:16.069357+00	2025-07-23 11:20:16.069368+00	0	53	t	f	1	1	0	0	t
452	2025-07-23 11:20:16.073776+00	2025-07-23 11:20:16.073785+00	0	54	t	f	1	1	0	0	t
453	2025-07-23 11:20:16.079641+00	2025-07-23 11:20:16.07965+00	0	55	t	f	1	1	0	0	t
454	2025-07-23 11:20:16.083711+00	2025-07-23 11:20:16.08372+00	0	56	t	f	1	1	0	0	t
455	2025-07-23 11:20:16.087722+00	2025-07-23 11:20:16.087731+00	0	57	t	f	1	1	0	0	t
406	2025-07-23 11:20:15.690664+00	2025-07-28 14:58:52.784961+00	0	11	t	f	2	1	0	0	t
456	2025-07-23 11:20:16.091626+00	2025-07-23 11:20:16.091634+00	0	58	t	f	1	1	0	0	t
457	2025-07-23 11:20:16.095645+00	2025-07-23 11:20:16.095653+00	0	59	t	f	1	1	0	0	t
458	2025-07-23 11:20:16.099568+00	2025-07-23 11:20:16.099578+00	0	60	t	f	1	1	0	0	t
459	2025-07-23 11:20:16.103483+00	2025-07-23 11:20:16.103492+00	0	61	t	f	1	1	0	0	t
460	2025-07-23 11:20:16.109104+00	2025-07-23 11:20:16.109113+00	0	62	t	f	1	1	0	0	t
461	2025-07-23 11:20:16.112943+00	2025-07-23 11:20:16.112952+00	0	63	t	f	1	1	0	0	t
462	2025-07-23 11:20:16.120826+00	2025-07-23 11:20:16.120847+00	0	64	t	f	1	1	0	0	t
463	2025-07-23 11:20:16.128499+00	2025-07-23 11:20:16.12852+00	0	65	t	f	1	1	0	0	t
464	2025-07-23 11:20:16.134279+00	2025-07-23 11:20:16.13429+00	0	66	t	f	1	1	0	0	t
465	2025-07-23 11:20:16.139477+00	2025-07-23 11:20:16.139489+00	0	67	t	f	1	1	0	0	t
466	2025-07-23 11:20:16.146377+00	2025-07-23 11:20:16.146388+00	0	68	t	f	1	1	0	0	t
467	2025-07-23 11:20:16.150684+00	2025-07-23 11:20:16.150693+00	0	69	t	f	1	1	0	0	t
468	2025-07-23 11:20:16.156111+00	2025-07-23 11:20:16.15612+00	0	70	t	f	1	1	0	0	t
469	2025-07-23 11:20:16.163609+00	2025-07-23 11:20:16.163621+00	0	71	t	f	1	1	0	0	t
470	2025-07-23 11:20:16.174643+00	2025-07-23 11:20:16.174656+00	0	72	t	f	1	1	0	0	t
471	2025-07-23 11:20:16.187197+00	2025-07-23 11:20:16.18722+00	0	73	t	f	1	1	0	0	t
472	2025-07-23 11:20:16.199203+00	2025-07-23 11:20:16.199228+00	0	74	t	f	8	1	0	0	t
473	2025-07-23 11:20:16.208301+00	2025-07-23 11:20:16.208317+00	0	75	t	f	8	1	0	0	t
474	2025-07-23 11:20:16.213733+00	2025-07-23 11:20:16.213745+00	0	76	t	f	8	1	0	0	t
475	2025-07-23 11:20:16.218594+00	2025-07-23 11:20:16.218607+00	0	77	t	f	8	1	0	0	t
476	2025-07-23 11:20:16.223415+00	2025-07-23 11:20:16.223424+00	0	77	t	f	8	1	0	0	t
477	2025-07-23 11:20:16.227726+00	2025-07-23 11:20:16.227735+00	0	78	t	f	8	1	0	0	t
478	2025-07-23 11:20:16.231968+00	2025-07-23 11:20:16.231976+00	0	79	t	f	8	1	0	0	t
479	2025-07-23 11:20:16.236093+00	2025-07-23 11:20:16.236102+00	0	80	t	f	8	1	0	0	t
480	2025-07-23 11:20:16.241543+00	2025-07-23 11:20:16.241551+00	0	81	t	f	8	1	0	0	t
481	2025-07-23 11:20:16.245983+00	2025-07-23 11:20:16.245992+00	0	82	t	f	8	1	0	0	t
482	2025-07-23 11:20:16.257777+00	2025-07-23 11:20:16.257788+00	0	83	t	f	8	1	0	0	t
483	2025-07-23 11:20:16.263608+00	2025-07-23 11:20:16.26362+00	0	84	t	f	8	1	0	0	t
484	2025-07-23 11:20:16.269201+00	2025-07-23 11:20:16.269213+00	0	85	t	f	8	1	0	0	t
485	2025-07-23 11:20:16.274488+00	2025-07-23 11:20:16.274501+00	0	86	t	f	8	1	0	0	t
486	2025-07-23 11:20:16.279034+00	2025-07-23 11:20:16.279043+00	0	87	t	f	8	1	0	0	t
487	2025-07-23 11:20:16.286654+00	2025-07-23 11:20:16.286663+00	0	88	t	f	8	1	0	0	t
488	2025-07-23 11:20:16.291893+00	2025-07-23 11:20:16.291903+00	0	89	t	f	1	1	0	0	t
489	2025-07-23 11:20:16.299744+00	2025-07-23 11:20:16.299767+00	0	90	t	f	1	1	0	0	t
490	2025-07-23 11:20:16.306422+00	2025-07-23 11:20:16.306436+00	0	91	t	f	1	1	0	0	t
491	2025-07-23 11:20:16.312077+00	2025-07-23 11:20:16.31209+00	0	92	t	f	1	1	0	0	t
492	2025-07-23 11:20:16.320013+00	2025-07-23 11:20:16.320036+00	0	93	t	f	1	1	0	0	t
493	2025-07-23 11:20:16.337517+00	2025-07-23 11:20:16.337543+00	0	94	t	f	1	1	0	0	t
494	2025-07-23 11:20:16.344889+00	2025-07-23 11:20:16.344903+00	0	95	t	f	1	1	0	0	t
495	2025-07-23 11:20:16.350368+00	2025-07-23 11:20:16.350383+00	0	96	t	f	9	1	0	0	t
496	2025-07-23 11:20:16.355383+00	2025-07-23 11:20:16.355393+00	0	97	t	f	1	1	0	0	t
497	2025-07-23 11:20:16.359787+00	2025-07-23 11:20:16.359797+00	0	98	t	f	1	1	0	0	t
498	2025-07-23 11:20:16.364256+00	2025-07-23 11:20:16.364266+00	0	99	t	f	1	1	0	0	t
499	2025-07-23 11:20:16.368094+00	2025-07-23 11:20:16.368102+00	0	100	t	f	1	1	0	0	t
500	2025-07-23 11:20:16.373721+00	2025-07-23 11:20:16.37373+00	0	101	t	f	1	1	0	0	t
501	2025-07-23 11:20:16.377805+00	2025-07-23 11:20:16.377814+00	0	102	t	f	1	1	0	0	t
502	2025-07-23 11:20:16.382564+00	2025-07-23 11:20:16.382572+00	0	103	t	f	1	1	0	0	t
503	2025-07-23 11:20:16.386501+00	2025-07-23 11:20:16.38651+00	0	104	t	f	1	1	0	0	t
504	2025-07-23 11:20:16.390875+00	2025-07-23 11:20:16.390883+00	0	105	t	f	1	1	0	0	t
505	2025-07-23 11:20:16.394861+00	2025-07-23 11:20:16.39487+00	0	106	t	f	1	1	0	0	t
506	2025-07-23 11:20:16.39893+00	2025-07-23 11:20:16.398939+00	0	107	t	f	1	1	0	0	t
507	2025-07-23 11:20:16.408498+00	2025-07-23 11:20:16.40851+00	0	108	t	f	1	1	0	0	t
508	2025-07-23 11:20:16.415395+00	2025-07-23 11:20:16.415419+00	0	109	t	f	1	1	0	0	t
509	2025-07-23 11:20:16.423375+00	2025-07-23 11:20:16.423399+00	0	110	t	f	1	1	0	0	t
510	2025-07-23 11:20:16.429443+00	2025-07-23 11:20:16.429457+00	0	111	t	f	1	1	0	0	t
511	2025-07-23 11:20:16.435039+00	2025-07-23 11:20:16.435054+00	0	112	t	f	1	1	0	0	t
512	2025-07-23 11:20:16.439267+00	2025-07-23 11:20:16.439276+00	0	113	t	f	10	1	0	0	t
513	2025-07-23 11:20:16.445099+00	2025-07-23 11:20:16.445108+00	0	114	t	f	1	1	0	0	t
514	2025-07-23 11:20:16.449233+00	2025-07-23 11:20:16.449244+00	0	115	t	f	11	1	0	0	t
515	2025-07-23 11:20:16.453792+00	2025-07-23 11:20:16.453812+00	0	116	t	f	11	1	0	0	t
516	2025-07-23 11:20:16.45806+00	2025-07-23 11:20:16.458069+00	0	117	t	f	1	1	0	0	t
517	2025-07-23 11:20:16.4626+00	2025-07-23 11:20:16.462609+00	0	118	t	f	1	1	0	0	t
518	2025-07-23 11:20:16.467626+00	2025-07-23 11:20:16.467635+00	0	119	t	f	1	1	0	0	t
519	2025-07-23 11:20:16.472226+00	2025-07-23 11:20:16.472234+00	0	120	t	f	1	1	0	0	t
520	2025-07-23 11:20:16.478249+00	2025-07-23 11:20:16.478258+00	0	121	t	f	1	1	0	0	t
521	2025-07-23 11:20:16.482951+00	2025-07-23 11:20:16.48296+00	0	122	t	f	11	1	0	0	t
522	2025-07-23 11:20:16.490662+00	2025-07-23 11:20:16.490686+00	0	123	t	f	11	1	0	0	t
523	2025-07-23 11:20:16.497964+00	2025-07-23 11:20:16.497978+00	0	124	t	f	11	1	0	0	t
524	2025-07-23 11:20:16.503819+00	2025-07-23 11:20:16.503833+00	0	125	t	f	11	1	0	0	t
525	2025-07-23 11:20:16.508897+00	2025-07-23 11:20:16.508918+00	0	126	t	f	11	1	0	0	t
526	2025-07-23 11:20:16.513503+00	2025-07-23 11:20:16.513514+00	0	127	t	f	11	1	0	0	t
527	2025-07-23 11:20:16.526557+00	2025-07-23 11:20:16.526566+00	0	128	t	f	11	1	0	0	t
528	2025-07-23 11:20:16.531609+00	2025-07-23 11:20:16.531621+00	0	129	t	f	12	1	0	0	t
529	2025-07-23 11:20:16.536815+00	2025-07-23 11:20:16.536827+00	0	130	t	f	12	1	0	0	t
530	2025-07-23 11:20:16.542198+00	2025-07-23 11:20:16.542208+00	0	131	t	f	1	1	0	0	t
531	2025-07-23 11:20:16.546843+00	2025-07-23 11:20:16.546852+00	0	132	t	f	1	1	0	0	t
532	2025-07-23 11:20:16.551156+00	2025-07-23 11:20:16.551165+00	0	133	t	f	1	1	0	0	t
533	2025-07-23 11:20:16.557265+00	2025-07-23 11:20:16.557273+00	0	134	t	f	11	1	0	0	t
534	2025-07-23 11:20:16.561314+00	2025-07-23 11:20:16.561322+00	0	135	t	f	11	1	0	0	t
535	2025-07-23 11:20:16.565603+00	2025-07-23 11:20:16.565612+00	0	136	t	f	11	1	0	0	t
536	2025-07-23 11:20:16.569767+00	2025-07-23 11:20:16.569776+00	0	137	t	f	11	1	0	0	t
537	2025-07-23 11:20:16.574207+00	2025-07-23 11:20:16.574216+00	0	138	t	f	11	1	0	0	t
538	2025-07-23 11:20:16.578232+00	2025-07-23 11:20:16.578241+00	0	139	t	f	11	1	0	0	t
539	2025-07-23 11:20:16.582017+00	2025-07-23 11:20:16.582026+00	0	140	t	f	13	3	0	0	t
540	2025-07-23 11:20:16.587545+00	2025-07-23 11:20:16.587555+00	0	141	t	f	14	20	0	0	t
541	2025-07-23 11:20:16.594306+00	2025-07-23 11:20:16.594327+00	0	142	t	f	15	1	0	0	t
542	2025-07-23 11:20:16.600725+00	2025-07-23 11:20:16.600738+00	0	143	t	f	15	1	0	0	t
543	2025-07-23 11:20:16.605959+00	2025-07-23 11:20:16.605971+00	0	144	t	f	15	1	0	0	t
544	2025-07-23 11:20:16.610615+00	2025-07-23 11:20:16.610624+00	0	145	t	f	16	1	0	0	t
545	2025-07-23 11:20:16.614747+00	2025-07-23 11:20:16.614756+00	0	146	t	f	17	1	0	0	t
546	2025-07-23 11:20:16.618922+00	2025-07-23 11:20:16.618931+00	0	147	t	f	17	1	0	0	t
547	2025-07-23 11:20:16.624646+00	2025-07-23 11:20:16.624654+00	0	148	t	f	17	1	0	0	t
548	2025-07-23 11:20:16.628464+00	2025-07-23 11:20:16.628472+00	0	149	t	f	17	1	0	0	t
549	2025-07-23 11:20:16.635684+00	2025-07-23 11:20:16.635707+00	0	150	t	f	18	4	0	0	t
550	2025-07-23 11:20:16.642417+00	2025-07-23 11:20:16.64243+00	0	151	t	f	19	6	0	0	t
551	2025-07-23 11:20:16.6482+00	2025-07-23 11:20:16.648213+00	0	152	t	f	19	6	0	0	t
552	2025-07-23 11:20:16.653029+00	2025-07-23 11:20:16.653038+00	0	153	t	f	20	7	0	0	t
553	2025-07-23 11:20:16.65988+00	2025-07-23 11:20:16.65989+00	0	154	t	f	21	1	0	0	t
554	2025-07-23 11:20:16.664249+00	2025-07-23 11:20:16.664257+00	0	155	t	f	21	1	0	0	t
555	2025-07-23 11:20:16.669001+00	2025-07-23 11:20:16.669009+00	0	156	t	f	17	1	0	0	t
556	2025-07-23 11:20:16.675982+00	2025-07-23 11:20:16.676003+00	0	157	t	f	17	1	0	0	t
557	2025-07-23 11:20:16.6822+00	2025-07-23 11:20:16.682213+00	0	158	t	f	17	1	0	0	t
558	2025-07-23 11:20:16.688263+00	2025-07-23 11:20:16.688275+00	0	159	t	f	17	1	0	0	t
559	2025-07-23 11:20:16.693459+00	2025-07-23 11:20:16.693469+00	0	160	t	f	17	1	0	0	t
560	2025-07-23 11:20:16.699609+00	2025-07-23 11:20:16.699618+00	0	161	t	f	17	1	0	0	t
561	2025-07-23 11:20:16.704078+00	2025-07-23 11:20:16.704087+00	0	162	t	f	17	1	0	0	t
562	2025-07-23 11:20:16.709181+00	2025-07-23 11:20:16.70919+00	0	163	t	f	17	1	0	0	t
563	2025-07-23 11:20:16.713537+00	2025-07-23 11:20:16.713546+00	0	164	t	f	18	4	0	0	t
564	2025-07-23 11:20:16.717612+00	2025-07-23 11:20:16.71762+00	0	165	t	f	22	7	0	0	t
565	2025-07-23 11:20:16.721643+00	2025-07-23 11:20:16.721652+00	0	166	t	f	22	7	0	0	t
566	2025-07-23 11:20:16.725693+00	2025-07-23 11:20:16.725704+00	0	167	t	f	22	7	0	0	t
567	2025-07-23 11:20:16.732032+00	2025-07-23 11:20:16.73204+00	0	168	t	f	23	1	0	0	t
568	2025-07-23 11:20:16.736285+00	2025-07-23 11:20:16.736294+00	0	169	t	f	24	7	0	0	t
569	2025-07-23 11:20:16.740273+00	2025-07-23 11:20:16.740281+00	0	170	t	f	25	7	0	0	t
570	2025-07-23 11:20:16.746158+00	2025-07-23 11:20:16.746177+00	0	171	t	f	25	7	0	0	t
571	2025-07-23 11:20:16.752816+00	2025-07-23 11:20:16.752827+00	0	172	t	f	25	7	0	0	t
572	2025-07-23 11:20:16.757868+00	2025-07-23 11:20:16.757879+00	0	173	t	f	26	7	0	0	t
573	2025-07-23 11:20:16.764552+00	2025-07-23 11:20:16.764562+00	0	174	t	f	26	7	0	0	t
574	2025-07-23 11:20:16.769029+00	2025-07-23 11:20:16.76904+00	0	175	t	f	26	7	0	0	t
575	2025-07-23 11:20:16.773366+00	2025-07-23 11:20:16.773374+00	0	176	t	f	26	7	0	0	t
576	2025-07-23 11:20:16.77761+00	2025-07-23 11:20:16.777619+00	0	177	t	f	26	7	0	0	t
577	2025-07-23 11:20:16.781695+00	2025-07-23 11:20:16.781703+00	0	178	t	f	26	7	0	0	t
578	2025-07-23 11:20:16.785679+00	2025-07-23 11:20:16.785687+00	0	179	t	f	26	7	0	0	t
579	2025-07-23 11:20:16.789591+00	2025-07-23 11:20:16.789599+00	0	180	t	f	25	7	0	0	t
580	2025-07-23 11:20:16.796989+00	2025-07-23 11:20:16.796997+00	0	181	t	f	25	7	0	0	t
581	2025-07-23 11:20:16.801327+00	2025-07-23 11:20:16.801336+00	0	182	t	f	25	7	0	0	t
582	2025-07-23 11:20:16.805804+00	2025-07-23 11:20:16.805812+00	0	183	t	f	25	7	0	0	t
583	2025-07-23 11:20:16.810125+00	2025-07-23 11:20:16.810134+00	0	184	t	f	25	7	0	0	t
584	2025-07-23 11:20:16.8145+00	2025-07-23 11:20:16.81451+00	0	185	t	f	25	7	0	0	t
585	2025-07-23 11:20:16.818563+00	2025-07-23 11:20:16.818571+00	0	186	t	f	25	7	0	0	t
586	2025-07-23 11:20:16.822573+00	2025-07-23 11:20:16.822584+00	0	187	t	f	25	7	0	0	t
587	2025-07-23 11:20:16.82868+00	2025-07-23 11:20:16.828691+00	0	188	t	f	25	7	0	0	t
588	2025-07-23 11:20:16.83259+00	2025-07-23 11:20:16.832598+00	0	189	t	f	25	7	0	0	t
589	2025-07-23 11:20:16.836632+00	2025-07-23 11:20:16.836641+00	0	190	t	f	25	7	0	0	t
590	2025-07-23 11:20:16.840738+00	2025-07-23 11:20:16.840747+00	0	191	t	f	25	7	0	0	t
591	2025-07-23 11:20:16.844753+00	2025-07-23 11:20:16.844761+00	0	192	t	f	25	7	0	0	t
592	2025-07-23 11:20:16.848671+00	2025-07-23 11:20:16.84868+00	0	193	t	f	25	7	0	0	t
593	2025-07-23 11:20:16.853359+00	2025-07-23 11:20:16.853367+00	0	194	t	f	25	7	0	0	t
594	2025-07-23 11:20:16.859517+00	2025-07-23 11:20:16.859528+00	0	195	t	f	25	7	0	0	t
595	2025-07-23 11:20:16.86348+00	2025-07-23 11:20:16.863491+00	0	196	t	f	25	7	0	0	t
596	2025-07-23 11:20:16.867511+00	2025-07-23 11:20:16.86752+00	0	197	t	f	25	7	0	0	t
597	2025-07-23 11:20:16.871472+00	2025-07-23 11:20:16.87148+00	0	198	t	f	25	7	0	0	t
598	2025-07-23 11:20:16.876002+00	2025-07-23 11:20:16.876011+00	0	199	t	f	25	7	0	0	t
599	2025-07-23 11:20:16.880056+00	2025-07-23 11:20:16.880064+00	0	200	t	f	25	7	0	0	t
600	2025-07-23 11:20:16.885729+00	2025-07-23 11:20:16.885737+00	0	201	t	f	25	7	0	0	t
601	2025-07-23 11:20:16.889802+00	2025-07-23 11:20:16.889811+00	0	202	t	f	25	7	0	0	t
602	2025-07-23 11:20:16.894293+00	2025-07-23 11:20:16.894302+00	0	203	t	f	27	7	0	0	t
603	2025-07-23 11:20:16.898213+00	2025-07-23 11:20:16.898222+00	0	204	t	f	27	7	0	0	t
604	2025-07-23 11:20:16.902843+00	2025-07-23 11:20:16.902852+00	0	205	t	f	27	7	0	0	t
605	2025-07-23 11:20:16.907052+00	2025-07-23 11:20:16.90706+00	0	206	t	f	27	7	0	0	t
606	2025-07-23 11:20:16.911063+00	2025-07-23 11:20:16.911072+00	0	207	t	f	28	7	0	0	t
607	2025-07-23 11:20:16.92029+00	2025-07-23 11:20:16.920313+00	0	208	t	f	29	7	0	0	t
608	2025-07-23 11:20:16.927888+00	2025-07-23 11:20:16.927901+00	0	209	t	f	30	7	0	0	t
609	2025-07-23 11:20:16.933295+00	2025-07-23 11:20:16.933309+00	0	210	t	f	30	7	0	0	t
610	2025-07-23 11:20:16.938375+00	2025-07-23 11:20:16.938384+00	0	211	t	f	30	7	0	0	t
611	2025-07-23 11:20:16.942793+00	2025-07-23 11:20:16.942803+00	0	212	t	f	30	7	0	0	t
612	2025-07-23 11:20:16.94723+00	2025-07-23 11:20:16.947239+00	0	213	t	f	30	7	0	0	t
613	2025-07-23 11:20:16.952148+00	2025-07-23 11:20:16.952156+00	0	214	t	f	30	7	0	0	t
614	2025-07-23 11:20:16.957966+00	2025-07-23 11:20:16.957977+00	0	215	t	f	30	7	0	0	t
615	2025-07-23 11:20:16.962004+00	2025-07-23 11:20:16.962013+00	0	216	t	f	30	7	0	0	t
616	2025-07-23 11:20:16.96618+00	2025-07-23 11:20:16.966189+00	0	217	t	f	30	7	0	0	t
617	2025-07-23 11:20:16.97007+00	2025-07-23 11:20:16.970079+00	0	218	t	f	30	7	0	0	t
618	2025-07-23 11:20:16.973891+00	2025-07-23 11:20:16.9739+00	0	219	t	f	30	7	0	0	t
619	2025-07-23 11:20:16.979805+00	2025-07-23 11:20:16.979814+00	0	220	t	f	30	7	0	0	t
620	2025-07-23 11:20:16.983858+00	2025-07-23 11:20:16.983866+00	0	221	t	f	31	7	0	0	t
621	2025-07-23 11:20:16.987856+00	2025-07-23 11:20:16.987865+00	0	222	t	f	31	7	0	0	t
622	2025-07-23 11:20:16.991794+00	2025-07-23 11:20:16.991803+00	0	223	t	f	32	1	0	0	t
623	2025-07-23 11:20:16.995813+00	2025-07-23 11:20:16.995822+00	0	224	t	f	33	7	0	0	t
624	2025-07-23 11:20:16.999669+00	2025-07-23 11:20:16.999678+00	0	225	t	f	34	1	0	0	t
625	2025-07-23 11:20:17.005298+00	2025-07-23 11:20:17.005307+00	0	226	t	f	35	7	0	0	t
626	2025-07-23 11:20:17.009142+00	2025-07-23 11:20:17.00915+00	0	227	t	f	36	8	0	0	t
627	2025-07-23 11:20:17.013833+00	2025-07-23 11:20:17.013841+00	0	228	t	f	36	8	0	0	t
628	2025-07-23 11:20:17.018218+00	2025-07-23 11:20:17.018229+00	0	229	t	f	1	1	0	0	t
629	2025-07-23 11:20:17.022244+00	2025-07-23 11:20:17.022253+00	0	230	t	f	11	1	0	0	t
630	2025-07-23 11:20:17.026244+00	2025-07-23 11:20:17.026253+00	0	231	t	f	11	1	0	0	t
631	2025-07-23 11:20:17.030247+00	2025-07-23 11:20:17.030255+00	0	232	t	f	11	1	0	0	t
632	2025-07-23 11:20:17.035928+00	2025-07-23 11:20:17.035937+00	0	233	t	f	11	1	0	0	t
633	2025-07-23 11:20:17.040039+00	2025-07-23 11:20:17.040047+00	0	234	t	f	1	1	0	0	t
634	2025-07-23 11:20:17.045045+00	2025-07-23 11:20:17.045056+00	0	235	t	f	1	1	0	0	t
635	2025-07-23 11:20:17.049156+00	2025-07-23 11:20:17.049165+00	0	236	t	f	11	1	0	0	t
636	2025-07-23 11:20:17.053257+00	2025-07-23 11:20:17.053265+00	0	237	t	f	1	1	0	0	t
637	2025-07-23 11:20:17.057268+00	2025-07-23 11:20:17.057277+00	0	238	t	f	37	1	0	0	t
638	2025-07-23 11:20:17.061274+00	2025-07-23 11:20:17.061283+00	0	239	t	f	11	1	0	0	t
639	2025-07-23 11:20:17.066898+00	2025-07-23 11:20:17.066923+00	0	240	t	f	11	1	0	0	t
640	2025-07-23 11:20:17.070736+00	2025-07-23 11:20:17.070745+00	0	241	t	f	11	1	0	0	t
641	2025-07-23 11:20:17.074733+00	2025-07-23 11:20:17.074741+00	0	242	t	f	11	1	0	0	t
642	2025-07-23 11:20:17.078702+00	2025-07-23 11:20:17.07871+00	0	243	t	f	11	1	0	0	t
643	2025-07-23 11:20:17.082469+00	2025-07-23 11:20:17.082478+00	0	244	t	f	11	1	0	0	t
644	2025-07-23 11:20:17.086759+00	2025-07-23 11:20:17.086768+00	0	245	t	f	38	1	0	0	t
645	2025-07-23 11:20:17.095354+00	2025-07-23 11:20:17.095383+00	0	246	t	f	38	1	0	0	t
646	2025-07-23 11:20:17.1017+00	2025-07-23 11:20:17.101712+00	0	247	t	f	38	1	0	0	t
647	2025-07-23 11:20:17.106783+00	2025-07-23 11:20:17.106795+00	0	248	t	f	38	1	0	0	t
648	2025-07-23 11:20:17.111753+00	2025-07-23 11:20:17.111762+00	0	249	t	f	38	1	0	0	t
649	2025-07-23 11:20:17.115764+00	2025-07-23 11:20:17.115773+00	0	250	t	f	38	1	0	0	t
650	2025-07-23 11:20:17.119611+00	2025-07-23 11:20:17.119619+00	0	251	t	f	38	1	0	0	t
651	2025-07-23 11:20:17.123278+00	2025-07-23 11:20:17.123286+00	0	252	t	f	38	1	0	0	t
652	2025-07-23 11:20:17.128785+00	2025-07-23 11:20:17.128793+00	0	253	t	f	7	1	0	0	t
653	2025-07-23 11:20:17.132116+00	2025-07-23 11:20:17.132125+00	0	254	t	f	11	1	0	0	t
654	2025-07-23 11:20:17.135289+00	2025-07-23 11:20:17.135298+00	0	255	t	f	11	1	0	0	t
655	2025-07-23 11:20:17.138595+00	2025-07-23 11:20:17.138604+00	0	256	t	f	11	1	0	0	t
656	2025-07-23 11:20:17.142009+00	2025-07-23 11:20:17.142018+00	0	257	t	f	11	1	0	0	t
657	2025-07-23 11:20:17.145547+00	2025-07-23 11:20:17.145555+00	0	258	t	f	7	1	0	0	t
658	2025-07-23 11:20:17.148819+00	2025-07-23 11:20:17.148828+00	0	259	t	f	7	1	0	0	t
659	2025-07-23 11:20:17.155853+00	2025-07-23 11:20:17.155884+00	0	260	t	f	11	1	0	0	t
660	2025-07-23 11:20:17.163123+00	2025-07-23 11:20:17.163143+00	0	261	t	f	11	1	0	0	t
661	2025-07-23 11:20:17.169248+00	2025-07-23 11:20:17.169268+00	0	262	t	f	11	1	0	0	t
662	2025-07-23 11:20:17.175954+00	2025-07-23 11:20:17.175967+00	0	263	t	f	1	1	0	0	t
663	2025-07-23 11:20:17.180526+00	2025-07-23 11:20:17.180538+00	0	264	t	f	1	1	0	0	t
664	2025-07-23 11:20:17.184046+00	2025-07-23 11:20:17.184054+00	0	265	t	f	1	1	0	0	t
665	2025-07-23 11:20:17.187516+00	2025-07-23 11:20:17.187524+00	0	266	t	f	1	1	0	0	t
666	2025-07-23 11:20:17.19351+00	2025-07-23 11:20:17.193519+00	0	267	t	f	1	1	0	0	t
667	2025-07-23 11:20:17.197358+00	2025-07-23 11:20:17.197367+00	0	268	t	f	9	1	0	0	t
668	2025-07-23 11:20:17.201493+00	2025-07-23 11:20:17.201501+00	0	269	t	f	9	1	0	0	t
669	2025-07-23 11:20:17.20586+00	2025-07-23 11:20:17.205868+00	0	270	t	f	9	1	0	0	t
670	2025-07-23 11:20:17.210036+00	2025-07-23 11:20:17.210044+00	0	271	t	f	39	1	0	0	t
671	2025-07-23 11:20:17.214612+00	2025-07-23 11:20:17.21462+00	0	272	t	f	39	1	0	0	t
672	2025-07-23 11:20:17.21864+00	2025-07-23 11:20:17.218648+00	0	273	t	f	39	1	0	0	t
673	2025-07-23 11:20:17.224918+00	2025-07-23 11:20:17.224927+00	0	274	t	f	39	1	0	0	t
674	2025-07-23 11:20:17.229224+00	2025-07-23 11:20:17.229233+00	0	275	t	f	39	1	0	0	t
675	2025-07-23 11:20:17.233739+00	2025-07-23 11:20:17.233748+00	0	276	t	f	39	1	0	0	t
676	2025-07-23 11:20:17.238119+00	2025-07-23 11:20:17.238127+00	0	277	t	f	12	1	0	0	t
677	2025-07-23 11:20:17.242031+00	2025-07-23 11:20:17.24204+00	0	278	t	f	11	1	0	0	t
678	2025-07-23 11:20:17.24587+00	2025-07-23 11:20:17.245878+00	0	279	t	f	40	7	0	0	t
679	2025-07-23 11:20:17.258107+00	2025-07-23 11:20:17.258119+00	0	280	t	f	40	7	0	0	t
680	2025-07-23 11:20:17.262885+00	2025-07-23 11:20:17.262896+00	0	281	t	f	41	7	0	0	t
681	2025-07-23 11:20:17.267361+00	2025-07-23 11:20:17.267371+00	0	282	t	f	42	7	0	0	t
682	2025-07-23 11:20:17.271971+00	2025-07-23 11:20:17.271981+00	0	283	t	f	42	7	0	0	t
683	2025-07-23 11:20:17.276654+00	2025-07-23 11:20:17.276662+00	0	284	t	f	42	7	0	0	t
684	2025-07-23 11:20:17.280856+00	2025-07-23 11:20:17.280865+00	0	285	t	f	42	7	0	0	t
685	2025-07-23 11:20:17.28513+00	2025-07-23 11:20:17.285139+00	0	286	t	f	42	7	0	0	t
686	2025-07-23 11:20:17.291358+00	2025-07-23 11:20:17.291369+00	0	287	t	f	43	7	0	0	t
687	2025-07-23 11:20:17.298203+00	2025-07-23 11:20:17.298227+00	0	288	t	f	43	7	0	0	t
688	2025-07-23 11:20:17.305837+00	2025-07-23 11:20:17.305861+00	0	289	t	f	43	7	0	0	t
689	2025-07-23 11:20:17.311513+00	2025-07-23 11:20:17.311527+00	0	290	t	f	44	7	0	0	t
690	2025-07-23 11:20:17.316858+00	2025-07-23 11:20:17.316867+00	0	291	t	f	45	2	0	0	t
691	2025-07-23 11:20:17.321154+00	2025-07-23 11:20:17.321163+00	0	292	t	f	45	2	0	0	t
692	2025-07-23 11:20:17.327363+00	2025-07-23 11:20:17.327372+00	0	293	t	f	45	2	0	0	t
693	2025-07-23 11:20:17.331668+00	2025-07-23 11:20:17.331677+00	0	294	t	f	45	2	0	0	t
694	2025-07-23 11:20:17.338541+00	2025-07-23 11:20:17.33856+00	0	295	t	f	45	2	0	0	t
695	2025-07-23 11:20:17.344662+00	2025-07-23 11:20:17.34468+00	0	296	t	f	45	2	0	0	t
696	2025-07-23 11:20:17.349188+00	2025-07-23 11:20:17.349198+00	0	297	t	f	45	2	0	0	t
697	2025-07-23 11:20:17.354447+00	2025-07-23 11:20:17.354463+00	0	298	t	f	45	2	0	0	t
698	2025-07-23 11:20:17.361195+00	2025-07-23 11:20:17.361217+00	0	299	t	f	45	2	0	0	t
699	2025-07-23 11:20:17.369143+00	2025-07-23 11:20:17.369158+00	0	300	t	f	45	2	0	0	t
700	2025-07-23 11:20:17.374683+00	2025-07-23 11:20:17.374698+00	0	301	t	f	45	2	0	0	t
701	2025-07-23 11:20:17.379324+00	2025-07-23 11:20:17.379334+00	0	302	t	f	45	2	0	0	t
702	2025-07-23 11:20:17.383822+00	2025-07-23 11:20:17.383832+00	0	303	t	f	45	2	0	0	t
703	2025-07-23 11:20:17.388313+00	2025-07-23 11:20:17.388321+00	0	304	t	f	45	2	0	0	t
704	2025-07-23 11:20:17.392448+00	2025-07-23 11:20:17.392456+00	0	305	t	f	45	2	0	0	t
705	2025-07-23 11:20:17.396591+00	2025-07-23 11:20:17.3966+00	0	306	t	f	45	2	0	0	t
706	2025-07-23 11:20:17.403619+00	2025-07-23 11:20:17.403628+00	0	307	t	f	45	2	0	0	t
707	2025-07-23 11:20:17.40763+00	2025-07-23 11:20:17.407639+00	0	308	t	f	45	2	0	0	t
708	2025-07-23 11:20:17.411929+00	2025-07-23 11:20:17.411938+00	0	309	t	f	45	2	0	0	t
709	2025-07-23 11:20:17.416336+00	2025-07-23 11:20:17.416345+00	0	310	t	f	45	2	0	0	t
710	2025-07-23 11:20:17.420353+00	2025-07-23 11:20:17.420361+00	0	311	t	f	46	2	0	0	t
711	2025-07-23 11:20:17.424423+00	2025-07-23 11:20:17.424431+00	0	50	t	f	46	2	0	0	t
712	2025-07-23 11:20:17.430493+00	2025-07-23 11:20:17.430504+00	0	312	t	f	46	2	0	0	t
713	2025-07-23 11:20:17.43456+00	2025-07-23 11:20:17.434569+00	0	313	t	f	46	2	0	0	t
714	2025-07-23 11:20:17.438405+00	2025-07-23 11:20:17.438413+00	0	314	t	f	46	2	0	0	t
715	2025-07-23 11:20:17.442166+00	2025-07-23 11:20:17.442174+00	0	315	t	f	46	2	0	0	t
716	2025-07-23 11:20:17.446238+00	2025-07-23 11:20:17.446247+00	0	316	t	f	46	2	0	0	t
717	2025-07-23 11:20:17.45029+00	2025-07-23 11:20:17.450298+00	0	317	t	f	46	2	0	0	t
718	2025-07-23 11:20:17.454211+00	2025-07-23 11:20:17.454219+00	0	318	t	f	46	2	0	0	t
719	2025-07-23 11:20:17.460126+00	2025-07-23 11:20:17.460134+00	0	319	t	f	46	2	0	0	t
720	2025-07-23 11:20:17.464294+00	2025-07-23 11:20:17.464303+00	0	320	t	f	46	2	0	0	t
721	2025-07-23 11:20:17.471361+00	2025-07-23 11:20:17.471385+00	0	321	t	f	46	2	0	0	t
722	2025-07-23 11:20:17.478726+00	2025-07-23 11:20:17.478741+00	0	322	t	f	46	2	0	0	t
723	2025-07-23 11:20:17.484479+00	2025-07-23 11:20:17.484492+00	0	323	t	f	46	2	0	0	t
724	2025-07-23 11:20:17.48938+00	2025-07-23 11:20:17.489389+00	0	324	t	f	46	2	0	0	t
725	2025-07-23 11:20:17.493689+00	2025-07-23 11:20:17.493699+00	0	89	t	f	47	2	0	0	t
726	2025-07-23 11:20:17.499576+00	2025-07-23 11:20:17.499585+00	0	267	t	f	47	2	0	0	t
727	2025-07-23 11:20:17.503639+00	2025-07-23 11:20:17.503648+00	0	325	t	f	47	2	0	0	t
728	2025-07-23 11:20:17.508085+00	2025-07-23 11:20:17.508094+00	0	326	t	f	47	2	0	0	t
729	2025-07-23 11:20:17.512015+00	2025-07-23 11:20:17.512023+00	0	327	t	f	47	2	0	0	t
730	2025-07-23 11:20:17.516585+00	2025-07-23 11:20:17.516593+00	0	328	t	f	47	2	0	0	t
731	2025-07-23 11:20:17.521076+00	2025-07-23 11:20:17.521085+00	0	329	t	f	47	2	0	0	t
732	2025-07-23 11:20:17.527952+00	2025-07-23 11:20:17.52796+00	0	330	t	f	47	2	0	0	t
733	2025-07-23 11:20:17.532371+00	2025-07-23 11:20:17.53238+00	0	92	t	f	47	2	0	0	t
734	2025-07-23 11:20:17.536554+00	2025-07-23 11:20:17.536563+00	0	331	t	f	47	2	0	0	t
735	2025-07-23 11:20:17.540681+00	2025-07-23 11:20:17.54069+00	0	94	t	f	47	2	0	0	t
736	2025-07-23 11:20:17.544792+00	2025-07-23 11:20:17.5448+00	0	332	t	f	47	2	0	0	t
737	2025-07-23 11:20:17.548864+00	2025-07-23 11:20:17.548873+00	0	333	t	f	47	2	0	0	t
738	2025-07-23 11:20:17.552665+00	2025-07-23 11:20:17.552674+00	0	334	t	f	47	2	0	0	t
739	2025-07-23 11:20:17.558639+00	2025-07-23 11:20:17.558647+00	0	335	t	f	47	2	0	0	t
740	2025-07-23 11:20:17.562487+00	2025-07-23 11:20:17.562496+00	0	336	t	f	47	2	0	0	t
741	2025-07-23 11:20:17.566437+00	2025-07-23 11:20:17.566446+00	0	337	t	f	47	2	0	0	t
742	2025-07-23 11:20:17.57032+00	2025-07-23 11:20:17.570328+00	0	338	t	f	47	2	0	0	t
743	2025-07-23 11:20:17.57436+00	2025-07-23 11:20:17.574369+00	0	339	t	f	47	2	0	0	t
744	2025-07-23 11:20:17.578518+00	2025-07-23 11:20:17.578526+00	0	340	t	f	47	2	0	0	t
745	2025-07-23 11:20:17.582491+00	2025-07-23 11:20:17.582499+00	0	341	t	f	47	2	0	0	t
746	2025-07-23 11:20:17.588246+00	2025-07-23 11:20:17.588254+00	0	342	t	f	47	2	0	0	t
747	2025-07-23 11:20:17.592348+00	2025-07-23 11:20:17.592357+00	0	343	t	f	47	2	0	0	t
748	2025-07-23 11:20:17.599522+00	2025-07-23 11:20:17.599545+00	0	344	t	f	47	2	0	0	t
749	2025-07-23 11:20:17.606045+00	2025-07-23 11:20:17.606064+00	0	345	t	f	47	2	0	0	t
750	2025-07-23 11:20:17.611896+00	2025-07-23 11:20:17.611919+00	0	346	t	f	47	2	0	0	t
751	2025-07-23 11:20:17.61704+00	2025-07-23 11:20:17.617063+00	0	347	t	f	47	2	0	0	t
752	2025-07-23 11:20:17.623487+00	2025-07-23 11:20:17.623496+00	0	348	t	f	37	1	0	0	t
753	2025-07-23 11:20:17.628058+00	2025-07-23 11:20:17.628068+00	0	349	t	f	27	7	0	0	t
754	2025-07-23 11:20:17.632422+00	2025-07-23 11:20:17.63243+00	0	350	t	f	27	7	0	0	t
755	2025-07-23 11:20:17.636684+00	2025-07-23 11:20:17.636693+00	0	351	t	f	27	7	0	0	t
756	2025-07-23 11:20:17.640615+00	2025-07-23 11:20:17.640623+00	0	352	t	f	27	7	0	0	t
757	2025-07-23 11:20:17.6446+00	2025-07-23 11:20:17.644609+00	0	353	t	f	27	7	0	0	t
758	2025-07-23 11:20:17.648459+00	2025-07-23 11:20:17.648468+00	0	354	t	f	27	7	0	0	t
759	2025-07-23 11:20:17.655017+00	2025-07-23 11:20:17.655025+00	0	355	t	f	27	7	0	0	t
760	2025-07-23 11:20:17.658996+00	2025-07-23 11:20:17.659004+00	0	356	t	f	27	7	0	0	t
761	2025-07-23 11:20:17.663206+00	2025-07-23 11:20:17.663216+00	0	357	t	f	29	7	0	0	t
762	2025-07-23 11:20:17.667413+00	2025-07-23 11:20:17.667422+00	0	358	t	f	40	7	0	0	t
763	2025-07-23 11:20:17.671376+00	2025-07-23 11:20:17.671385+00	0	359	t	f	41	7	0	0	t
764	2025-07-23 11:20:17.67721+00	2025-07-23 11:20:17.677229+00	0	360	t	f	41	7	0	0	t
765	2025-07-23 11:20:17.68307+00	2025-07-23 11:20:17.683081+00	0	361	t	f	48	2	0	0	t
766	2025-07-23 11:20:17.689423+00	2025-07-23 11:20:17.689434+00	0	362	t	f	48	2	0	0	t
767	2025-07-23 11:20:17.694226+00	2025-07-23 11:20:17.694235+00	0	363	t	f	48	2	0	0	t
768	2025-07-23 11:20:17.698487+00	2025-07-23 11:20:17.698497+00	0	364	t	f	48	2	0	0	t
769	2025-07-23 11:20:17.706496+00	2025-07-23 11:20:17.70652+00	0	365	t	f	48	2	0	0	t
770	2025-07-23 11:20:17.714124+00	2025-07-23 11:20:17.714138+00	0	153	t	f	49	7	0	0	t
771	2025-07-23 11:20:17.719648+00	2025-07-23 11:20:17.719665+00	0	366	t	f	50	7	0	0	t
772	2025-07-23 11:20:17.726771+00	2025-07-23 11:20:17.726782+00	0	367	t	f	50	7	0	0	t
773	2025-07-23 11:20:17.731798+00	2025-07-23 11:20:17.731809+00	0	368	t	f	50	7	0	0	t
774	2025-07-23 11:20:17.738101+00	2025-07-23 11:20:17.738118+00	0	369	t	f	50	7	0	0	t
775	2025-07-23 11:20:17.744488+00	2025-07-23 11:20:17.744499+00	0	370	t	f	50	7	0	0	t
776	2025-07-23 11:20:17.749107+00	2025-07-23 11:20:17.749117+00	0	371	t	f	50	7	0	0	t
777	2025-07-23 11:20:17.753745+00	2025-07-23 11:20:17.753755+00	0	372	t	f	51	7	0	0	t
778	2025-07-23 11:20:17.760013+00	2025-07-23 11:20:17.760022+00	0	373	t	f	51	7	0	0	t
779	2025-07-23 11:20:17.764225+00	2025-07-23 11:20:17.764234+00	0	374	t	f	51	7	0	0	t
780	2025-07-23 11:20:17.768423+00	2025-07-23 11:20:17.768432+00	0	375	t	f	52	9	0	0	t
781	2025-07-23 11:20:17.772698+00	2025-07-23 11:20:17.772709+00	0	376	t	f	52	9	0	0	t
782	2025-07-23 11:20:17.777059+00	2025-07-23 11:20:17.777068+00	0	377	t	f	53	9	0	0	t
783	2025-07-23 11:20:17.781213+00	2025-07-23 11:20:17.781222+00	0	378	t	f	53	9	0	0	t
784	2025-07-23 11:20:17.785205+00	2025-07-23 11:20:17.785213+00	0	379	t	f	54	9	0	0	t
785	2025-07-23 11:20:17.790925+00	2025-07-23 11:20:17.790935+00	0	378	t	f	54	9	0	0	t
786	2025-07-23 11:20:17.794734+00	2025-07-23 11:20:17.794743+00	0	380	t	f	55	9	0	0	t
787	2025-07-23 11:20:17.798688+00	2025-07-23 11:20:17.798697+00	0	381	t	f	55	9	0	0	t
788	2025-07-23 11:20:17.802653+00	2025-07-23 11:20:17.802662+00	0	382	t	f	27	7	0	0	t
789	2025-07-23 11:20:17.806702+00	2025-07-23 11:20:17.806711+00	0	383	t	f	13	3	0	0	t
790	2025-07-23 11:20:17.810851+00	2025-07-23 11:20:17.81086+00	0	384	t	f	13	3	0	0	t
791	2025-07-23 11:20:17.817062+00	2025-07-23 11:20:17.817072+00	0	385	t	f	13	3	0	0	t
792	2025-07-23 11:20:17.821469+00	2025-07-23 11:20:17.82148+00	0	386	t	f	13	3	0	0	t
793	2025-07-23 11:20:17.825828+00	2025-07-23 11:20:17.825848+00	0	387	t	f	10	1	0	0	t
794	2025-07-23 11:20:17.829931+00	2025-07-23 11:20:17.82994+00	0	388	t	f	10	1	0	0	t
795	2025-07-23 11:20:17.834084+00	2025-07-23 11:20:17.834094+00	0	114	t	f	10	1	0	0	t
796	2025-07-23 11:20:17.840987+00	2025-07-23 11:20:17.840996+00	0	389	t	f	9	1	0	0	t
797	2025-07-23 11:20:17.847106+00	2025-07-23 11:20:17.847116+00	0	330	t	f	9	1	0	0	t
798	2025-07-23 11:20:17.853575+00	2025-07-23 11:20:17.853585+00	0	329	t	f	9	1	0	0	t
799	2025-07-23 11:20:17.857901+00	2025-07-23 11:20:17.857925+00	0	94	t	f	9	1	0	0	t
800	2025-07-23 11:20:17.862146+00	2025-07-23 11:20:17.862156+00	0	89	t	f	9	1	0	0	t
801	2025-07-23 11:20:17.866439+00	2025-07-23 11:20:17.866448+00	0	95	t	f	9	1	0	0	t
802	2025-07-23 11:20:17.870662+00	2025-07-23 11:20:17.87067+00	0	390	t	f	56	1	0	0	t
803	2025-07-23 11:20:17.876665+00	2025-07-23 11:20:17.876674+00	0	391	t	f	15	1	0	0	t
804	2025-07-23 11:20:17.88254+00	2025-07-23 11:20:17.882549+00	0	392	t	f	21	1	0	0	t
805	2025-07-23 11:20:17.898579+00	2025-07-23 11:20:17.898594+00	0	393	t	f	21	1	0	0	t
806	2025-07-23 11:20:17.904357+00	2025-07-23 11:20:17.904374+00	0	394	t	f	23	1	0	0	t
807	2025-07-23 11:20:17.909645+00	2025-07-23 11:20:17.909655+00	0	395	t	f	23	1	0	0	t
808	2025-07-23 11:20:17.914411+00	2025-07-23 11:20:17.914422+00	0	396	t	f	57	1	0	0	t
809	2025-07-23 11:20:17.919228+00	2025-07-23 11:20:17.919236+00	0	397	t	f	57	1	0	0	t
810	2025-07-23 11:20:17.923611+00	2025-07-23 11:20:17.923619+00	0	398	t	f	57	1	0	0	t
811	2025-07-23 11:20:17.928105+00	2025-07-23 11:20:17.928113+00	0	399	t	f	57	1	0	0	t
812	2025-07-23 11:20:17.93414+00	2025-07-23 11:20:17.934149+00	0	400	t	f	34	1	0	0	t
813	2025-07-23 11:20:17.938266+00	2025-07-23 11:20:17.938275+00	0	401	t	f	34	1	0	0	t
814	2025-07-23 11:20:17.942261+00	2025-07-23 11:20:17.94227+00	0	402	t	f	10	1	0	0	t
815	2025-07-23 11:20:17.946443+00	2025-07-23 11:20:17.946452+00	0	403	t	f	10	1	0	0	t
816	2025-07-23 11:20:17.95062+00	2025-07-23 11:20:17.950629+00	0	404	t	f	5	1	0	0	t
817	2025-07-23 11:20:17.954759+00	2025-07-23 11:20:17.954768+00	0	405	t	f	5	1	0	0	t
818	2025-07-23 11:20:17.958882+00	2025-07-23 11:20:17.95889+00	0	406	t	f	1	1	0	0	t
819	2025-07-23 11:20:17.964492+00	2025-07-23 11:20:17.964501+00	0	407	t	f	1	1	0	0	t
820	2025-07-23 11:20:17.968428+00	2025-07-23 11:20:17.968436+00	0	408	t	f	1	1	0	0	t
821	2025-07-23 11:20:17.972629+00	2025-07-23 11:20:17.972638+00	0	1	t	f	10	1	0	0	t
822	2025-07-23 11:20:17.976844+00	2025-07-23 11:20:17.976853+00	0	237	t	f	10	1	0	0	t
823	2025-07-23 11:20:17.982997+00	2025-07-23 11:20:17.983006+00	0	409	t	f	1	1	0	0	t
824	2025-07-23 11:20:17.987144+00	2025-07-23 11:20:17.987153+00	0	17	t	f	58	1	0	0	t
825	2025-07-23 11:20:17.993391+00	2025-07-23 11:20:17.9934+00	0	16	t	f	58	1	0	0	t
826	2025-07-23 11:20:17.997493+00	2025-07-23 11:20:17.997503+00	0	19	t	f	58	1	0	0	t
827	2025-07-23 11:20:18.001644+00	2025-07-23 11:20:18.001652+00	0	20	t	f	58	1	0	0	t
828	2025-07-23 11:20:18.005838+00	2025-07-23 11:20:18.005846+00	0	21	t	f	58	1	0	0	t
829	2025-07-23 11:20:18.010052+00	2025-07-23 11:20:18.010061+00	0	23	t	f	58	1	0	0	t
830	2025-07-23 11:20:18.014096+00	2025-07-23 11:20:18.014105+00	0	24	t	f	58	1	0	0	t
831	2025-07-23 11:20:18.018099+00	2025-07-23 11:20:18.018107+00	0	410	t	f	1	1	0	0	t
832	2025-07-23 11:20:18.02416+00	2025-07-23 11:20:18.024168+00	0	411	t	f	1	1	0	0	t
833	2025-07-23 11:20:18.028326+00	2025-07-23 11:20:18.028334+00	0	387	t	f	59	1	0	0	t
834	2025-07-23 11:20:18.032246+00	2025-07-23 11:20:18.032255+00	0	412	t	f	59	1	0	0	t
835	2025-07-23 11:20:18.036315+00	2025-07-23 11:20:18.036323+00	0	237	t	f	59	1	0	0	t
836	2025-07-23 11:20:18.040395+00	2025-07-23 11:20:18.040404+00	0	114	t	f	59	1	0	0	t
837	2025-07-23 11:20:18.044389+00	2025-07-23 11:20:18.044398+00	0	410	t	f	59	1	0	0	t
838	2025-07-23 11:20:18.050034+00	2025-07-23 11:20:18.050043+00	0	413	t	f	59	1	0	0	t
839	2025-07-23 11:20:18.054143+00	2025-07-23 11:20:18.054152+00	0	414	t	f	59	1	0	0	t
840	2025-07-23 11:20:18.058111+00	2025-07-23 11:20:18.05812+00	0	415	t	f	59	1	0	0	t
841	2025-07-23 11:20:18.06207+00	2025-07-23 11:20:18.062078+00	0	416	t	f	59	1	0	0	t
842	2025-07-23 11:20:18.06615+00	2025-07-23 11:20:18.066158+00	0	417	t	f	60	1	0	0	t
843	2025-07-23 11:20:18.070238+00	2025-07-23 11:20:18.070246+00	0	418	t	f	60	1	0	0	t
844	2025-07-23 11:20:18.074294+00	2025-07-23 11:20:18.074303+00	0	419	t	f	60	1	0	0	t
845	2025-07-23 11:20:18.079849+00	2025-07-23 11:20:18.079858+00	0	420	t	f	60	1	0	0	t
846	2025-07-23 11:20:18.083709+00	2025-07-23 11:20:18.083718+00	0	421	t	f	60	1	0	0	t
847	2025-07-23 11:20:18.087788+00	2025-07-23 11:20:18.087797+00	0	422	t	f	60	1	0	0	t
848	2025-07-23 11:20:18.091724+00	2025-07-23 11:20:18.091733+00	0	329	t	f	60	1	0	0	t
849	2025-07-23 11:20:18.095698+00	2025-07-23 11:20:18.095707+00	0	94	t	f	60	1	0	0	t
850	2025-07-23 11:20:18.099571+00	2025-07-23 11:20:18.09958+00	0	423	t	f	60	1	0	0	t
851	2025-07-23 11:20:18.103484+00	2025-07-23 11:20:18.103493+00	0	424	t	f	60	1	0	0	t
852	2025-07-23 11:20:18.109034+00	2025-07-23 11:20:18.109042+00	0	425	t	f	60	1	0	0	t
853	2025-07-23 11:20:18.112828+00	2025-07-23 11:20:18.112836+00	0	426	t	f	39	1	0	0	t
854	2025-07-23 11:20:18.117009+00	2025-07-23 11:20:18.117018+00	0	427	t	f	39	1	0	0	t
855	2025-07-23 11:20:18.120984+00	2025-07-23 11:20:18.120993+00	0	428	t	f	8	1	0	0	t
856	2025-07-23 11:20:18.124955+00	2025-07-23 11:20:18.124964+00	0	429	t	f	8	1	0	0	t
857	2025-07-23 11:20:18.128959+00	2025-07-23 11:20:18.128967+00	0	430	t	f	11	1	0	0	t
858	2025-07-23 11:20:18.132984+00	2025-07-23 11:20:18.132993+00	0	431	t	f	11	1	0	0	t
859	2025-07-23 11:20:18.138467+00	2025-07-23 11:20:18.138476+00	0	432	t	f	11	1	0	0	t
860	2025-07-23 11:20:18.142343+00	2025-07-23 11:20:18.142352+00	0	433	t	f	11	1	0	0	t
861	2025-07-23 11:20:18.146445+00	2025-07-23 11:20:18.146454+00	0	434	t	f	11	1	0	0	t
862	2025-07-23 11:20:18.150381+00	2025-07-23 11:20:18.15039+00	0	435	t	f	11	1	0	0	t
863	2025-07-23 11:20:18.154477+00	2025-07-23 11:20:18.154485+00	0	436	t	f	11	1	0	0	t
864	2025-07-23 11:20:18.158407+00	2025-07-23 11:20:18.158416+00	0	437	t	f	12	1	0	0	t
865	2025-07-23 11:20:18.1645+00	2025-07-23 11:20:18.164509+00	0	438	t	f	11	1	0	0	t
866	2025-07-23 11:20:18.168674+00	2025-07-23 11:20:18.168683+00	0	439	t	f	11	1	0	0	t
867	2025-07-23 11:20:18.172941+00	2025-07-23 11:20:18.17295+00	0	440	t	f	11	1	0	0	t
868	2025-07-23 11:20:18.177229+00	2025-07-23 11:20:18.177238+00	0	441	t	f	12	1	0	0	t
869	2025-07-23 11:20:18.181356+00	2025-07-23 11:20:18.181364+00	0	442	t	f	12	1	0	0	t
870	2025-07-23 11:20:18.185509+00	2025-07-23 11:20:18.185519+00	0	443	t	f	12	1	0	0	t
871	2025-07-23 11:20:18.189553+00	2025-07-23 11:20:18.189562+00	0	444	t	f	11	1	0	0	t
872	2025-07-23 11:20:18.195432+00	2025-07-23 11:20:18.195441+00	0	445	t	f	11	1	0	0	t
873	2025-07-23 11:20:18.199593+00	2025-07-23 11:20:18.199604+00	0	446	t	f	11	1	0	0	t
874	2025-07-23 11:20:18.204099+00	2025-07-23 11:20:18.204108+00	0	447	t	f	11	1	0	0	t
875	2025-07-23 11:20:18.208333+00	2025-07-23 11:20:18.208341+00	0	448	t	f	11	1	0	0	t
876	2025-07-23 11:20:18.214327+00	2025-07-23 11:20:18.214336+00	0	449	t	f	11	1	0	0	t
877	2025-07-23 11:20:18.219899+00	2025-07-23 11:20:18.219971+00	0	450	t	f	11	1	0	0	t
878	2025-07-23 11:20:18.227151+00	2025-07-23 11:20:18.227168+00	0	451	t	f	11	1	0	0	t
879	2025-07-23 11:20:18.234395+00	2025-07-23 11:20:18.234412+00	0	452	t	f	11	1	0	0	t
880	2025-07-23 11:20:18.2395+00	2025-07-23 11:20:18.239512+00	0	453	t	f	11	1	0	0	t
881	2025-07-23 11:20:18.244568+00	2025-07-23 11:20:18.24458+00	0	454	t	f	11	1	0	0	t
882	2025-07-23 11:20:18.24904+00	2025-07-23 11:20:18.249049+00	0	455	t	f	11	1	0	0	t
883	2025-07-23 11:20:18.253382+00	2025-07-23 11:20:18.253391+00	0	456	t	f	11	1	0	0	t
884	2025-07-23 11:20:18.257663+00	2025-07-23 11:20:18.257672+00	0	457	t	f	11	1	0	0	t
885	2025-07-23 11:20:18.26368+00	2025-07-23 11:20:18.263689+00	0	458	t	f	11	1	0	0	t
886	2025-07-23 11:20:18.267874+00	2025-07-23 11:20:18.267882+00	0	459	t	f	11	1	0	0	t
887	2025-07-23 11:20:18.272105+00	2025-07-23 11:20:18.272115+00	0	460	t	f	11	1	0	0	t
888	2025-07-23 11:20:18.276439+00	2025-07-23 11:20:18.276448+00	0	461	t	f	11	1	0	0	t
889	2025-07-23 11:20:18.282434+00	2025-07-23 11:20:18.282443+00	0	462	t	f	11	1	0	0	t
890	2025-07-23 11:20:18.286441+00	2025-07-23 11:20:18.28645+00	0	463	t	f	11	1	0	0	t
891	2025-07-23 11:20:18.29265+00	2025-07-23 11:20:18.292659+00	0	464	t	f	11	1	0	0	t
892	2025-07-23 11:20:18.296605+00	2025-07-23 11:20:18.296613+00	0	465	t	f	11	1	0	0	t
893	2025-07-23 11:20:18.30066+00	2025-07-23 11:20:18.300668+00	0	466	t	f	11	1	0	0	t
894	2025-07-23 11:20:18.304925+00	2025-07-23 11:20:18.304934+00	0	467	t	f	11	1	0	0	t
895	2025-07-23 11:20:18.309016+00	2025-07-23 11:20:18.309025+00	0	468	t	f	11	1	0	0	t
896	2025-07-23 11:20:18.313161+00	2025-07-23 11:20:18.31317+00	0	469	t	f	11	1	0	0	t
897	2025-07-23 11:20:18.31925+00	2025-07-23 11:20:18.319259+00	0	470	t	f	11	1	0	0	t
898	2025-07-23 11:20:18.3235+00	2025-07-23 11:20:18.323509+00	0	471	t	f	11	1	0	0	t
899	2025-07-23 11:20:18.328019+00	2025-07-23 11:20:18.328028+00	0	472	t	f	11	1	0	0	t
900	2025-07-23 11:20:18.334234+00	2025-07-23 11:20:18.334258+00	0	473	t	f	11	1	0	0	t
901	2025-07-23 11:20:18.341967+00	2025-07-23 11:20:18.341991+00	0	474	t	f	11	1	0	0	t
902	2025-07-23 11:20:18.348765+00	2025-07-23 11:20:18.348779+00	0	475	t	f	11	1	0	0	t
903	2025-07-23 11:20:18.354631+00	2025-07-23 11:20:18.354645+00	0	476	t	f	11	1	0	0	t
904	2025-07-23 11:20:18.361129+00	2025-07-23 11:20:18.36114+00	0	477	t	f	11	1	0	0	t
905	2025-07-23 11:20:18.365989+00	2025-07-23 11:20:18.365999+00	0	478	t	f	11	1	0	0	t
906	2025-07-23 11:20:18.370433+00	2025-07-23 11:20:18.370442+00	0	479	t	f	11	1	0	0	t
907	2025-07-23 11:20:18.374802+00	2025-07-23 11:20:18.37481+00	0	480	t	f	11	1	0	0	t
908	2025-07-23 11:20:18.379225+00	2025-07-23 11:20:18.379234+00	0	481	t	f	11	1	0	0	t
909	2025-07-23 11:20:18.385283+00	2025-07-23 11:20:18.385307+00	0	482	t	f	11	1	0	0	t
910	2025-07-23 11:20:18.394881+00	2025-07-23 11:20:18.394948+00	0	483	t	f	11	1	0	0	t
911	2025-07-23 11:20:18.402635+00	2025-07-23 11:20:18.402653+00	0	484	t	f	11	1	0	0	t
912	2025-07-23 11:20:18.408778+00	2025-07-23 11:20:18.408789+00	0	485	t	f	11	1	0	0	t
913	2025-07-23 11:20:18.41359+00	2025-07-23 11:20:18.4136+00	0	486	t	f	12	1	0	0	t
914	2025-07-23 11:20:18.418403+00	2025-07-23 11:20:18.418413+00	0	487	t	f	11	1	0	0	t
915	2025-07-23 11:20:18.4227+00	2025-07-23 11:20:18.422708+00	0	488	t	f	11	1	0	0	t
916	2025-07-23 11:20:18.426983+00	2025-07-23 11:20:18.426992+00	0	489	t	f	11	1	0	0	t
917	2025-07-23 11:20:18.433047+00	2025-07-23 11:20:18.433056+00	0	490	t	f	11	1	0	0	t
918	2025-07-23 11:20:18.437166+00	2025-07-23 11:20:18.437174+00	0	491	t	f	11	1	0	0	t
919	2025-07-23 11:20:18.44131+00	2025-07-23 11:20:18.441319+00	0	492	t	f	11	1	0	0	t
920	2025-07-23 11:20:18.445469+00	2025-07-23 11:20:18.445477+00	0	493	t	f	11	1	0	0	t
921	2025-07-23 11:20:18.449565+00	2025-07-23 11:20:18.449574+00	0	494	t	f	11	1	0	0	t
922	2025-07-23 11:20:18.453658+00	2025-07-23 11:20:18.453666+00	0	495	t	f	11	1	0	0	t
923	2025-07-23 11:20:18.457589+00	2025-07-23 11:20:18.457597+00	0	496	t	f	11	1	0	0	t
924	2025-07-23 11:20:18.472986+00	2025-07-23 11:20:18.473018+00	0	497	t	f	11	1	0	0	t
925	2025-07-23 11:20:18.481198+00	2025-07-23 11:20:18.481212+00	0	498	t	f	11	1	0	0	t
926	2025-07-23 11:20:18.48711+00	2025-07-23 11:20:18.487124+00	0	499	t	f	11	1	0	0	t
927	2025-07-23 11:20:18.492743+00	2025-07-23 11:20:18.492753+00	0	500	t	f	61	1	0	0	t
928	2025-07-23 11:20:18.497577+00	2025-07-23 11:20:18.497588+00	0	501	t	f	61	1	0	0	t
929	2025-07-23 11:20:18.501893+00	2025-07-23 11:20:18.501903+00	0	502	t	f	11	1	0	0	t
930	2025-07-23 11:20:18.507743+00	2025-07-23 11:20:18.507752+00	0	503	t	f	11	1	0	0	t
931	2025-07-23 11:20:18.511767+00	2025-07-23 11:20:18.511775+00	0	504	t	f	11	1	0	0	t
932	2025-07-23 11:20:18.518058+00	2025-07-23 11:20:18.518067+00	0	505	t	f	11	1	0	0	t
933	2025-07-23 11:20:18.522521+00	2025-07-23 11:20:18.522532+00	0	506	t	f	1	1	0	0	t
934	2025-07-23 11:20:18.526887+00	2025-07-23 11:20:18.526895+00	0	507	t	f	62	10	0	0	t
935	2025-07-23 11:20:18.531154+00	2025-07-23 11:20:18.531163+00	0	508	t	f	62	10	0	0	t
936	2025-07-23 11:20:18.535495+00	2025-07-23 11:20:18.535506+00	0	509	t	f	62	10	0	0	t
937	2025-07-23 11:20:18.541532+00	2025-07-23 11:20:18.54154+00	0	510	t	f	62	10	0	0	t
938	2025-07-23 11:20:18.545794+00	2025-07-23 11:20:18.545802+00	0	511	t	f	62	10	0	0	t
939	2025-07-23 11:20:18.550173+00	2025-07-23 11:20:18.550182+00	0	512	t	f	62	10	0	0	t
940	2025-07-23 11:20:18.55753+00	2025-07-23 11:20:18.557552+00	0	513	t	f	62	10	0	0	t
941	2025-07-23 11:20:18.564119+00	2025-07-23 11:20:18.564133+00	0	514	t	f	62	10	0	0	t
942	2025-07-23 11:20:18.569553+00	2025-07-23 11:20:18.569566+00	0	515	t	f	62	10	0	0	t
943	2025-07-23 11:20:18.57434+00	2025-07-23 11:20:18.574349+00	0	516	t	f	62	10	0	0	t
944	2025-07-23 11:20:18.581031+00	2025-07-23 11:20:18.581041+00	0	517	t	f	62	10	0	0	t
945	2025-07-23 11:20:18.585417+00	2025-07-23 11:20:18.585425+00	0	518	t	f	62	10	0	0	t
946	2025-07-23 11:20:18.590246+00	2025-07-23 11:20:18.590258+00	0	519	t	f	62	10	0	0	t
947	2025-07-23 11:20:18.594563+00	2025-07-23 11:20:18.594572+00	0	520	t	f	62	10	0	0	t
948	2025-07-23 11:20:18.598673+00	2025-07-23 11:20:18.598682+00	0	521	t	f	62	10	0	0	t
949	2025-07-23 11:20:18.602641+00	2025-07-23 11:20:18.602649+00	0	522	t	f	62	10	0	0	t
950	2025-07-23 11:20:18.606542+00	2025-07-23 11:20:18.606551+00	0	523	t	f	62	10	0	0	t
951	2025-07-23 11:20:18.612398+00	2025-07-23 11:20:18.612407+00	0	524	t	f	62	10	0	0	t
952	2025-07-23 11:20:18.617167+00	2025-07-23 11:20:18.617176+00	0	525	t	f	62	10	0	0	t
953	2025-07-23 11:20:18.621363+00	2025-07-23 11:20:18.621372+00	0	526	t	f	62	10	0	0	t
954	2025-07-23 11:20:18.625403+00	2025-07-23 11:20:18.625412+00	0	527	t	f	62	10	0	0	t
955	2025-07-23 11:20:18.629489+00	2025-07-23 11:20:18.629497+00	0	528	t	f	62	10	0	0	t
956	2025-07-23 11:20:18.633587+00	2025-07-23 11:20:18.633596+00	0	529	t	f	62	10	0	0	t
957	2025-07-23 11:20:18.639327+00	2025-07-23 11:20:18.639335+00	0	530	t	f	62	10	0	0	t
958	2025-07-23 11:20:18.643215+00	2025-07-23 11:20:18.643224+00	0	531	t	f	63	7	0	0	t
959	2025-07-23 11:20:18.648005+00	2025-07-23 11:20:18.648014+00	0	532	t	f	11	1	0	0	t
960	2025-07-23 11:20:18.652106+00	2025-07-23 11:20:18.652114+00	0	533	t	f	11	1	0	0	t
961	2025-07-23 11:20:18.658179+00	2025-07-23 11:20:18.658199+00	0	534	t	f	12	1	0	0	t
962	2025-07-23 11:20:18.664844+00	2025-07-23 11:20:18.664856+00	0	535	t	f	11	1	0	0	t
963	2025-07-23 11:20:18.669924+00	2025-07-23 11:20:18.669937+00	0	536	t	f	21	1	0	0	t
964	2025-07-23 11:20:18.676682+00	2025-07-23 11:20:18.676692+00	0	537	t	f	21	1	0	0	t
965	2025-07-23 11:20:18.681325+00	2025-07-23 11:20:18.681335+00	0	538	t	f	21	1	0	0	t
966	2025-07-23 11:20:18.686245+00	2025-07-23 11:20:18.686254+00	0	539	t	f	21	1	0	0	t
967	2025-07-23 11:20:18.690307+00	2025-07-23 11:20:18.690315+00	0	540	t	f	21	1	0	0	t
968	2025-07-23 11:20:18.694417+00	2025-07-23 11:20:18.694426+00	0	541	t	f	22	7	0	0	t
969	2025-07-23 11:20:18.698389+00	2025-07-23 11:20:18.698397+00	0	542	t	f	22	7	0	0	t
970	2025-07-23 11:20:18.70287+00	2025-07-23 11:20:18.702879+00	0	543	t	f	22	7	0	0	t
971	2025-07-23 11:20:18.711099+00	2025-07-23 11:20:18.711119+00	0	544	t	f	22	7	0	0	t
972	2025-07-23 11:20:18.717214+00	2025-07-23 11:20:18.717228+00	0	545	t	f	22	7	0	0	t
973	2025-07-23 11:20:18.722581+00	2025-07-23 11:20:18.722599+00	0	546	t	f	22	7	0	0	t
974	2025-07-23 11:20:18.727421+00	2025-07-23 11:20:18.72743+00	0	547	t	f	24	7	0	0	t
975	2025-07-23 11:20:18.732124+00	2025-07-23 11:20:18.732134+00	0	548	t	f	63	7	0	0	t
976	2025-07-23 11:20:18.736684+00	2025-07-23 11:20:18.736693+00	0	549	t	f	31	7	0	0	t
977	2025-07-23 11:20:18.742732+00	2025-07-23 11:20:18.742741+00	0	550	t	f	64	5	0	0	t
978	2025-07-23 11:20:18.746941+00	2025-07-23 11:20:18.746949+00	0	551	t	f	64	5	0	0	t
979	2025-07-23 11:20:18.751314+00	2025-07-23 11:20:18.751322+00	0	552	t	f	32	1	0	0	t
980	2025-07-23 11:20:18.755486+00	2025-07-23 11:20:18.755494+00	0	553	t	f	32	1	0	0	t
981	2025-07-23 11:20:18.759469+00	2025-07-23 11:20:18.759478+00	0	554	t	f	65	11	0	0	t
982	2025-07-23 11:20:18.763351+00	2025-07-23 11:20:18.76336+00	0	555	t	f	65	11	0	0	t
983	2025-07-23 11:20:18.767215+00	2025-07-23 11:20:18.767224+00	0	556	t	f	65	11	0	0	t
984	2025-07-23 11:20:18.772882+00	2025-07-23 11:20:18.77289+00	0	557	t	f	65	11	0	0	t
985	2025-07-23 11:20:18.776849+00	2025-07-23 11:20:18.776857+00	0	558	t	f	65	11	0	0	t
986	2025-07-23 11:20:18.780974+00	2025-07-23 11:20:18.780982+00	0	559	t	f	65	11	0	0	t
987	2025-07-23 11:20:18.786975+00	2025-07-23 11:20:18.786984+00	0	560	t	f	66	7	0	0	t
988	2025-07-23 11:20:18.791075+00	2025-07-23 11:20:18.791083+00	0	561	t	f	66	7	0	0	t
989	2025-07-23 11:20:18.795243+00	2025-07-23 11:20:18.795252+00	0	562	t	f	66	7	0	0	t
990	2025-07-23 11:20:18.79932+00	2025-07-23 11:20:18.799329+00	0	563	t	f	66	7	0	0	t
991	2025-07-23 11:20:18.805147+00	2025-07-23 11:20:18.805155+00	0	564	t	f	66	7	0	0	t
992	2025-07-23 11:20:18.809344+00	2025-07-23 11:20:18.809352+00	0	565	t	f	66	7	0	0	t
993	2025-07-23 11:20:18.813658+00	2025-07-23 11:20:18.813667+00	0	566	t	f	33	7	0	0	t
994	2025-07-23 11:20:18.817884+00	2025-07-23 11:20:18.817895+00	0	567	t	f	40	7	0	0	t
995	2025-07-23 11:20:18.822367+00	2025-07-23 11:20:18.822375+00	0	568	t	f	41	7	0	0	t
996	2025-07-23 11:20:18.826633+00	2025-07-23 11:20:18.826642+00	0	569	t	f	67	7	0	0	t
997	2025-07-23 11:20:18.832574+00	2025-07-23 11:20:18.832585+00	0	570	t	f	67	7	0	0	t
998	2025-07-23 11:20:18.836746+00	2025-07-23 11:20:18.836754+00	0	571	t	f	68	7	0	0	t
999	2025-07-23 11:20:18.841055+00	2025-07-23 11:20:18.841064+00	0	572	t	f	68	7	0	0	t
1000	2025-07-23 11:20:18.845227+00	2025-07-23 11:20:18.845236+00	0	573	t	f	68	7	0	0	t
1001	2025-07-23 11:20:18.849401+00	2025-07-23 11:20:18.849409+00	0	574	t	f	69	7	0	0	t
1002	2025-07-23 11:20:18.853635+00	2025-07-23 11:20:18.853644+00	0	575	t	f	69	7	0	0	t
1003	2025-07-23 11:20:18.858156+00	2025-07-23 11:20:18.858165+00	0	576	t	f	69	7	0	0	t
1004	2025-07-23 11:20:18.86425+00	2025-07-23 11:20:18.864258+00	0	577	t	f	69	7	0	0	t
1005	2025-07-23 11:20:18.868205+00	2025-07-23 11:20:18.868214+00	0	578	t	f	19	6	0	0	t
1006	2025-07-23 11:20:18.872491+00	2025-07-23 11:20:18.8725+00	0	579	t	f	35	7	0	0	t
1007	2025-07-23 11:20:18.876917+00	2025-07-23 11:20:18.876927+00	0	580	t	f	35	7	0	0	t
1008	2025-07-23 11:20:18.880993+00	2025-07-23 11:20:18.881001+00	0	581	t	f	70	7	0	0	t
1009	2025-07-23 11:20:18.884877+00	2025-07-23 11:20:18.884886+00	0	582	t	f	70	7	0	0	t
1010	2025-07-23 11:20:18.890636+00	2025-07-23 11:20:18.890645+00	0	583	t	f	71	1	0	0	t
1011	2025-07-23 11:20:18.895179+00	2025-07-23 11:20:18.895187+00	0	584	t	f	71	1	0	0	t
1012	2025-07-23 11:20:18.899155+00	2025-07-23 11:20:18.899163+00	0	585	t	f	72	1	0	0	t
1013	2025-07-23 11:20:18.90307+00	2025-07-23 11:20:18.903079+00	0	586	t	f	72	1	0	0	t
1014	2025-07-23 11:20:18.906937+00	2025-07-23 11:20:18.906946+00	0	587	t	f	72	1	0	0	t
1015	2025-07-23 11:20:18.910893+00	2025-07-23 11:20:18.910901+00	0	588	t	f	73	7	0	0	t
1016	2025-07-23 11:20:18.917405+00	2025-07-23 11:20:18.917414+00	0	589	t	f	74	7	0	0	t
1017	2025-07-23 11:20:18.921447+00	2025-07-23 11:20:18.921456+00	0	588	t	f	75	7	0	0	t
1018	2025-07-23 11:20:18.925607+00	2025-07-23 11:20:18.925616+00	0	590	t	f	76	7	0	0	t
1019	2025-07-23 11:20:18.930521+00	2025-07-23 11:20:18.93053+00	0	591	t	f	77	7	0	0	t
1020	2025-07-23 11:20:18.936752+00	2025-07-23 11:20:18.936761+00	0	592	t	f	77	7	0	0	t
1021	2025-07-23 11:20:18.940891+00	2025-07-23 11:20:18.9409+00	0	593	t	f	77	7	0	0	t
1022	2025-07-23 11:20:18.945473+00	2025-07-23 11:20:18.945483+00	0	594	t	f	77	7	0	0	t
1023	2025-07-23 11:20:18.949684+00	2025-07-23 11:20:18.949693+00	0	595	t	f	77	7	0	0	t
1024	2025-07-23 11:20:18.953984+00	2025-07-23 11:20:18.953992+00	0	596	t	f	78	7	0	0	t
1025	2025-07-23 11:20:18.95858+00	2025-07-23 11:20:18.958588+00	0	597	t	f	78	7	0	0	t
1026	2025-07-23 11:20:18.96461+00	2025-07-23 11:20:18.964618+00	0	598	t	f	78	7	0	0	t
1027	2025-07-23 11:20:18.968454+00	2025-07-23 11:20:18.968462+00	0	599	t	f	79	7	0	0	t
1028	2025-07-23 11:20:18.97243+00	2025-07-23 11:20:18.972439+00	0	600	t	f	79	7	0	0	t
1029	2025-07-23 11:20:18.976506+00	2025-07-23 11:20:18.976514+00	0	601	t	f	79	7	0	0	t
1030	2025-07-23 11:20:18.980671+00	2025-07-23 11:20:18.98068+00	0	602	t	f	79	7	0	0	t
1031	2025-07-23 11:20:18.984954+00	2025-07-23 11:20:18.984964+00	0	603	t	f	80	7	0	0	t
1032	2025-07-23 11:20:18.989223+00	2025-07-23 11:20:18.989232+00	0	603	t	f	81	7	0	0	t
1033	2025-07-23 11:20:18.99652+00	2025-07-23 11:20:18.996529+00	0	603	t	f	82	7	0	0	t
1034	2025-07-23 11:20:19.000468+00	2025-07-23 11:20:19.000477+00	0	604	t	f	82	7	0	0	t
1035	2025-07-23 11:20:19.004711+00	2025-07-23 11:20:19.004719+00	0	605	t	f	83	7	0	0	t
1036	2025-07-23 11:20:19.008995+00	2025-07-23 11:20:19.009003+00	0	606	t	f	83	7	0	0	t
1037	2025-07-23 11:20:19.013239+00	2025-07-23 11:20:19.013248+00	0	607	t	f	83	7	0	0	t
1038	2025-07-23 11:20:19.017305+00	2025-07-23 11:20:19.017313+00	0	608	t	f	83	7	0	0	t
1039	2025-07-23 11:20:19.021572+00	2025-07-23 11:20:19.02158+00	0	609	t	f	83	7	0	0	t
1040	2025-07-23 11:20:19.027198+00	2025-07-23 11:20:19.027206+00	0	610	t	f	32	1	0	0	t
1041	2025-07-23 11:20:19.030879+00	2025-07-23 11:20:19.030887+00	0	611	t	f	32	1	0	0	t
1042	2025-07-23 11:20:19.035249+00	2025-07-23 11:20:19.035258+00	0	612	t	f	32	1	0	0	t
1043	2025-07-23 11:20:19.040973+00	2025-07-23 11:20:19.040982+00	0	613	t	f	36	8	0	0	t
1044	2025-07-23 11:20:19.044941+00	2025-07-23 11:20:19.04495+00	0	614	t	f	36	8	0	0	t
1045	2025-07-23 11:20:19.04898+00	2025-07-23 11:20:19.048988+00	0	615	t	f	36	8	0	0	t
1046	2025-07-23 11:20:19.054802+00	2025-07-23 11:20:19.054811+00	0	616	t	f	36	8	0	0	t
1047	2025-07-23 11:20:19.059442+00	2025-07-23 11:20:19.05945+00	0	617	t	f	84	7	0	0	t
1048	2025-07-23 11:20:19.063821+00	2025-07-23 11:20:19.063829+00	0	618	t	f	84	7	0	0	t
1049	2025-07-23 11:20:19.068108+00	2025-07-23 11:20:19.068116+00	0	619	t	f	84	7	0	0	t
1050	2025-07-23 11:20:19.072593+00	2025-07-23 11:20:19.072602+00	0	620	t	f	85	7	0	0	t
1051	2025-07-23 11:20:19.076815+00	2025-07-23 11:20:19.076824+00	0	621	t	f	85	7	0	0	t
1052	2025-07-23 11:20:19.081418+00	2025-07-23 11:20:19.081426+00	0	622	t	f	85	7	0	0	t
1053	2025-07-23 11:20:19.087422+00	2025-07-23 11:20:19.08743+00	0	623	t	f	85	7	0	0	t
1054	2025-07-23 11:20:19.091515+00	2025-07-23 11:20:19.091523+00	0	624	t	f	85	7	0	0	t
1055	2025-07-23 11:20:19.099191+00	2025-07-23 11:20:19.099214+00	0	625	t	f	85	7	0	0	t
1056	2025-07-23 11:20:19.10584+00	2025-07-23 11:20:19.105857+00	0	626	t	f	85	7	0	0	t
1057	2025-07-23 11:20:19.111832+00	2025-07-23 11:20:19.111848+00	0	627	t	f	16	1	0	0	t
1058	2025-07-23 11:20:19.116526+00	2025-07-23 11:20:19.116536+00	0	628	t	f	15	1	0	0	t
1059	2025-07-23 11:20:19.121485+00	2025-07-23 11:20:19.121496+00	0	629	t	f	15	1	0	0	t
1060	2025-07-23 11:20:19.127726+00	2025-07-23 11:20:19.127735+00	0	630	t	f	17	1	0	0	t
1061	2025-07-23 11:20:19.132097+00	2025-07-23 11:20:19.132106+00	0	631	t	f	17	1	0	0	t
1062	2025-07-23 11:20:19.136314+00	2025-07-23 11:20:19.136323+00	0	632	t	f	17	1	0	0	t
1063	2025-07-23 11:20:19.140395+00	2025-07-23 11:20:19.140403+00	0	633	t	f	17	1	0	0	t
1064	2025-07-23 11:20:19.146809+00	2025-07-23 11:20:19.14683+00	0	634	t	f	17	1	0	0	t
1065	2025-07-23 11:20:19.153771+00	2025-07-23 11:20:19.153784+00	0	635	t	f	17	1	0	0	t
1066	2025-07-23 11:20:19.16064+00	2025-07-23 11:20:19.160652+00	0	636	t	f	17	1	0	0	t
1067	2025-07-23 11:20:19.165454+00	2025-07-23 11:20:19.165464+00	0	637	t	f	17	1	0	0	t
1068	2025-07-23 11:20:19.170032+00	2025-07-23 11:20:19.170041+00	0	638	t	f	17	1	0	0	t
1069	2025-07-23 11:20:19.174789+00	2025-07-23 11:20:19.174798+00	0	639	t	f	17	1	0	0	t
1070	2025-07-23 11:20:19.179138+00	2025-07-23 11:20:19.179147+00	0	640	t	f	17	1	0	0	t
1071	2025-07-23 11:20:19.183256+00	2025-07-23 11:20:19.183265+00	0	641	t	f	17	1	0	0	t
1072	2025-07-23 11:20:19.18721+00	2025-07-23 11:20:19.187218+00	0	642	t	f	17	1	0	0	t
1073	2025-07-23 11:20:19.193022+00	2025-07-23 11:20:19.19303+00	0	643	t	f	17	1	0	0	t
1074	2025-07-23 11:20:19.197219+00	2025-07-23 11:20:19.197228+00	0	644	t	f	17	1	0	0	t
1075	2025-07-23 11:20:19.201725+00	2025-07-23 11:20:19.201734+00	0	645	t	f	17	1	0	0	t
1076	2025-07-23 11:20:19.206149+00	2025-07-23 11:20:19.206157+00	0	646	t	f	17	1	0	0	t
1077	2025-07-23 11:20:19.2103+00	2025-07-23 11:20:19.210309+00	0	647	t	f	17	1	0	0	t
1078	2025-07-23 11:20:19.214286+00	2025-07-23 11:20:19.214294+00	0	648	t	f	17	1	0	0	t
1079	2025-07-23 11:20:19.219768+00	2025-07-23 11:20:19.219777+00	0	649	t	f	17	1	0	0	t
1080	2025-07-23 11:20:19.225329+00	2025-07-23 11:20:19.225354+00	0	650	t	f	17	1	0	0	t
1081	2025-07-23 11:20:19.232991+00	2025-07-23 11:20:19.233016+00	0	651	t	f	17	1	0	0	t
1082	2025-07-23 11:20:19.238678+00	2025-07-23 11:20:19.238691+00	0	652	t	f	17	1	0	0	t
1083	2025-07-23 11:20:19.24395+00	2025-07-23 11:20:19.243964+00	0	653	t	f	17	1	0	0	t
1084	2025-07-23 11:20:19.247691+00	2025-07-23 11:20:19.2477+00	0	654	t	f	17	1	0	0	t
1085	2025-07-23 11:20:19.2512+00	2025-07-23 11:20:19.251209+00	0	655	t	f	17	1	0	0	t
1086	2025-07-23 11:20:19.256151+00	2025-07-23 11:20:19.256159+00	0	656	t	f	17	1	0	0	t
1087	2025-07-23 11:20:19.259402+00	2025-07-23 11:20:19.259411+00	0	657	t	f	17	1	0	0	t
1088	2025-07-23 11:20:19.26277+00	2025-07-23 11:20:19.262778+00	0	658	t	f	17	1	0	0	t
1089	2025-07-23 11:20:19.26613+00	2025-07-23 11:20:19.266139+00	0	659	t	f	17	1	0	0	t
1090	2025-07-23 11:20:19.269424+00	2025-07-23 11:20:19.269433+00	0	660	t	f	17	1	0	0	t
1091	2025-07-23 11:20:19.272631+00	2025-07-23 11:20:19.27264+00	0	661	t	f	17	1	0	0	t
1092	2025-07-23 11:20:19.275861+00	2025-07-23 11:20:19.27587+00	0	662	t	f	17	1	0	0	t
1093	2025-07-23 11:20:19.280556+00	2025-07-23 11:20:19.280564+00	0	663	t	f	17	1	0	0	t
1094	2025-07-23 11:20:19.285969+00	2025-07-23 11:20:19.285978+00	0	664	t	f	17	1	0	0	t
1095	2025-07-23 11:20:19.291589+00	2025-07-23 11:20:19.291597+00	0	665	t	f	17	1	0	0	t
1096	2025-07-23 11:20:19.296473+00	2025-07-23 11:20:19.296482+00	0	666	t	f	17	1	0	0	t
1097	2025-07-23 11:20:19.300404+00	2025-07-23 11:20:19.300412+00	0	667	t	f	17	1	0	0	t
1098	2025-07-23 11:20:19.303891+00	2025-07-23 11:20:19.303899+00	0	668	t	f	17	1	0	0	t
1099	2025-07-23 11:20:19.309843+00	2025-07-23 11:20:19.309863+00	0	669	t	f	17	1	0	0	t
1100	2025-07-23 11:20:19.317989+00	2025-07-23 11:20:19.318+00	0	670	t	f	17	1	0	0	t
1101	2025-07-23 11:20:19.323043+00	2025-07-23 11:20:19.323055+00	0	671	t	f	17	1	0	0	t
1102	2025-07-23 11:20:19.327724+00	2025-07-23 11:20:19.327733+00	0	672	t	f	17	1	0	0	t
1103	2025-07-23 11:20:19.331862+00	2025-07-23 11:20:19.33187+00	0	673	t	f	17	1	0	0	t
1104	2025-07-23 11:20:19.339621+00	2025-07-23 11:20:19.339645+00	0	674	t	f	17	1	0	0	t
1105	2025-07-23 11:20:19.347725+00	2025-07-23 11:20:19.347747+00	0	675	t	f	12	1	0	0	t
1106	2025-07-23 11:20:19.375754+00	2025-07-23 11:20:19.375778+00	0	676	t	f	12	1	0	0	t
1107	2025-07-23 11:20:19.382692+00	2025-07-23 11:20:19.382711+00	0	677	t	f	12	1	0	0	t
1108	2025-07-23 11:20:19.388846+00	2025-07-23 11:20:19.388857+00	0	678	t	f	12	1	0	0	t
1109	2025-07-23 11:20:19.394094+00	2025-07-23 11:20:19.394106+00	0	679	t	f	8	1	0	0	t
1110	2025-07-23 11:20:19.399185+00	2025-07-23 11:20:19.399193+00	0	680	t	f	5	1	0	0	t
1111	2025-07-23 11:20:19.403537+00	2025-07-23 11:20:19.403546+00	0	681	t	f	1	1	0	0	t
1112	2025-07-23 11:20:19.408154+00	2025-07-23 11:20:19.408162+00	0	682	t	f	1	1	0	0	t
1113	2025-07-23 11:20:19.414236+00	2025-07-23 11:20:19.414244+00	0	683	t	f	1	1	0	0	t
1114	2025-07-23 11:20:19.418766+00	2025-07-23 11:20:19.418775+00	0	684	t	f	1	1	0	0	t
1115	2025-07-23 11:20:19.422889+00	2025-07-23 11:20:19.422898+00	0	685	t	f	1	1	0	0	t
1116	2025-07-23 11:20:19.427078+00	2025-07-23 11:20:19.427087+00	0	686	t	f	11	1	0	0	t
1117	2025-07-23 11:20:19.430979+00	2025-07-23 11:20:19.430988+00	0	687	t	f	12	1	0	0	t
1118	2025-07-23 11:20:19.435315+00	2025-07-23 11:20:19.435323+00	0	688	t	f	12	1	0	0	t
1119	2025-07-23 11:20:19.441492+00	2025-07-23 11:20:19.441502+00	0	689	t	f	12	1	0	0	t
1120	2025-07-23 11:20:19.445767+00	2025-07-23 11:20:19.445776+00	0	690	t	f	12	1	0	0	t
1121	2025-07-23 11:20:19.449989+00	2025-07-23 11:20:19.449998+00	0	691	t	f	12	1	0	0	t
1122	2025-07-23 11:20:19.454156+00	2025-07-23 11:20:19.454164+00	0	692	t	f	12	1	0	0	t
1123	2025-07-23 11:20:19.458729+00	2025-07-23 11:20:19.458737+00	0	255	t	f	12	1	0	0	t
1124	2025-07-23 11:20:19.462488+00	2025-07-23 11:20:19.462496+00	0	693	t	f	11	1	0	0	t
1125	2025-07-23 11:20:19.466351+00	2025-07-23 11:20:19.466359+00	0	694	t	f	12	1	0	0	t
1126	2025-07-23 11:20:19.471898+00	2025-07-23 11:20:19.47192+00	0	695	t	f	12	1	0	0	t
1127	2025-07-23 11:20:19.476377+00	2025-07-23 11:20:19.476386+00	0	696	t	f	12	1	0	0	t
1128	2025-07-23 11:20:19.480559+00	2025-07-23 11:20:19.480567+00	0	697	t	f	12	1	0	0	t
1129	2025-07-23 11:20:19.484946+00	2025-07-23 11:20:19.484954+00	0	698	t	f	12	1	0	0	t
1130	2025-07-23 11:20:19.488777+00	2025-07-23 11:20:19.488785+00	0	699	t	f	12	1	0	0	t
1131	2025-07-23 11:20:19.49248+00	2025-07-23 11:20:19.492489+00	0	700	t	f	12	1	0	0	t
1132	2025-07-23 11:20:19.496255+00	2025-07-23 11:20:19.496263+00	0	701	t	f	12	1	0	0	t
1133	2025-07-23 11:20:19.501928+00	2025-07-23 11:20:19.501937+00	0	702	t	f	12	1	0	0	t
1134	2025-07-23 11:20:19.505817+00	2025-07-23 11:20:19.505825+00	0	703	t	f	12	1	0	0	t
1135	2025-07-23 11:20:19.509812+00	2025-07-23 11:20:19.50982+00	0	704	t	f	12	1	0	0	t
1136	2025-07-23 11:20:19.514423+00	2025-07-23 11:20:19.514448+00	0	705	t	f	12	1	0	0	t
1137	2025-07-23 11:20:19.522074+00	2025-07-23 11:20:19.522096+00	0	706	t	f	12	1	0	0	t
1138	2025-07-23 11:20:19.529203+00	2025-07-23 11:20:19.529224+00	0	707	t	f	86	12	0	0	t
1139	2025-07-23 11:20:19.53654+00	2025-07-23 11:20:19.536552+00	0	708	t	f	86	12	0	0	t
1140	2025-07-23 11:20:19.543063+00	2025-07-23 11:20:19.543076+00	0	709	t	f	86	12	0	0	t
1141	2025-07-23 11:20:19.548544+00	2025-07-23 11:20:19.548557+00	0	710	t	f	86	12	0	0	t
1142	2025-07-23 11:20:19.553298+00	2025-07-23 11:20:19.553308+00	0	711	t	f	86	12	0	0	t
1143	2025-07-23 11:20:19.557824+00	2025-07-23 11:20:19.557834+00	0	712	t	f	86	12	0	0	t
1144	2025-07-23 11:20:19.56215+00	2025-07-23 11:20:19.562159+00	0	713	t	f	86	12	0	0	t
1145	2025-07-23 11:20:19.571628+00	2025-07-23 11:20:19.571652+00	0	714	t	f	86	12	0	0	t
1146	2025-07-23 11:20:19.579587+00	2025-07-23 11:20:19.579611+00	0	715	t	f	86	12	0	0	t
1147	2025-07-23 11:20:19.58606+00	2025-07-23 11:20:19.586075+00	0	716	t	f	86	12	0	0	t
1148	2025-07-23 11:20:19.592373+00	2025-07-23 11:20:19.592384+00	0	717	t	f	86	12	0	0	t
1149	2025-07-23 11:20:19.597388+00	2025-07-23 11:20:19.597402+00	0	718	t	f	86	12	0	0	t
1150	2025-07-23 11:20:19.601936+00	2025-07-23 11:20:19.601945+00	0	719	t	f	86	12	0	0	t
1151	2025-07-23 11:20:19.608134+00	2025-07-23 11:20:19.608143+00	0	720	t	f	86	12	0	0	t
1152	2025-07-23 11:20:19.612235+00	2025-07-23 11:20:19.612246+00	0	721	t	f	86	12	0	0	t
1153	2025-07-23 11:20:19.616504+00	2025-07-23 11:20:19.616512+00	0	722	t	f	86	12	0	0	t
1154	2025-07-23 11:20:19.621029+00	2025-07-23 11:20:19.621038+00	0	723	t	f	86	12	0	0	t
1155	2025-07-23 11:20:19.625438+00	2025-07-23 11:20:19.625447+00	0	724	t	f	67	7	0	0	t
1156	2025-07-23 11:20:19.63004+00	2025-07-23 11:20:19.630048+00	0	725	t	f	25	7	0	0	t
1157	2025-07-23 11:20:19.63433+00	2025-07-23 11:20:19.634339+00	0	726	t	f	27	7	0	0	t
1158	2025-07-23 11:20:19.640041+00	2025-07-23 11:20:19.640049+00	0	727	t	f	27	7	0	0	t
1159	2025-07-23 11:20:19.644032+00	2025-07-23 11:20:19.644041+00	0	728	t	f	87	7	0	0	t
1160	2025-07-23 11:20:19.648264+00	2025-07-23 11:20:19.648273+00	0	729	t	f	87	7	0	0	t
1161	2025-07-23 11:20:19.652318+00	2025-07-23 11:20:19.652327+00	0	730	t	f	88	7	0	0	t
1162	2025-07-23 11:20:19.656172+00	2025-07-23 11:20:19.65618+00	0	731	t	f	36	8	0	0	t
1163	2025-07-23 11:20:19.66011+00	2025-07-23 11:20:19.660119+00	0	732	t	f	36	8	0	0	t
1164	2025-07-23 11:20:19.664571+00	2025-07-23 11:20:19.66458+00	0	733	t	f	32	1	0	0	t
1165	2025-07-23 11:20:19.67055+00	2025-07-23 11:20:19.670559+00	0	734	t	f	89	7	0	0	t
1166	2025-07-23 11:20:19.674697+00	2025-07-23 11:20:19.674706+00	0	735	t	f	89	7	0	0	t
1167	2025-07-23 11:20:19.679+00	2025-07-23 11:20:19.679009+00	0	736	t	f	90	7	0	0	t
1168	2025-07-23 11:20:19.683257+00	2025-07-23 11:20:19.683266+00	0	737	t	f	32	1	0	0	t
1169	2025-07-23 11:20:19.687409+00	2025-07-23 11:20:19.68742+00	0	738	t	f	32	1	0	0	t
1170	2025-07-23 11:20:19.69155+00	2025-07-23 11:20:19.691559+00	0	739	t	f	91	7	0	0	t
1171	2025-07-23 11:20:19.697491+00	2025-07-23 11:20:19.6975+00	0	740	t	f	91	7	0	0	t
1172	2025-07-23 11:20:19.701644+00	2025-07-23 11:20:19.701653+00	0	741	t	f	91	7	0	0	t
1173	2025-07-23 11:20:19.70579+00	2025-07-23 11:20:19.705799+00	0	742	t	f	91	7	0	0	t
1174	2025-07-23 11:20:19.709918+00	2025-07-23 11:20:19.709927+00	0	743	t	f	91	7	0	0	t
1175	2025-07-23 11:20:19.714278+00	2025-07-23 11:20:19.714286+00	0	744	t	f	91	7	0	0	t
1176	2025-07-23 11:20:19.718811+00	2025-07-23 11:20:19.71882+00	0	745	t	f	92	7	0	0	t
1177	2025-07-23 11:20:19.723138+00	2025-07-23 11:20:19.723147+00	0	746	t	f	92	7	0	0	t
1178	2025-07-23 11:20:19.729328+00	2025-07-23 11:20:19.729339+00	0	747	t	f	92	7	0	0	t
1179	2025-07-23 11:20:19.735597+00	2025-07-23 11:20:19.735621+00	0	748	t	f	93	2	0	0	t
1180	2025-07-23 11:20:19.743744+00	2025-07-23 11:20:19.743759+00	0	749	t	f	93	2	0	0	t
1181	2025-07-23 11:20:19.749715+00	2025-07-23 11:20:19.749731+00	0	750	t	f	1	1	0	0	t
1182	2025-07-23 11:20:19.755286+00	2025-07-23 11:20:19.755296+00	0	750	t	f	94	2	0	0	t
1183	2025-07-23 11:20:19.759959+00	2025-07-23 11:20:19.759969+00	0	751	t	f	94	2	0	0	t
1184	2025-07-23 11:20:19.764834+00	2025-07-23 11:20:19.764842+00	0	752	t	f	94	2	0	0	t
1185	2025-07-23 11:20:19.770766+00	2025-07-23 11:20:19.770775+00	0	753	t	f	32	1	0	0	t
1186	2025-07-23 11:20:19.775135+00	2025-07-23 11:20:19.775144+00	0	754	t	f	32	1	0	0	t
1188	2025-07-23 11:20:19.783478+00	2025-07-23 11:20:19.783486+00	0	755	t	f	95	2	0	0	t
1189	2025-07-23 11:20:19.787619+00	2025-07-23 11:20:19.787628+00	0	756	t	f	62	10	0	0	t
1190	2025-07-23 11:20:19.79153+00	2025-07-23 11:20:19.791538+00	0	757	t	f	62	10	0	0	t
1191	2025-07-23 11:20:19.800411+00	2025-07-23 11:20:19.800434+00	0	758	t	f	62	10	0	0	t
1192	2025-07-23 11:20:19.806795+00	2025-07-23 11:20:19.806808+00	0	759	t	f	96	13	0	0	t
1193	2025-07-23 11:20:19.812735+00	2025-07-23 11:20:19.812748+00	0	760	t	f	96	13	0	0	t
1194	2025-07-23 11:20:19.818047+00	2025-07-23 11:20:19.818058+00	0	761	t	f	96	13	0	0	t
1195	2025-07-23 11:20:19.822358+00	2025-07-23 11:20:19.822369+00	0	762	t	f	17	1	0	0	t
1196	2025-07-23 11:20:19.826877+00	2025-07-23 11:20:19.826886+00	0	763	t	f	17	1	0	0	t
1197	2025-07-23 11:20:19.831136+00	2025-07-23 11:20:19.831144+00	0	764	t	f	17	1	0	0	t
1198	2025-07-23 11:20:19.836899+00	2025-07-23 11:20:19.836921+00	0	765	t	f	17	1	0	0	t
1199	2025-07-23 11:20:19.84146+00	2025-07-23 11:20:19.841469+00	0	766	t	f	18	4	0	0	t
1200	2025-07-23 11:20:19.845594+00	2025-07-23 11:20:19.845603+00	0	767	t	f	18	4	0	0	t
1201	2025-07-23 11:20:19.849634+00	2025-07-23 11:20:19.849643+00	0	578	t	f	19	6	0	0	t
1202	2025-07-23 11:20:19.853732+00	2025-07-23 11:20:19.853741+00	0	152	t	f	19	6	0	0	t
1203	2025-07-23 11:20:19.857718+00	2025-07-23 11:20:19.857727+00	0	151	t	f	19	6	0	0	t
1204	2025-07-23 11:20:19.861614+00	2025-07-23 11:20:19.861623+00	0	768	t	f	18	4	0	0	t
1205	2025-07-23 11:20:19.867269+00	2025-07-23 11:20:19.867278+00	0	769	t	f	18	4	0	0	t
1206	2025-07-23 11:20:19.871324+00	2025-07-23 11:20:19.871333+00	0	770	t	f	18	4	0	0	t
1207	2025-07-23 11:20:19.875741+00	2025-07-23 11:20:19.875749+00	0	771	t	f	71	1	0	0	t
1208	2025-07-23 11:20:19.879845+00	2025-07-23 11:20:19.879854+00	0	772	t	f	71	1	0	0	t
1209	2025-07-23 11:20:19.884034+00	2025-07-23 11:20:19.884043+00	0	773	t	f	64	5	0	0	t
1210	2025-07-23 11:20:19.892416+00	2025-07-23 11:20:19.892436+00	0	774	t	f	97	15	0	0	t
1211	2025-07-23 11:20:19.900638+00	2025-07-23 11:20:19.900653+00	0	775	t	f	97	15	0	0	t
1212	2025-07-23 11:20:19.906366+00	2025-07-23 11:20:19.906381+00	0	776	t	f	1	1	0	0	t
1213	2025-07-23 11:20:19.91133+00	2025-07-23 11:20:19.91134+00	0	777	t	f	1	1	0	0	t
1214	2025-07-23 11:20:19.916087+00	2025-07-23 11:20:19.916097+00	0	778	t	f	1	1	0	0	t
1215	2025-07-23 11:20:19.920556+00	2025-07-23 11:20:19.920565+00	0	9	t	f	11	1	0	0	t
1216	2025-07-23 11:20:19.924715+00	2025-07-23 11:20:19.924724+00	0	779	t	f	11	1	0	0	t
1217	2025-07-23 11:20:19.929687+00	2025-07-23 11:20:19.929695+00	0	9	t	f	11	1	0	0	t
1218	2025-07-23 11:20:19.93573+00	2025-07-23 11:20:19.935741+00	0	780	t	f	11	1	0	0	t
1219	2025-07-23 11:20:19.939795+00	2025-07-23 11:20:19.939803+00	0	781	t	f	11	1	0	0	t
1220	2025-07-23 11:20:19.943982+00	2025-07-23 11:20:19.943991+00	0	782	t	f	11	1	0	0	t
1221	2025-07-23 11:20:19.947996+00	2025-07-23 11:20:19.948004+00	0	783	t	f	11	1	0	0	t
1222	2025-07-23 11:20:19.952251+00	2025-07-23 11:20:19.952259+00	0	784	t	f	11	1	0	0	t
1223	2025-07-23 11:20:19.956563+00	2025-07-23 11:20:19.956572+00	0	785	t	f	11	1	0	0	t
1224	2025-07-23 11:20:19.960448+00	2025-07-23 11:20:19.960456+00	0	786	t	f	11	1	0	0	t
1225	2025-07-23 11:20:19.966232+00	2025-07-23 11:20:19.96624+00	0	787	t	f	11	1	0	0	t
1226	2025-07-23 11:20:19.970245+00	2025-07-23 11:20:19.970255+00	0	788	t	f	85	7	0	0	t
1227	2025-07-23 11:20:19.974379+00	2025-07-23 11:20:19.974388+00	0	789	t	f	85	7	0	0	t
1228	2025-07-23 11:20:19.97904+00	2025-07-23 11:20:19.979048+00	0	790	t	f	85	7	0	0	t
1229	2025-07-23 11:20:19.983966+00	2025-07-23 11:20:19.983985+00	0	791	t	f	85	7	0	0	t
1230	2025-07-23 11:20:19.98846+00	2025-07-23 11:20:19.988468+00	0	792	t	f	85	7	0	0	t
1231	2025-07-23 11:20:19.994516+00	2025-07-23 11:20:19.994538+00	0	793	t	f	85	7	0	0	t
1232	2025-07-23 11:20:19.99822+00	2025-07-23 11:20:19.998229+00	0	794	t	f	85	7	0	0	t
1233	2025-07-23 11:20:20.00197+00	2025-07-23 11:20:20.001979+00	0	795	t	f	85	7	0	0	t
1234	2025-07-23 11:20:20.005458+00	2025-07-23 11:20:20.005466+00	0	796	t	f	85	7	0	0	t
1235	2025-07-23 11:20:20.008918+00	2025-07-23 11:20:20.008927+00	0	797	t	f	85	7	0	0	t
1236	2025-07-23 11:20:20.012484+00	2025-07-23 11:20:20.012493+00	0	798	t	f	85	7	0	0	t
1237	2025-07-23 11:20:20.016389+00	2025-07-23 11:20:20.016398+00	0	799	t	f	85	7	0	0	t
1238	2025-07-23 11:20:20.022142+00	2025-07-23 11:20:20.022151+00	0	800	t	f	85	7	0	0	t
1239	2025-07-23 11:20:20.02625+00	2025-07-23 11:20:20.026258+00	0	801	t	f	11	1	0	0	t
1240	2025-07-23 11:20:20.030363+00	2025-07-23 11:20:20.030371+00	0	802	t	f	11	1	0	0	t
1241	2025-07-23 11:20:20.034418+00	2025-07-23 11:20:20.034429+00	0	803	t	f	11	1	0	0	t
1242	2025-07-23 11:20:20.039422+00	2025-07-23 11:20:20.039433+00	0	804	t	f	11	1	0	0	t
1243	2025-07-23 11:20:20.043498+00	2025-07-23 11:20:20.043507+00	0	151	t	f	19	6	0	0	t
1244	2025-07-23 11:20:20.047451+00	2025-07-23 11:20:20.04746+00	0	152	t	f	19	6	0	0	t
1245	2025-07-23 11:20:20.079839+00	2025-07-23 11:20:20.079866+00	0	578	t	f	19	6	0	0	t
1246	2025-07-23 11:20:20.086102+00	2025-07-23 11:20:20.086119+00	0	805	t	f	11	1	0	0	t
1247	2025-07-23 11:20:20.091724+00	2025-07-23 11:20:20.09175+00	0	806	t	f	19	6	0	0	t
1248	2025-07-23 11:20:20.096303+00	2025-07-23 11:20:20.096313+00	0	807	t	f	11	1	0	0	t
1249	2025-07-23 11:20:20.10087+00	2025-07-23 11:20:20.10088+00	0	808	t	f	18	4	0	0	t
1250	2025-07-23 11:20:20.105336+00	2025-07-23 11:20:20.105344+00	0	809	t	f	18	4	0	0	t
1251	2025-07-23 11:20:20.111376+00	2025-07-23 11:20:20.111385+00	0	810	t	f	18	4	0	0	t
1252	2025-07-23 11:20:20.115676+00	2025-07-23 11:20:20.115685+00	0	811	t	f	11	1	0	0	t
1253	2025-07-23 11:20:20.119899+00	2025-07-23 11:20:20.119918+00	0	812	t	f	11	1	0	0	t
1254	2025-07-23 11:20:20.126226+00	2025-07-23 11:20:20.126248+00	0	813	t	f	98	17	0	0	t
1255	2025-07-23 11:20:20.13305+00	2025-07-23 11:20:20.133066+00	0	814	t	f	98	17	0	0	t
1256	2025-07-23 11:20:20.138274+00	2025-07-23 11:20:20.138287+00	0	815	t	f	98	17	0	0	t
1257	2025-07-23 11:20:20.14316+00	2025-07-23 11:20:20.143169+00	0	816	t	f	85	7	0	0	t
1258	2025-07-23 11:20:20.149451+00	2025-07-23 11:20:20.14946+00	0	817	t	f	85	7	0	0	t
1259	2025-07-23 11:20:20.153812+00	2025-07-23 11:20:20.153821+00	0	818	t	f	99	18	0	0	t
1260	2025-07-23 11:20:20.157927+00	2025-07-23 11:20:20.157936+00	0	819	t	f	99	18	0	0	t
1261	2025-07-23 11:20:20.162665+00	2025-07-23 11:20:20.162676+00	0	820	t	f	99	18	0	0	t
1262	2025-07-23 11:20:20.167206+00	2025-07-23 11:20:20.167225+00	0	821	t	f	99	18	0	0	t
1263	2025-07-23 11:20:20.174967+00	2025-07-23 11:20:20.174991+00	0	822	t	f	100	19	0	0	t
1264	2025-07-23 11:20:20.184226+00	2025-07-23 11:20:20.184242+00	0	823	t	f	100	19	0	0	t
1265	2025-07-23 11:20:20.190328+00	2025-07-23 11:20:20.190344+00	0	824	t	f	100	19	0	0	t
1266	2025-07-23 11:20:20.19566+00	2025-07-23 11:20:20.195671+00	0	825	t	f	11	1	0	0	t
1267	2025-07-23 11:20:20.200405+00	2025-07-23 11:20:20.200416+00	0	826	t	f	11	1	0	0	t
1268	2025-07-23 11:20:20.205072+00	2025-07-23 11:20:20.20508+00	0	827	t	f	11	1	0	0	t
1269	2025-07-23 11:20:20.20981+00	2025-07-23 11:20:20.209818+00	0	828	t	f	11	1	0	0	t
1270	2025-07-23 11:20:20.214055+00	2025-07-23 11:20:20.214064+00	0	829	t	f	11	1	0	0	t
1271	2025-07-23 11:20:20.221708+00	2025-07-23 11:20:20.221717+00	0	830	t	f	11	1	0	0	t
1272	2025-07-23 11:20:20.229114+00	2025-07-23 11:20:20.229138+00	0	831	t	f	11	1	0	0	t
1273	2025-07-23 11:20:20.240822+00	2025-07-23 11:20:20.240842+00	0	832	t	f	12	1	0	0	t
1274	2025-07-23 11:20:20.248998+00	2025-07-23 11:20:20.249023+00	0	833	t	f	11	1	0	0	t
1275	2025-07-23 11:20:20.256451+00	2025-07-23 11:20:20.256465+00	0	834	t	f	11	1	0	0	t
1276	2025-07-23 11:20:20.263981+00	2025-07-23 11:20:20.263995+00	0	835	t	f	11	1	0	0	t
1277	2025-07-23 11:20:20.26874+00	2025-07-23 11:20:20.268751+00	0	836	t	f	101	1	0	0	t
1278	2025-07-23 11:20:20.273527+00	2025-07-23 11:20:20.273538+00	0	837	t	f	12	1	0	0	t
1279	2025-07-23 11:20:20.27802+00	2025-07-23 11:20:20.278028+00	0	838	t	f	11	1	0	0	t
1280	2025-07-23 11:20:20.28222+00	2025-07-23 11:20:20.282229+00	0	839	t	f	13	3	0	0	t
1281	2025-07-23 11:20:20.286532+00	2025-07-23 11:20:20.286541+00	0	840	t	f	13	3	0	0	t
1282	2025-07-23 11:20:20.292452+00	2025-07-23 11:20:20.29246+00	0	841	t	f	13	3	0	0	t
1283	2025-07-23 11:20:20.296434+00	2025-07-23 11:20:20.296443+00	0	842	t	f	13	3	0	0	t
1284	2025-07-23 11:20:20.300641+00	2025-07-23 11:20:20.30065+00	0	843	t	f	13	3	0	0	t
1285	2025-07-23 11:20:20.304757+00	2025-07-23 11:20:20.304765+00	0	844	t	f	14	20	0	0	t
1286	2025-07-23 11:20:20.308784+00	2025-07-23 11:20:20.308793+00	0	845	t	f	14	20	0	0	t
1287	2025-07-23 11:20:20.312795+00	2025-07-23 11:20:20.312804+00	0	846	t	f	102	20	0	0	t
1288	2025-07-23 11:20:20.316737+00	2025-07-23 11:20:20.316745+00	0	847	t	f	102	20	0	0	t
1289	2025-07-23 11:20:20.323074+00	2025-07-23 11:20:20.323083+00	0	848	t	f	102	20	0	0	t
1290	2025-07-23 11:20:20.327844+00	2025-07-23 11:20:20.327853+00	0	849	t	f	103	20	0	0	t
1291	2025-07-23 11:20:20.337777+00	2025-07-23 11:20:20.337788+00	0	850	t	f	103	20	0	0	t
1292	2025-07-23 11:20:20.34257+00	2025-07-23 11:20:20.342581+00	0	851	t	f	12	1	0	0	t
1293	2025-07-23 11:20:20.347348+00	2025-07-23 11:20:20.347357+00	0	852	t	f	12	1	0	0	t
1294	2025-07-23 11:20:20.351464+00	2025-07-23 11:20:20.351475+00	0	853	t	f	12	1	0	0	t
1295	2025-07-23 11:20:20.356114+00	2025-07-23 11:20:20.356123+00	0	31	t	f	6	1	0	0	t
1296	2025-07-23 11:20:20.361866+00	2025-07-23 11:20:20.361875+00	0	854	t	f	6	1	0	0	t
1297	2025-07-23 11:20:20.365752+00	2025-07-23 11:20:20.36576+00	0	34	t	f	6	1	0	0	t
1298	2025-07-23 11:20:20.3703+00	2025-07-23 11:20:20.370308+00	0	855	t	f	12	1	0	0	t
1299	2025-07-23 11:20:20.374438+00	2025-07-23 11:20:20.374447+00	0	856	t	f	11	1	0	0	t
1300	2025-07-23 11:20:20.378466+00	2025-07-23 11:20:20.378475+00	0	857	t	f	12	1	0	0	t
1301	2025-07-23 11:20:20.383073+00	2025-07-23 11:20:20.383082+00	0	858	t	f	11	1	0	0	t
1302	2025-07-23 11:20:20.389278+00	2025-07-23 11:20:20.389287+00	0	859	t	f	11	1	0	0	t
1303	2025-07-23 11:20:20.393592+00	2025-07-23 11:20:20.393601+00	0	860	t	f	38	1	0	0	t
1304	2025-07-23 11:20:20.397733+00	2025-07-23 11:20:20.397742+00	0	861	t	f	38	1	0	0	t
1305	2025-07-23 11:20:20.401617+00	2025-07-23 11:20:20.401625+00	0	862	t	f	11	1	0	0	t
1306	2025-07-23 11:20:20.406218+00	2025-07-23 11:20:20.406227+00	0	863	t	f	38	1	0	0	t
1307	2025-07-23 11:20:20.410328+00	2025-07-23 11:20:20.410337+00	0	864	t	f	11	1	0	0	t
1308	2025-07-23 11:20:20.41733+00	2025-07-23 11:20:20.417339+00	0	865	t	f	38	1	0	0	t
1309	2025-07-23 11:20:20.423483+00	2025-07-23 11:20:20.423491+00	0	866	t	f	11	1	0	0	t
1310	2025-07-23 11:20:20.429979+00	2025-07-23 11:20:20.42999+00	0	867	t	f	59	1	0	0	t
1311	2025-07-23 11:20:20.434649+00	2025-07-23 11:20:20.43466+00	0	868	t	f	11	1	0	0	t
1312	2025-07-23 11:20:20.439524+00	2025-07-23 11:20:20.439533+00	0	869	t	f	11	1	0	0	t
1313	2025-07-23 11:20:20.443932+00	2025-07-23 11:20:20.443941+00	0	97	t	f	47	2	0	0	t
1314	2025-07-23 11:20:20.448403+00	2025-07-23 11:20:20.448412+00	0	870	t	f	11	1	0	0	t
1315	2025-07-23 11:20:20.452585+00	2025-07-23 11:20:20.452601+00	0	871	t	f	11	1	0	0	t
1316	2025-07-23 11:20:20.458498+00	2025-07-23 11:20:20.458506+00	0	872	t	f	11	1	0	0	t
1317	2025-07-23 11:20:20.462581+00	2025-07-23 11:20:20.462596+00	0	873	t	f	104	1	0	0	t
1318	2025-07-23 11:20:20.466754+00	2025-07-23 11:20:20.466763+00	0	874	t	f	104	1	0	0	t
1319	2025-07-23 11:20:20.470875+00	2025-07-23 11:20:20.470884+00	0	875	t	f	104	1	0	0	t
1320	2025-07-23 11:20:20.474813+00	2025-07-23 11:20:20.474822+00	0	876	t	f	1	1	0	0	t
1321	2025-07-23 11:20:20.478691+00	2025-07-23 11:20:20.478699+00	0	877	t	f	1	1	0	0	t
1322	2025-07-23 11:20:20.48262+00	2025-07-23 11:20:20.482645+00	0	878	t	f	11	1	0	0	t
1323	2025-07-23 11:20:20.488328+00	2025-07-23 11:20:20.488337+00	0	879	t	f	11	1	0	0	t
1324	2025-07-23 11:20:20.492357+00	2025-07-23 11:20:20.492366+00	0	880	t	f	11	1	0	0	t
1325	2025-07-23 11:20:20.496346+00	2025-07-23 11:20:20.496355+00	0	881	t	f	11	1	0	0	t
1326	2025-07-23 11:20:20.500341+00	2025-07-23 11:20:20.500349+00	0	882	t	f	11	1	0	0	t
1327	2025-07-23 11:20:20.504432+00	2025-07-23 11:20:20.504441+00	0	311	t	f	105	1	0	0	t
1328	2025-07-23 11:20:20.508281+00	2025-07-23 11:20:20.508289+00	0	60	t	f	105	1	0	0	t
1329	2025-07-23 11:20:20.512386+00	2025-07-23 11:20:20.512394+00	0	883	t	f	105	1	0	0	t
1330	2025-07-23 11:20:20.518487+00	2025-07-23 11:20:20.518508+00	0	884	t	f	105	1	0	0	t
1331	2025-07-23 11:20:20.522654+00	2025-07-23 11:20:20.522662+00	0	885	t	f	105	1	0	0	t
1332	2025-07-23 11:20:20.52693+00	2025-07-23 11:20:20.526939+00	0	886	t	f	8	1	0	0	t
1333	2025-07-23 11:20:20.536234+00	2025-07-23 11:20:20.536257+00	0	887	t	f	8	1	0	0	t
1334	2025-07-23 11:20:20.542959+00	2025-07-23 11:20:20.542975+00	0	888	t	f	8	1	0	0	t
1335	2025-07-23 11:20:20.548785+00	2025-07-23 11:20:20.548799+00	0	889	t	f	8	1	0	0	t
1336	2025-07-23 11:20:20.554947+00	2025-07-23 11:20:20.554956+00	0	890	t	f	12	1	0	0	t
1337	2025-07-23 11:20:20.559195+00	2025-07-23 11:20:20.559205+00	0	891	t	f	12	1	0	0	t
1338	2025-07-23 11:20:20.563449+00	2025-07-23 11:20:20.563458+00	0	151	t	f	19	6	0	0	t
1339	2025-07-23 11:20:20.567756+00	2025-07-23 11:20:20.567765+00	0	152	t	f	19	6	0	0	t
1340	2025-07-23 11:20:20.571968+00	2025-07-23 11:20:20.571977+00	0	892	t	f	62	10	0	0	t
1341	2025-07-23 11:20:20.576316+00	2025-07-23 11:20:20.576325+00	0	153	t	f	106	7	0	0	t
1342	2025-07-23 11:20:20.580497+00	2025-07-23 11:20:20.580505+00	0	893	t	f	37	1	0	0	t
1343	2025-07-23 11:20:20.586645+00	2025-07-23 11:20:20.586654+00	0	894	t	f	37	1	0	0	t
1344	2025-07-23 11:20:20.590973+00	2025-07-23 11:20:20.590981+00	0	895	t	f	37	1	0	0	t
1345	2025-07-23 11:20:20.595251+00	2025-07-23 11:20:20.595259+00	0	896	t	f	37	1	0	0	t
1346	2025-07-23 11:20:20.599476+00	2025-07-23 11:20:20.599485+00	0	897	t	f	6	1	0	0	t
1347	2025-07-23 11:20:20.604246+00	2025-07-23 11:20:20.604255+00	0	898	t	f	101	1	0	0	t
1348	2025-07-23 11:20:20.608505+00	2025-07-23 11:20:20.608517+00	0	899	t	f	101	1	0	0	t
1349	2025-07-23 11:20:20.612786+00	2025-07-23 11:20:20.612794+00	0	900	t	f	101	1	0	0	t
1350	2025-07-23 11:20:20.618732+00	2025-07-23 11:20:20.618741+00	0	901	t	f	101	1	0	0	t
1351	2025-07-23 11:20:20.622839+00	2025-07-23 11:20:20.62285+00	0	902	t	f	101	1	0	0	t
1352	2025-07-23 11:20:20.627073+00	2025-07-23 11:20:20.627082+00	0	903	t	f	101	1	0	0	t
1353	2025-07-23 11:20:20.631551+00	2025-07-23 11:20:20.631562+00	0	904	t	f	56	1	0	0	t
1354	2025-07-23 11:20:20.635816+00	2025-07-23 11:20:20.635824+00	0	905	t	f	56	1	0	0	t
107	2025-07-23 11:20:13.141077+00	2025-07-23 13:50:50.443687+00	12000	920	t	f	114	1	0	0	t
1364	2025-07-25 14:49:50.771964+00	2025-07-25 14:49:50.771975+00	5000	871	t	f	114	1	0	0	f
1392	2025-07-25 15:22:31.276136+00	2025-07-25 15:22:31.276146+00	0	140	t	f	133	5	0	0	f
1393	2025-07-25 15:22:31.276199+00	2025-07-25 15:22:31.276203+00	0	547	t	f	133	5	0	0	f
1394	2025-07-25 15:22:31.276242+00	2025-07-25 15:22:31.276246+00	0	169	t	f	133	5	0	0	f
1395	2025-07-25 15:22:31.276296+00	2025-07-25 15:22:31.276299+00	0	151	t	f	133	5	0	0	f
1430	2025-07-30 14:45:10.233333+00	2025-07-30 14:45:10.233343+00	0	140	t	f	141	1	0	0	f
1431	2025-07-30 14:45:10.233406+00	2025-07-30 14:45:10.23341+00	0	169	t	f	141	1	0	0	f
1432	2025-07-30 14:45:10.233448+00	2025-07-30 14:45:10.233452+00	0	547	t	f	141	1	0	0	f
1433	2025-07-30 14:47:05.913678+00	2025-07-30 14:47:05.913688+00	0	140	t	f	142	33	0	0	f
1434	2025-07-30 14:47:05.913741+00	2025-07-30 14:47:05.913745+00	0	169	t	f	142	33	0	0	f
1435	2025-07-30 14:47:05.913784+00	2025-07-30 14:47:05.913787+00	0	547	t	f	142	33	0	0	f
1187	2025-07-23 11:20:19.779294+00	2025-07-28 14:54:55.955198+00	170	150	t	f	95	2	0	0	t
407	2025-07-23 11:20:15.694675+00	2025-07-28 14:58:38.727151+00	0	12	t	f	2	1	0	0	t
1421	2025-07-30 14:43:22.467417+00	2025-07-30 14:43:22.46743+00	0	12	t	f	139	1	0	0	f
1422	2025-07-30 14:43:22.467564+00	2025-07-30 14:43:22.46757+00	0	140	t	f	139	1	0	0	f
1423	2025-07-30 14:43:22.467622+00	2025-07-30 14:43:22.467627+00	0	169	t	f	139	1	0	0	f
1424	2025-07-30 14:43:22.467678+00	2025-07-30 14:43:22.467683+00	0	547	t	f	139	1	0	0	f
1425	2025-07-30 14:43:36.038326+00	2025-07-30 14:43:36.038337+00	0	12	t	f	140	1	0	0	f
1426	2025-07-30 14:43:36.038418+00	2025-07-30 14:43:36.038422+00	0	140	t	f	140	1	0	0	f
1427	2025-07-30 14:43:36.038462+00	2025-07-30 14:43:36.038466+00	0	169	t	f	140	1	0	0	f
1428	2025-07-30 14:43:36.038505+00	2025-07-30 14:43:36.038508+00	0	547	t	f	140	1	0	0	f
1429	2025-07-30 14:43:36.038548+00	2025-07-30 14:43:36.038551+00	0	151	t	f	140	1	0	0	f
\.


--
-- Data for Name: region; Type: TABLE DATA; Schema: public; Owner: postgres
--

COPY public.region (id, created_at, updated_at, name, code) FROM stdin;
1	2025-07-23 11:18:38.157438+00	2025-07-23 11:18:38.15746+00	Қорақалпоғистон Республикаси	1735
2	2025-07-23 11:18:38.234123+00	2025-07-23 11:18:38.234134+00	Хоразм в.	1733
3	2025-07-23 11:18:38.281283+00	2025-07-23 11:18:38.281295+00	Фарғона в.	1730
4	2025-07-23 11:18:38.337317+00	2025-07-23 11:18:38.337326+00	Тошкент в.	1727
5	2025-07-23 11:18:38.400086+00	2025-07-23 11:18:38.400097+00	Тошкент ш.	1726
6	2025-07-23 11:18:38.440494+00	2025-07-23 11:18:38.440503+00	Сирдарё в.	1724
7	2025-07-23 11:18:38.473822+00	2025-07-23 11:18:38.473831+00	Самарқанд в.	1718
8	2025-07-23 11:18:38.514947+00	2025-07-23 11:18:38.514956+00	Сурхондарё в.	1722
9	2025-07-23 11:18:38.562504+00	2025-07-23 11:18:38.562523+00	Наманган в.	1714
10	2025-07-23 11:18:38.602715+00	2025-07-23 11:18:38.602725+00	Навоий в.	1712
11	2025-07-23 11:18:38.63319+00	2025-07-23 11:18:38.6332+00	Қашқадарё в.	1710
12	2025-07-23 11:18:38.674666+00	2025-07-23 11:18:38.674674+00	Жиззах в.	1708
13	2025-07-23 11:18:38.711161+00	2025-07-23 11:18:38.71117+00	Бухоро в.	1706
14	2025-07-23 11:18:38.753603+00	2025-07-23 11:18:38.753628+00	Андижон в.	1703
\.


--
-- Name: application_id_seq; Type: SEQUENCE SET; Schema: public; Owner: postgres
--

SELECT pg_catalog.setval('public.application_id_seq', 33, true);


--
-- Name: application_ntochkas_id_seq; Type: SEQUENCE SET; Schema: public; Owner: postgres
--

SELECT pg_catalog.setval('public.application_ntochkas_id_seq', 4, true);


--
-- Name: application_tochkas_id_seq; Type: SEQUENCE SET; Schema: public; Owner: postgres
--

SELECT pg_catalog.setval('public.application_tochkas_id_seq', 7, true);


--
-- Name: auth_group_id_seq; Type: SEQUENCE SET; Schema: public; Owner: postgres
--

SELECT pg_catalog.setval('public.auth_group_id_seq', 1, false);


--
-- Name: auth_group_permissions_id_seq; Type: SEQUENCE SET; Schema: public; Owner: postgres
--

SELECT pg_catalog.setval('public.auth_group_permissions_id_seq', 1, false);


--
-- Name: auth_permission_id_seq; Type: SEQUENCE SET; Schema: public; Owner: postgres
--

SELECT pg_catalog.setval('public.auth_permission_id_seq', 80, true);


--
-- Name: auth_user_groups_id_seq; Type: SEQUENCE SET; Schema: public; Owner: postgres
--

SELECT pg_catalog.setval('public.auth_user_groups_id_seq', 1, false);


--
-- Name: auth_user_id_seq; Type: SEQUENCE SET; Schema: public; Owner: postgres
--

SELECT pg_catalog.setval('public.auth_user_id_seq', 2, true);


--
-- Name: auth_user_user_permissions_id_seq; Type: SEQUENCE SET; Schema: public; Owner: postgres
--

SELECT pg_catalog.setval('public.auth_user_user_permissions_id_seq', 1, false);


--
-- Name: common_koboform_id_seq; Type: SEQUENCE SET; Schema: public; Owner: postgres
--

SELECT pg_catalog.setval('public.common_koboform_id_seq', 1, false);


--
-- Name: django_admin_log_id_seq; Type: SEQUENCE SET; Schema: public; Owner: postgres
--

SELECT pg_catalog.setval('public.django_admin_log_id_seq', 82, true);


--
-- Name: django_content_type_id_seq; Type: SEQUENCE SET; Schema: public; Owner: postgres
--

SELECT pg_catalog.setval('public.django_content_type_id_seq', 20, true);


--
-- Name: django_migrations_id_seq; Type: SEQUENCE SET; Schema: public; Owner: postgres
--

SELECT pg_catalog.setval('public.django_migrations_id_seq', 95, true);


--
-- Name: form_birlik_id_seq; Type: SEQUENCE SET; Schema: public; Owner: postgres
--

SELECT pg_catalog.setval('public.form_birlik_id_seq', 38, true);


--
-- Name: form_product_id_seq; Type: SEQUENCE SET; Schema: public; Owner: postgres
--

SELECT pg_catalog.setval('public.form_product_id_seq', 959, true);


--
-- Name: form_productcategory_id_seq; Type: SEQUENCE SET; Schema: public; Owner: postgres
--

SELECT pg_catalog.setval('public.form_productcategory_id_seq', 524, true);


--
-- Name: form_tochkaproduct_id_seq; Type: SEQUENCE SET; Schema: public; Owner: postgres
--

SELECT pg_catalog.setval('public.form_tochkaproduct_id_seq', 1435, true);


--
-- Name: form_tochkaproducthistory_id_seq; Type: SEQUENCE SET; Schema: public; Owner: postgres
--

SELECT pg_catalog.setval('public.form_tochkaproducthistory_id_seq', 18, true);


--
-- Name: home_district_id_seq; Type: SEQUENCE SET; Schema: public; Owner: postgres
--

SELECT pg_catalog.setval('public.home_district_id_seq', 211, true);


--
-- Name: home_employee_id_seq; Type: SEQUENCE SET; Schema: public; Owner: postgres
--

SELECT pg_catalog.setval('public.home_employee_id_seq', 1, true);


--
-- Name: home_ntochka_id_seq; Type: SEQUENCE SET; Schema: public; Owner: postgres
--

SELECT pg_catalog.setval('public.home_ntochka_id_seq', 142, true);


--
-- Name: home_period_id_seq; Type: SEQUENCE SET; Schema: public; Owner: postgres
--

SELECT pg_catalog.setval('public.home_period_id_seq', 1, true);


--
-- Name: home_perioddate_id_seq; Type: SEQUENCE SET; Schema: public; Owner: postgres
--

SELECT pg_catalog.setval('public.home_perioddate_id_seq', 7, true);


--
-- Name: home_region_id_seq; Type: SEQUENCE SET; Schema: public; Owner: postgres
--

SELECT pg_catalog.setval('public.home_region_id_seq', 14, true);


--
-- Name: home_tochka_id_seq; Type: SEQUENCE SET; Schema: public; Owner: postgres
--

SELECT pg_catalog.setval('public.home_tochka_id_seq', 33, true);


--
-- Name: application_ntochkas application_ntochkas_application_id_ntochka_id_8d37362b_uniq; Type: CONSTRAINT; Schema: public; Owner: postgres
--

ALTER TABLE ONLY public.application_ntochkas
    ADD CONSTRAINT application_ntochkas_application_id_ntochka_id_8d37362b_uniq UNIQUE (application_id, ntochka_id);


--
-- Name: application_ntochkas application_ntochkas_pkey; Type: CONSTRAINT; Schema: public; Owner: postgres
--

ALTER TABLE ONLY public.application_ntochkas
    ADD CONSTRAINT application_ntochkas_pkey PRIMARY KEY (id);


--
-- Name: application application_pkey; Type: CONSTRAINT; Schema: public; Owner: postgres
--

ALTER TABLE ONLY public.application
    ADD CONSTRAINT application_pkey PRIMARY KEY (id);


--
-- Name: application_tochkas application_tochkas_application_id_tochka_id_c2face8e_uniq; Type: CONSTRAINT; Schema: public; Owner: postgres
--

ALTER TABLE ONLY public.application_tochkas
    ADD CONSTRAINT application_tochkas_application_id_tochka_id_c2face8e_uniq UNIQUE (application_id, tochka_id);


--
-- Name: application_tochkas application_tochkas_pkey; Type: CONSTRAINT; Schema: public; Owner: postgres
--

ALTER TABLE ONLY public.application_tochkas
    ADD CONSTRAINT application_tochkas_pkey PRIMARY KEY (id);


--
-- Name: auth_group auth_group_name_key; Type: CONSTRAINT; Schema: public; Owner: postgres
--

ALTER TABLE ONLY public.auth_group
    ADD CONSTRAINT auth_group_name_key UNIQUE (name);


--
-- Name: auth_group_permissions auth_group_permissions_group_id_permission_id_0cd325b0_uniq; Type: CONSTRAINT; Schema: public; Owner: postgres
--

ALTER TABLE ONLY public.auth_group_permissions
    ADD CONSTRAINT auth_group_permissions_group_id_permission_id_0cd325b0_uniq UNIQUE (group_id, permission_id);


--
-- Name: auth_group_permissions auth_group_permissions_pkey; Type: CONSTRAINT; Schema: public; Owner: postgres
--

ALTER TABLE ONLY public.auth_group_permissions
    ADD CONSTRAINT auth_group_permissions_pkey PRIMARY KEY (id);


--
-- Name: auth_group auth_group_pkey; Type: CONSTRAINT; Schema: public; Owner: postgres
--

ALTER TABLE ONLY public.auth_group
    ADD CONSTRAINT auth_group_pkey PRIMARY KEY (id);


--
-- Name: auth_permission auth_permission_content_type_id_codename_01ab375a_uniq; Type: CONSTRAINT; Schema: public; Owner: postgres
--

ALTER TABLE ONLY public.auth_permission
    ADD CONSTRAINT auth_permission_content_type_id_codename_01ab375a_uniq UNIQUE (content_type_id, codename);


--
-- Name: auth_permission auth_permission_pkey; Type: CONSTRAINT; Schema: public; Owner: postgres
--

ALTER TABLE ONLY public.auth_permission
    ADD CONSTRAINT auth_permission_pkey PRIMARY KEY (id);


--
-- Name: auth_user_groups auth_user_groups_pkey; Type: CONSTRAINT; Schema: public; Owner: postgres
--

ALTER TABLE ONLY public.auth_user_groups
    ADD CONSTRAINT auth_user_groups_pkey PRIMARY KEY (id);


--
-- Name: auth_user_groups auth_user_groups_user_id_group_id_94350c0c_uniq; Type: CONSTRAINT; Schema: public; Owner: postgres
--

ALTER TABLE ONLY public.auth_user_groups
    ADD CONSTRAINT auth_user_groups_user_id_group_id_94350c0c_uniq UNIQUE (user_id, group_id);


--
-- Name: auth_user auth_user_pkey; Type: CONSTRAINT; Schema: public; Owner: postgres
--

ALTER TABLE ONLY public.auth_user
    ADD CONSTRAINT auth_user_pkey PRIMARY KEY (id);


--
-- Name: auth_user_user_permissions auth_user_user_permissions_pkey; Type: CONSTRAINT; Schema: public; Owner: postgres
--

ALTER TABLE ONLY public.auth_user_user_permissions
    ADD CONSTRAINT auth_user_user_permissions_pkey PRIMARY KEY (id);


--
-- Name: auth_user_user_permissions auth_user_user_permissions_user_id_permission_id_14a6b632_uniq; Type: CONSTRAINT; Schema: public; Owner: postgres
--

ALTER TABLE ONLY public.auth_user_user_permissions
    ADD CONSTRAINT auth_user_user_permissions_user_id_permission_id_14a6b632_uniq UNIQUE (user_id, permission_id);


--
-- Name: auth_user auth_user_username_key; Type: CONSTRAINT; Schema: public; Owner: postgres
--

ALTER TABLE ONLY public.auth_user
    ADD CONSTRAINT auth_user_username_key UNIQUE (username);


--
-- Name: common_koboform common_koboform_form_id_key; Type: CONSTRAINT; Schema: public; Owner: postgres
--

ALTER TABLE ONLY public.common_koboform
    ADD CONSTRAINT common_koboform_form_id_key UNIQUE (form_id);


--
-- Name: common_koboform common_koboform_pkey; Type: CONSTRAINT; Schema: public; Owner: postgres
--

ALTER TABLE ONLY public.common_koboform
    ADD CONSTRAINT common_koboform_pkey PRIMARY KEY (id);


--
-- Name: django_admin_log django_admin_log_pkey; Type: CONSTRAINT; Schema: public; Owner: postgres
--

ALTER TABLE ONLY public.django_admin_log
    ADD CONSTRAINT django_admin_log_pkey PRIMARY KEY (id);


--
-- Name: django_content_type django_content_type_app_label_model_76bd3d3b_uniq; Type: CONSTRAINT; Schema: public; Owner: postgres
--

ALTER TABLE ONLY public.django_content_type
    ADD CONSTRAINT django_content_type_app_label_model_76bd3d3b_uniq UNIQUE (app_label, model);


--
-- Name: django_content_type django_content_type_pkey; Type: CONSTRAINT; Schema: public; Owner: postgres
--

ALTER TABLE ONLY public.django_content_type
    ADD CONSTRAINT django_content_type_pkey PRIMARY KEY (id);


--
-- Name: django_migrations django_migrations_pkey; Type: CONSTRAINT; Schema: public; Owner: postgres
--

ALTER TABLE ONLY public.django_migrations
    ADD CONSTRAINT django_migrations_pkey PRIMARY KEY (id);


--
-- Name: django_session django_session_pkey; Type: CONSTRAINT; Schema: public; Owner: postgres
--

ALTER TABLE ONLY public.django_session
    ADD CONSTRAINT django_session_pkey PRIMARY KEY (session_key);


--
-- Name: employee employee_pinfl_key; Type: CONSTRAINT; Schema: public; Owner: postgres
--

ALTER TABLE ONLY public.employee
    ADD CONSTRAINT employee_pinfl_key UNIQUE (pinfl);


--
-- Name: birlik form_birlik_code_key; Type: CONSTRAINT; Schema: public; Owner: postgres
--

ALTER TABLE ONLY public.birlik
    ADD CONSTRAINT form_birlik_code_key UNIQUE (code);


--
-- Name: birlik form_birlik_name_key; Type: CONSTRAINT; Schema: public; Owner: postgres
--

ALTER TABLE ONLY public.birlik
    ADD CONSTRAINT form_birlik_name_key UNIQUE (name);


--
-- Name: birlik form_birlik_pkey; Type: CONSTRAINT; Schema: public; Owner: postgres
--

ALTER TABLE ONLY public.birlik
    ADD CONSTRAINT form_birlik_pkey PRIMARY KEY (id);


--
-- Name: product form_product_code_key; Type: CONSTRAINT; Schema: public; Owner: postgres
--

ALTER TABLE ONLY public.product
    ADD CONSTRAINT form_product_code_key UNIQUE (code);


--
-- Name: product form_product_pkey; Type: CONSTRAINT; Schema: public; Owner: postgres
--

ALTER TABLE ONLY public.product
    ADD CONSTRAINT form_product_pkey PRIMARY KEY (id);


--
-- Name: product form_product_uuid_key; Type: CONSTRAINT; Schema: public; Owner: postgres
--

ALTER TABLE ONLY public.product
    ADD CONSTRAINT form_product_uuid_key UNIQUE (uuid);


--
-- Name: product_category form_productcategory_code_key; Type: CONSTRAINT; Schema: public; Owner: postgres
--

ALTER TABLE ONLY public.product_category
    ADD CONSTRAINT form_productcategory_code_key UNIQUE (code);


--
-- Name: product_category form_productcategory_name_key; Type: CONSTRAINT; Schema: public; Owner: postgres
--

ALTER TABLE ONLY public.product_category
    ADD CONSTRAINT form_productcategory_name_key UNIQUE (name);


--
-- Name: product_category form_productcategory_pkey; Type: CONSTRAINT; Schema: public; Owner: postgres
--

ALTER TABLE ONLY public.product_category
    ADD CONSTRAINT form_productcategory_pkey PRIMARY KEY (id);


--
-- Name: rasta_product form_tochkaproduct_pkey; Type: CONSTRAINT; Schema: public; Owner: postgres
--

ALTER TABLE ONLY public.rasta_product
    ADD CONSTRAINT form_tochkaproduct_pkey PRIMARY KEY (id);


--
-- Name: product_history form_tochkaproducthistory_pkey; Type: CONSTRAINT; Schema: public; Owner: postgres
--

ALTER TABLE ONLY public.product_history
    ADD CONSTRAINT form_tochkaproducthistory_pkey PRIMARY KEY (id);


--
-- Name: district home_district_code_region_id_90f24d48_uniq; Type: CONSTRAINT; Schema: public; Owner: postgres
--

ALTER TABLE ONLY public.district
    ADD CONSTRAINT home_district_code_region_id_90f24d48_uniq UNIQUE (code, region_id);


--
-- Name: district home_district_pkey; Type: CONSTRAINT; Schema: public; Owner: postgres
--

ALTER TABLE ONLY public.district
    ADD CONSTRAINT home_district_pkey PRIMARY KEY (id);


--
-- Name: employee home_employee_login_key; Type: CONSTRAINT; Schema: public; Owner: postgres
--

ALTER TABLE ONLY public.employee
    ADD CONSTRAINT home_employee_login_key UNIQUE (login);


--
-- Name: employee home_employee_pkey; Type: CONSTRAINT; Schema: public; Owner: postgres
--

ALTER TABLE ONLY public.employee
    ADD CONSTRAINT home_employee_pkey PRIMARY KEY (id);


--
-- Name: employee home_employee_uuid_key; Type: CONSTRAINT; Schema: public; Owner: postgres
--

ALTER TABLE ONLY public.employee
    ADD CONSTRAINT home_employee_uuid_key UNIQUE (uuid);


--
-- Name: rasta home_ntochka_pkey; Type: CONSTRAINT; Schema: public; Owner: postgres
--

ALTER TABLE ONLY public.rasta
    ADD CONSTRAINT home_ntochka_pkey PRIMARY KEY (id);


--
-- Name: rasta home_ntochka_uuid_key; Type: CONSTRAINT; Schema: public; Owner: postgres
--

ALTER TABLE ONLY public.rasta
    ADD CONSTRAINT home_ntochka_uuid_key UNIQUE (uuid);


--
-- Name: period home_period_name_key; Type: CONSTRAINT; Schema: public; Owner: postgres
--

ALTER TABLE ONLY public.period
    ADD CONSTRAINT home_period_name_key UNIQUE (name);


--
-- Name: period home_period_pkey; Type: CONSTRAINT; Schema: public; Owner: postgres
--

ALTER TABLE ONLY public.period
    ADD CONSTRAINT home_period_pkey PRIMARY KEY (id);


--
-- Name: period_date home_perioddate_pkey; Type: CONSTRAINT; Schema: public; Owner: postgres
--

ALTER TABLE ONLY public.period_date
    ADD CONSTRAINT home_perioddate_pkey PRIMARY KEY (id);


--
-- Name: region home_region_code_key; Type: CONSTRAINT; Schema: public; Owner: postgres
--

ALTER TABLE ONLY public.region
    ADD CONSTRAINT home_region_code_key UNIQUE (code);


--
-- Name: region home_region_name_key; Type: CONSTRAINT; Schema: public; Owner: postgres
--

ALTER TABLE ONLY public.region
    ADD CONSTRAINT home_region_name_key UNIQUE (name);


--
-- Name: region home_region_pkey; Type: CONSTRAINT; Schema: public; Owner: postgres
--

ALTER TABLE ONLY public.region
    ADD CONSTRAINT home_region_pkey PRIMARY KEY (id);


--
-- Name: obyekt home_tochka_pkey; Type: CONSTRAINT; Schema: public; Owner: postgres
--

ALTER TABLE ONLY public.obyekt
    ADD CONSTRAINT home_tochka_pkey PRIMARY KEY (id);


--
-- Name: obyekt home_tochka_uuid_key; Type: CONSTRAINT; Schema: public; Owner: postgres
--

ALTER TABLE ONLY public.obyekt
    ADD CONSTRAINT home_tochka_uuid_key UNIQUE (uuid);


--
-- Name: obyekt obyekt_code_key; Type: CONSTRAINT; Schema: public; Owner: postgres
--

ALTER TABLE ONLY public.obyekt
    ADD CONSTRAINT obyekt_code_key UNIQUE (code);


--
-- Name: product_history product_history_tochka_product_id_period_id_f7ad37b5_uniq; Type: CONSTRAINT; Schema: public; Owner: postgres
--

ALTER TABLE ONLY public.product_history
    ADD CONSTRAINT product_history_tochka_product_id_period_id_f7ad37b5_uniq UNIQUE (tochka_product_id, period_id);


--
-- Name: rasta rasta_code_key; Type: CONSTRAINT; Schema: public; Owner: postgres
--

ALTER TABLE ONLY public.rasta
    ADD CONSTRAINT rasta_code_key UNIQUE (code);


--
-- Name: application_applica_3bea8c_idx; Type: INDEX; Schema: public; Owner: postgres
--

CREATE INDEX application_applica_3bea8c_idx ON public.application USING btree (application_type, is_checked);


--
-- Name: application_checked_by_id_3d6f8645; Type: INDEX; Schema: public; Owner: postgres
--

CREATE INDEX application_checked_by_id_3d6f8645 ON public.application USING btree (checked_by_id);


--
-- Name: application_employe_18453e_idx; Type: INDEX; Schema: public; Owner: postgres
--

CREATE INDEX application_employe_18453e_idx ON public.application USING btree (employee_id, created_at DESC);


--
-- Name: application_employee_id_50216fc4; Type: INDEX; Schema: public; Owner: postgres
--

CREATE INDEX application_employee_id_50216fc4 ON public.application USING btree (employee_id);


--
-- Name: application_ntochka_id_f23fc18f; Type: INDEX; Schema: public; Owner: postgres
--

CREATE INDEX application_ntochka_id_f23fc18f ON public.application USING btree (ntochka_id);


--
-- Name: application_ntochkas_application_id_0c1c8b96; Type: INDEX; Schema: public; Owner: postgres
--

CREATE INDEX application_ntochkas_application_id_0c1c8b96 ON public.application_ntochkas USING btree (application_id);


--
-- Name: application_ntochkas_ntochka_id_5e8e9d77; Type: INDEX; Schema: public; Owner: postgres
--

CREATE INDEX application_ntochkas_ntochka_id_5e8e9d77 ON public.application_ntochkas USING btree (ntochka_id);


--
-- Name: application_period__91d83f_idx; Type: INDEX; Schema: public; Owner: postgres
--

CREATE INDEX application_period__91d83f_idx ON public.application USING btree (period_id, is_active);


--
-- Name: application_period_id_fb40e492; Type: INDEX; Schema: public; Owner: postgres
--

CREATE INDEX application_period_id_fb40e492 ON public.application USING btree (period_id);


--
-- Name: application_tochka_id_268e6bf2; Type: INDEX; Schema: public; Owner: postgres
--

CREATE INDEX application_tochka_id_268e6bf2 ON public.application USING btree (tochka_id);


--
-- Name: application_tochkas_application_id_79c8d190; Type: INDEX; Schema: public; Owner: postgres
--

CREATE INDEX application_tochkas_application_id_79c8d190 ON public.application_tochkas USING btree (application_id);


--
-- Name: application_tochkas_tochka_id_b427ef31; Type: INDEX; Schema: public; Owner: postgres
--

CREATE INDEX application_tochkas_tochka_id_b427ef31 ON public.application_tochkas USING btree (tochka_id);


--
-- Name: auth_group_name_a6ea08ec_like; Type: INDEX; Schema: public; Owner: postgres
--

CREATE INDEX auth_group_name_a6ea08ec_like ON public.auth_group USING btree (name varchar_pattern_ops);


--
-- Name: auth_group_permissions_group_id_b120cbf9; Type: INDEX; Schema: public; Owner: postgres
--

CREATE INDEX auth_group_permissions_group_id_b120cbf9 ON public.auth_group_permissions USING btree (group_id);


--
-- Name: auth_group_permissions_permission_id_84c5c92e; Type: INDEX; Schema: public; Owner: postgres
--

CREATE INDEX auth_group_permissions_permission_id_84c5c92e ON public.auth_group_permissions USING btree (permission_id);


--
-- Name: auth_permission_content_type_id_2f476e4b; Type: INDEX; Schema: public; Owner: postgres
--

CREATE INDEX auth_permission_content_type_id_2f476e4b ON public.auth_permission USING btree (content_type_id);


--
-- Name: auth_user_groups_group_id_97559544; Type: INDEX; Schema: public; Owner: postgres
--

CREATE INDEX auth_user_groups_group_id_97559544 ON public.auth_user_groups USING btree (group_id);


--
-- Name: auth_user_groups_user_id_6a12ed8b; Type: INDEX; Schema: public; Owner: postgres
--

CREATE INDEX auth_user_groups_user_id_6a12ed8b ON public.auth_user_groups USING btree (user_id);


--
-- Name: auth_user_user_permissions_permission_id_1fbb5f2c; Type: INDEX; Schema: public; Owner: postgres
--

CREATE INDEX auth_user_user_permissions_permission_id_1fbb5f2c ON public.auth_user_user_permissions USING btree (permission_id);


--
-- Name: auth_user_user_permissions_user_id_a95ead1b; Type: INDEX; Schema: public; Owner: postgres
--

CREATE INDEX auth_user_user_permissions_user_id_a95ead1b ON public.auth_user_user_permissions USING btree (user_id);


--
-- Name: auth_user_username_6821ab7c_like; Type: INDEX; Schema: public; Owner: postgres
--

CREATE INDEX auth_user_username_6821ab7c_like ON public.auth_user USING btree (username varchar_pattern_ops);


--
-- Name: common_koboform_form_id_73aa6122_like; Type: INDEX; Schema: public; Owner: postgres
--

CREATE INDEX common_koboform_form_id_73aa6122_like ON public.common_koboform USING btree (form_id varchar_pattern_ops);


--
-- Name: django_admin_log_content_type_id_c4bce8eb; Type: INDEX; Schema: public; Owner: postgres
--

CREATE INDEX django_admin_log_content_type_id_c4bce8eb ON public.django_admin_log USING btree (content_type_id);


--
-- Name: django_admin_log_user_id_c564eba6; Type: INDEX; Schema: public; Owner: postgres
--

CREATE INDEX django_admin_log_user_id_c564eba6 ON public.django_admin_log USING btree (user_id);


--
-- Name: django_session_expire_date_a5c62663; Type: INDEX; Schema: public; Owner: postgres
--

CREATE INDEX django_session_expire_date_a5c62663 ON public.django_session USING btree (expire_date);


--
-- Name: django_session_session_key_c0390e0f_like; Type: INDEX; Schema: public; Owner: postgres
--

CREATE INDEX django_session_session_key_c0390e0f_like ON public.django_session USING btree (session_key varchar_pattern_ops);


--
-- Name: employee_pinfl_2112c91e_like; Type: INDEX; Schema: public; Owner: postgres
--

CREATE INDEX employee_pinfl_2112c91e_like ON public.employee USING btree (pinfl varchar_pattern_ops);


--
-- Name: form_birlik_code_db22262e_like; Type: INDEX; Schema: public; Owner: postgres
--

CREATE INDEX form_birlik_code_db22262e_like ON public.birlik USING btree (code varchar_pattern_ops);


--
-- Name: form_birlik_name_71a0a0d0_like; Type: INDEX; Schema: public; Owner: postgres
--

CREATE INDEX form_birlik_name_71a0a0d0_like ON public.birlik USING btree (name varchar_pattern_ops);


--
-- Name: form_product_category_id_fc017a00; Type: INDEX; Schema: public; Owner: postgres
--

CREATE INDEX form_product_category_id_fc017a00 ON public.product USING btree (category_id);


--
-- Name: form_product_code_8767a447_like; Type: INDEX; Schema: public; Owner: postgres
--

CREATE INDEX form_product_code_8767a447_like ON public.product USING btree (code varchar_pattern_ops);


--
-- Name: form_product_unit_id_6f504c23; Type: INDEX; Schema: public; Owner: postgres
--

CREATE INDEX form_product_unit_id_6f504c23 ON public.product USING btree (unit_id);


--
-- Name: form_productcategory_code_fea927df_like; Type: INDEX; Schema: public; Owner: postgres
--

CREATE INDEX form_productcategory_code_fea927df_like ON public.product_category USING btree (code varchar_pattern_ops);


--
-- Name: form_productcategory_name_d050e50d_like; Type: INDEX; Schema: public; Owner: postgres
--

CREATE INDEX form_productcategory_name_d050e50d_like ON public.product_category USING btree (name varchar_pattern_ops);


--
-- Name: form_productcategory_union_id_2f52df8b; Type: INDEX; Schema: public; Owner: postgres
--

CREATE INDEX form_productcategory_union_id_2f52df8b ON public.product_category USING btree (union_id);


--
-- Name: form_tochkaproduct_hudud_id_51e95d0d; Type: INDEX; Schema: public; Owner: postgres
--

CREATE INDEX form_tochkaproduct_hudud_id_51e95d0d ON public.rasta_product USING btree (hudud_id);


--
-- Name: form_tochkaproduct_ntochka_id_21688ee7; Type: INDEX; Schema: public; Owner: postgres
--

CREATE INDEX form_tochkaproduct_ntochka_id_21688ee7 ON public.rasta_product USING btree (ntochka_id);


--
-- Name: form_tochkaproduct_product_id_c0346f8c; Type: INDEX; Schema: public; Owner: postgres
--

CREATE INDEX form_tochkaproduct_product_id_c0346f8c ON public.rasta_product USING btree (product_id);


--
-- Name: form_tochkaproducthistory_employee_id_4c3ba2e3; Type: INDEX; Schema: public; Owner: postgres
--

CREATE INDEX form_tochkaproducthistory_employee_id_4c3ba2e3 ON public.product_history USING btree (employee_id);


--
-- Name: form_tochkaproducthistory_period_id_fbbc12aa; Type: INDEX; Schema: public; Owner: postgres
--

CREATE INDEX form_tochkaproducthistory_period_id_fbbc12aa ON public.product_history USING btree (period_id);


--
-- Name: home_district_region_id_9e2a5666; Type: INDEX; Schema: public; Owner: postgres
--

CREATE INDEX home_district_region_id_9e2a5666 ON public.district USING btree (region_id);


--
-- Name: home_employee_district_id_9e4bf6a5; Type: INDEX; Schema: public; Owner: postgres
--

CREATE INDEX home_employee_district_id_9e4bf6a5 ON public.employee USING btree (district_id);


--
-- Name: home_employee_login_d41995aa_like; Type: INDEX; Schema: public; Owner: postgres
--

CREATE INDEX home_employee_login_d41995aa_like ON public.employee USING btree (login varchar_pattern_ops);


--
-- Name: home_ntochka_hudud_id_0f034282; Type: INDEX; Schema: public; Owner: postgres
--

CREATE INDEX home_ntochka_hudud_id_0f034282 ON public.rasta USING btree (hudud_id);


--
-- Name: home_period_name_fcc48afb_like; Type: INDEX; Schema: public; Owner: postgres
--

CREATE INDEX home_period_name_fcc48afb_like ON public.period USING btree (name varchar_pattern_ops);


--
-- Name: home_perioddate_period_id_13cc8025; Type: INDEX; Schema: public; Owner: postgres
--

CREATE INDEX home_perioddate_period_id_13cc8025 ON public.period_date USING btree (period_id);


--
-- Name: home_region_code_d13e128a_like; Type: INDEX; Schema: public; Owner: postgres
--

CREATE INDEX home_region_code_d13e128a_like ON public.region USING btree (code varchar_pattern_ops);


--
-- Name: home_region_name_bfb00966_like; Type: INDEX; Schema: public; Owner: postgres
--

CREATE INDEX home_region_name_bfb00966_like ON public.region USING btree (name varchar_pattern_ops);


--
-- Name: home_tochka_district_id_f6a7cce4; Type: INDEX; Schema: public; Owner: postgres
--

CREATE INDEX home_tochka_district_id_f6a7cce4 ON public.obyekt USING btree (district_id);


--
-- Name: home_tochka_employee_id_117ac46d; Type: INDEX; Schema: public; Owner: postgres
--

CREATE INDEX home_tochka_employee_id_117ac46d ON public.obyekt USING btree (employee_id);


--
-- Name: obyekt_code_35e1a235_like; Type: INDEX; Schema: public; Owner: postgres
--

CREATE INDEX obyekt_code_35e1a235_like ON public.obyekt USING btree (code varchar_pattern_ops);


--
-- Name: product_history_alternative_for_id_6f8ababa; Type: INDEX; Schema: public; Owner: postgres
--

CREATE INDEX product_history_alternative_for_id_6f8ababa ON public.product_history USING btree (alternative_for_id);


--
-- Name: product_history_hudud_id_411b8a57; Type: INDEX; Schema: public; Owner: postgres
--

CREATE INDEX product_history_hudud_id_411b8a57 ON public.product_history USING btree (hudud_id);


--
-- Name: product_history_ntochka_id_5e0a45bf; Type: INDEX; Schema: public; Owner: postgres
--

CREATE INDEX product_history_ntochka_id_5e0a45bf ON public.product_history USING btree (ntochka_id);


--
-- Name: product_history_product_id_7cc18908; Type: INDEX; Schema: public; Owner: postgres
--

CREATE INDEX product_history_product_id_7cc18908 ON public.product_history USING btree (product_id);


--
-- Name: product_history_tochka_product_id_a3d15378; Type: INDEX; Schema: public; Owner: postgres
--

CREATE INDEX product_history_tochka_product_id_a3d15378 ON public.product_history USING btree (tochka_product_id);


--
-- Name: rasta_code_d715ea47_like; Type: INDEX; Schema: public; Owner: postgres
--

CREATE INDEX rasta_code_d715ea47_like ON public.rasta USING btree (code varchar_pattern_ops);


--
-- Name: application application_checked_by_id_3d6f8645_fk_auth_user_id; Type: FK CONSTRAINT; Schema: public; Owner: postgres
--

ALTER TABLE ONLY public.application
    ADD CONSTRAINT application_checked_by_id_3d6f8645_fk_auth_user_id FOREIGN KEY (checked_by_id) REFERENCES public.auth_user(id) DEFERRABLE INITIALLY DEFERRED;


--
-- Name: application application_employee_id_50216fc4_fk_employee_id; Type: FK CONSTRAINT; Schema: public; Owner: postgres
--

ALTER TABLE ONLY public.application
    ADD CONSTRAINT application_employee_id_50216fc4_fk_employee_id FOREIGN KEY (employee_id) REFERENCES public.employee(id) DEFERRABLE INITIALLY DEFERRED;


--
-- Name: application application_ntochka_id_f23fc18f_fk_rasta_id; Type: FK CONSTRAINT; Schema: public; Owner: postgres
--

ALTER TABLE ONLY public.application
    ADD CONSTRAINT application_ntochka_id_f23fc18f_fk_rasta_id FOREIGN KEY (ntochka_id) REFERENCES public.rasta(id) DEFERRABLE INITIALLY DEFERRED;


--
-- Name: application_ntochkas application_ntochkas_application_id_0c1c8b96_fk_application_id; Type: FK CONSTRAINT; Schema: public; Owner: postgres
--

ALTER TABLE ONLY public.application_ntochkas
    ADD CONSTRAINT application_ntochkas_application_id_0c1c8b96_fk_application_id FOREIGN KEY (application_id) REFERENCES public.application(id) DEFERRABLE INITIALLY DEFERRED;


--
-- Name: application_ntochkas application_ntochkas_ntochka_id_5e8e9d77_fk_rasta_id; Type: FK CONSTRAINT; Schema: public; Owner: postgres
--

ALTER TABLE ONLY public.application_ntochkas
    ADD CONSTRAINT application_ntochkas_ntochka_id_5e8e9d77_fk_rasta_id FOREIGN KEY (ntochka_id) REFERENCES public.rasta(id) DEFERRABLE INITIALLY DEFERRED;


--
-- Name: application application_period_id_fb40e492_fk_period_date_id; Type: FK CONSTRAINT; Schema: public; Owner: postgres
--

ALTER TABLE ONLY public.application
    ADD CONSTRAINT application_period_id_fb40e492_fk_period_date_id FOREIGN KEY (period_id) REFERENCES public.period_date(id) DEFERRABLE INITIALLY DEFERRED;


--
-- Name: application application_tochka_id_268e6bf2_fk_obyekt_id; Type: FK CONSTRAINT; Schema: public; Owner: postgres
--

ALTER TABLE ONLY public.application
    ADD CONSTRAINT application_tochka_id_268e6bf2_fk_obyekt_id FOREIGN KEY (tochka_id) REFERENCES public.obyekt(id) DEFERRABLE INITIALLY DEFERRED;


--
-- Name: application_tochkas application_tochkas_application_id_79c8d190_fk_application_id; Type: FK CONSTRAINT; Schema: public; Owner: postgres
--

ALTER TABLE ONLY public.application_tochkas
    ADD CONSTRAINT application_tochkas_application_id_79c8d190_fk_application_id FOREIGN KEY (application_id) REFERENCES public.application(id) DEFERRABLE INITIALLY DEFERRED;


--
-- Name: application_tochkas application_tochkas_tochka_id_b427ef31_fk_obyekt_id; Type: FK CONSTRAINT; Schema: public; Owner: postgres
--

ALTER TABLE ONLY public.application_tochkas
    ADD CONSTRAINT application_tochkas_tochka_id_b427ef31_fk_obyekt_id FOREIGN KEY (tochka_id) REFERENCES public.obyekt(id) DEFERRABLE INITIALLY DEFERRED;


--
-- Name: auth_group_permissions auth_group_permissio_permission_id_84c5c92e_fk_auth_perm; Type: FK CONSTRAINT; Schema: public; Owner: postgres
--

ALTER TABLE ONLY public.auth_group_permissions
    ADD CONSTRAINT auth_group_permissio_permission_id_84c5c92e_fk_auth_perm FOREIGN KEY (permission_id) REFERENCES public.auth_permission(id) DEFERRABLE INITIALLY DEFERRED;


--
-- Name: auth_group_permissions auth_group_permissions_group_id_b120cbf9_fk_auth_group_id; Type: FK CONSTRAINT; Schema: public; Owner: postgres
--

ALTER TABLE ONLY public.auth_group_permissions
    ADD CONSTRAINT auth_group_permissions_group_id_b120cbf9_fk_auth_group_id FOREIGN KEY (group_id) REFERENCES public.auth_group(id) DEFERRABLE INITIALLY DEFERRED;


--
-- Name: auth_permission auth_permission_content_type_id_2f476e4b_fk_django_co; Type: FK CONSTRAINT; Schema: public; Owner: postgres
--

ALTER TABLE ONLY public.auth_permission
    ADD CONSTRAINT auth_permission_content_type_id_2f476e4b_fk_django_co FOREIGN KEY (content_type_id) REFERENCES public.django_content_type(id) DEFERRABLE INITIALLY DEFERRED;


--
-- Name: auth_user_groups auth_user_groups_group_id_97559544_fk_auth_group_id; Type: FK CONSTRAINT; Schema: public; Owner: postgres
--

ALTER TABLE ONLY public.auth_user_groups
    ADD CONSTRAINT auth_user_groups_group_id_97559544_fk_auth_group_id FOREIGN KEY (group_id) REFERENCES public.auth_group(id) DEFERRABLE INITIALLY DEFERRED;


--
-- Name: auth_user_groups auth_user_groups_user_id_6a12ed8b_fk_auth_user_id; Type: FK CONSTRAINT; Schema: public; Owner: postgres
--

ALTER TABLE ONLY public.auth_user_groups
    ADD CONSTRAINT auth_user_groups_user_id_6a12ed8b_fk_auth_user_id FOREIGN KEY (user_id) REFERENCES public.auth_user(id) DEFERRABLE INITIALLY DEFERRED;


--
-- Name: auth_user_user_permissions auth_user_user_permi_permission_id_1fbb5f2c_fk_auth_perm; Type: FK CONSTRAINT; Schema: public; Owner: postgres
--

ALTER TABLE ONLY public.auth_user_user_permissions
    ADD CONSTRAINT auth_user_user_permi_permission_id_1fbb5f2c_fk_auth_perm FOREIGN KEY (permission_id) REFERENCES public.auth_permission(id) DEFERRABLE INITIALLY DEFERRED;


--
-- Name: auth_user_user_permissions auth_user_user_permissions_user_id_a95ead1b_fk_auth_user_id; Type: FK CONSTRAINT; Schema: public; Owner: postgres
--

ALTER TABLE ONLY public.auth_user_user_permissions
    ADD CONSTRAINT auth_user_user_permissions_user_id_a95ead1b_fk_auth_user_id FOREIGN KEY (user_id) REFERENCES public.auth_user(id) DEFERRABLE INITIALLY DEFERRED;


--
-- Name: django_admin_log django_admin_log_content_type_id_c4bce8eb_fk_django_co; Type: FK CONSTRAINT; Schema: public; Owner: postgres
--

ALTER TABLE ONLY public.django_admin_log
    ADD CONSTRAINT django_admin_log_content_type_id_c4bce8eb_fk_django_co FOREIGN KEY (content_type_id) REFERENCES public.django_content_type(id) DEFERRABLE INITIALLY DEFERRED;


--
-- Name: django_admin_log django_admin_log_user_id_c564eba6_fk_auth_user_id; Type: FK CONSTRAINT; Schema: public; Owner: postgres
--

ALTER TABLE ONLY public.django_admin_log
    ADD CONSTRAINT django_admin_log_user_id_c564eba6_fk_auth_user_id FOREIGN KEY (user_id) REFERENCES public.auth_user(id) DEFERRABLE INITIALLY DEFERRED;


--
-- Name: product form_product_category_id_fc017a00_fk_form_productcategory_id; Type: FK CONSTRAINT; Schema: public; Owner: postgres
--

ALTER TABLE ONLY public.product
    ADD CONSTRAINT form_product_category_id_fc017a00_fk_form_productcategory_id FOREIGN KEY (category_id) REFERENCES public.product_category(id) DEFERRABLE INITIALLY DEFERRED;


--
-- Name: product form_product_unit_id_6f504c23_fk_form_birlik_id; Type: FK CONSTRAINT; Schema: public; Owner: postgres
--

ALTER TABLE ONLY public.product
    ADD CONSTRAINT form_product_unit_id_6f504c23_fk_form_birlik_id FOREIGN KEY (unit_id) REFERENCES public.birlik(id) DEFERRABLE INITIALLY DEFERRED;


--
-- Name: product_category form_productcategory_union_id_2f52df8b_fk_form_birlik_id; Type: FK CONSTRAINT; Schema: public; Owner: postgres
--

ALTER TABLE ONLY public.product_category
    ADD CONSTRAINT form_productcategory_union_id_2f52df8b_fk_form_birlik_id FOREIGN KEY (union_id) REFERENCES public.birlik(id) DEFERRABLE INITIALLY DEFERRED;


--
-- Name: rasta_product form_tochkaproduct_hudud_id_51e95d0d_fk_obyekt_id; Type: FK CONSTRAINT; Schema: public; Owner: postgres
--

ALTER TABLE ONLY public.rasta_product
    ADD CONSTRAINT form_tochkaproduct_hudud_id_51e95d0d_fk_obyekt_id FOREIGN KEY (hudud_id) REFERENCES public.obyekt(id) DEFERRABLE INITIALLY DEFERRED;


--
-- Name: rasta_product form_tochkaproduct_ntochka_id_21688ee7_fk_rasta_id; Type: FK CONSTRAINT; Schema: public; Owner: postgres
--

ALTER TABLE ONLY public.rasta_product
    ADD CONSTRAINT form_tochkaproduct_ntochka_id_21688ee7_fk_rasta_id FOREIGN KEY (ntochka_id) REFERENCES public.rasta(id) DEFERRABLE INITIALLY DEFERRED;


--
-- Name: rasta_product form_tochkaproduct_product_id_c0346f8c_fk_form_product_id; Type: FK CONSTRAINT; Schema: public; Owner: postgres
--

ALTER TABLE ONLY public.rasta_product
    ADD CONSTRAINT form_tochkaproduct_product_id_c0346f8c_fk_form_product_id FOREIGN KEY (product_id) REFERENCES public.product(id) DEFERRABLE INITIALLY DEFERRED;


--
-- Name: product_history form_tochkaproducthistory_employee_id_4c3ba2e3_fk_employee_id; Type: FK CONSTRAINT; Schema: public; Owner: postgres
--

ALTER TABLE ONLY public.product_history
    ADD CONSTRAINT form_tochkaproducthistory_employee_id_4c3ba2e3_fk_employee_id FOREIGN KEY (employee_id) REFERENCES public.employee(id) DEFERRABLE INITIALLY DEFERRED;


--
-- Name: product_history form_tochkaproducthistory_period_id_fbbc12aa_fk_period_date_id; Type: FK CONSTRAINT; Schema: public; Owner: postgres
--

ALTER TABLE ONLY public.product_history
    ADD CONSTRAINT form_tochkaproducthistory_period_id_fbbc12aa_fk_period_date_id FOREIGN KEY (period_id) REFERENCES public.period_date(id) DEFERRABLE INITIALLY DEFERRED;


--
-- Name: district home_district_region_id_9e2a5666_fk_home_region_id; Type: FK CONSTRAINT; Schema: public; Owner: postgres
--

ALTER TABLE ONLY public.district
    ADD CONSTRAINT home_district_region_id_9e2a5666_fk_home_region_id FOREIGN KEY (region_id) REFERENCES public.region(id) DEFERRABLE INITIALLY DEFERRED;


--
-- Name: employee home_employee_district_id_9e4bf6a5_fk_home_district_id; Type: FK CONSTRAINT; Schema: public; Owner: postgres
--

ALTER TABLE ONLY public.employee
    ADD CONSTRAINT home_employee_district_id_9e4bf6a5_fk_home_district_id FOREIGN KEY (district_id) REFERENCES public.district(id) DEFERRABLE INITIALLY DEFERRED;


--
-- Name: rasta home_ntochka_hudud_id_0f034282_fk_home_tochka_id; Type: FK CONSTRAINT; Schema: public; Owner: postgres
--

ALTER TABLE ONLY public.rasta
    ADD CONSTRAINT home_ntochka_hudud_id_0f034282_fk_home_tochka_id FOREIGN KEY (hudud_id) REFERENCES public.obyekt(id) DEFERRABLE INITIALLY DEFERRED;


--
-- Name: period_date home_perioddate_period_id_13cc8025_fk_home_period_id; Type: FK CONSTRAINT; Schema: public; Owner: postgres
--

ALTER TABLE ONLY public.period_date
    ADD CONSTRAINT home_perioddate_period_id_13cc8025_fk_home_period_id FOREIGN KEY (period_id) REFERENCES public.period(id) DEFERRABLE INITIALLY DEFERRED;


--
-- Name: obyekt home_tochka_district_id_f6a7cce4_fk_home_district_id; Type: FK CONSTRAINT; Schema: public; Owner: postgres
--

ALTER TABLE ONLY public.obyekt
    ADD CONSTRAINT home_tochka_district_id_f6a7cce4_fk_home_district_id FOREIGN KEY (district_id) REFERENCES public.district(id) DEFERRABLE INITIALLY DEFERRED;


--
-- Name: obyekt home_tochka_employee_id_117ac46d_fk_home_employee_id; Type: FK CONSTRAINT; Schema: public; Owner: postgres
--

ALTER TABLE ONLY public.obyekt
    ADD CONSTRAINT home_tochka_employee_id_117ac46d_fk_home_employee_id FOREIGN KEY (employee_id) REFERENCES public.employee(id) DEFERRABLE INITIALLY DEFERRED;


--
-- Name: product_history product_history_alternative_for_id_6f8ababa_fk_rasta_product_id; Type: FK CONSTRAINT; Schema: public; Owner: postgres
--

ALTER TABLE ONLY public.product_history
    ADD CONSTRAINT product_history_alternative_for_id_6f8ababa_fk_rasta_product_id FOREIGN KEY (alternative_for_id) REFERENCES public.rasta_product(id) DEFERRABLE INITIALLY DEFERRED;


--
-- Name: product_history product_history_hudud_id_411b8a57_fk_obyekt_id; Type: FK CONSTRAINT; Schema: public; Owner: postgres
--

ALTER TABLE ONLY public.product_history
    ADD CONSTRAINT product_history_hudud_id_411b8a57_fk_obyekt_id FOREIGN KEY (hudud_id) REFERENCES public.obyekt(id) DEFERRABLE INITIALLY DEFERRED;


--
-- Name: product_history product_history_ntochka_id_5e0a45bf_fk_rasta_id; Type: FK CONSTRAINT; Schema: public; Owner: postgres
--

ALTER TABLE ONLY public.product_history
    ADD CONSTRAINT product_history_ntochka_id_5e0a45bf_fk_rasta_id FOREIGN KEY (ntochka_id) REFERENCES public.rasta(id) DEFERRABLE INITIALLY DEFERRED;


--
-- Name: product_history product_history_product_id_7cc18908_fk_product_id; Type: FK CONSTRAINT; Schema: public; Owner: postgres
--

ALTER TABLE ONLY public.product_history
    ADD CONSTRAINT product_history_product_id_7cc18908_fk_product_id FOREIGN KEY (product_id) REFERENCES public.product(id) DEFERRABLE INITIALLY DEFERRED;


--
-- Name: product_history product_history_tochka_product_id_a3d15378_fk_rasta_product_id; Type: FK CONSTRAINT; Schema: public; Owner: postgres
--

ALTER TABLE ONLY public.product_history
    ADD CONSTRAINT product_history_tochka_product_id_a3d15378_fk_rasta_product_id FOREIGN KEY (tochka_product_id) REFERENCES public.rasta_product(id) DEFERRABLE INITIALLY DEFERRED;


--
-- PostgreSQL database dump complete
--

